# Blender 5.1.1
# www.blender.org
mtllib ubb_logo.mtl
o Cylinder
v 0.000000 -0.200000 -0.700000
v 0.000000 0.200000 -0.700000
v 0.136563 -0.200000 -0.686550
v 0.136563 0.200000 -0.686550
v 0.267878 -0.200000 -0.646716
v 0.267878 0.200000 -0.646716
v 0.388899 -0.200000 -0.582029
v 0.388899 0.200000 -0.582029
v 0.494975 -0.200000 -0.494975
v 0.494975 0.200000 -0.494975
v 0.582029 -0.200000 -0.388899
v 0.582029 0.200000 -0.388899
v 0.646716 -0.200000 -0.267878
v 0.646716 0.200000 -0.267878
v 0.686550 -0.200000 -0.136563
v 0.686550 0.200000 -0.136563
v 0.700000 -0.200000 0.000000
v 0.700000 0.200000 0.000000
v 0.686550 -0.200000 0.136563
v 0.686550 0.200000 0.136563
v 0.646716 -0.200000 0.267878
v 0.646716 0.200000 0.267878
v 0.582029 -0.200000 0.388899
v 0.582029 0.200000 0.388899
v 0.494975 -0.200000 0.494975
v 0.494975 0.200000 0.494975
v 0.388899 -0.200000 0.582029
v 0.388899 0.200000 0.582029
v 0.267878 -0.200000 0.646716
v 0.267878 0.200000 0.646716
v 0.136563 -0.200000 0.686550
v 0.136563 0.200000 0.686550
v 0.000000 -0.200000 0.700000
v 0.000000 0.200000 0.700000
v -0.136563 -0.200000 0.686550
v -0.136563 0.200000 0.686550
v -0.267878 -0.200000 0.646716
v -0.267878 0.200000 0.646716
v -0.388899 -0.200000 0.582029
v -0.388899 0.200000 0.582029
v -0.494975 -0.200000 0.494975
v -0.494975 0.200000 0.494975
v -0.582029 -0.200000 0.388899
v -0.582029 0.200000 0.388899
v -0.646716 -0.200000 0.267878
v -0.646716 0.200000 0.267878
v -0.686550 -0.200000 0.136563
v -0.686550 0.200000 0.136563
v -0.700000 -0.200000 0.000000
v -0.700000 0.200000 0.000000
v -0.686550 -0.200000 -0.136563
v -0.686550 0.200000 -0.136563
v -0.646716 -0.200000 -0.267878
v -0.646716 0.200000 -0.267878
v -0.582029 -0.200000 -0.388899
v -0.582029 0.200000 -0.388899
v -0.494975 -0.200000 -0.494975
v -0.494975 0.200000 -0.494975
v -0.388899 -0.200000 -0.582029
v -0.388899 0.200000 -0.582029
v -0.267878 -0.200000 -0.646716
v -0.267878 0.200000 -0.646716
v -0.136563 -0.200000 -0.686550
v -0.136563 0.200000 -0.686550
vn 0.0980 -0.0000 -0.9952
vn 0.2903 -0.0000 -0.9569
vn 0.4714 -0.0000 -0.8819
vn 0.6344 -0.0000 -0.7730
vn 0.7730 -0.0000 -0.6344
vn 0.8819 -0.0000 -0.4714
vn 0.9569 -0.0000 -0.2903
vn 0.9952 -0.0000 -0.0980
vn 0.9952 -0.0000 0.0980
vn 0.9569 -0.0000 0.2903
vn 0.8819 -0.0000 0.4714
vn 0.7730 -0.0000 0.6344
vn 0.6344 -0.0000 0.7730
vn 0.4714 -0.0000 0.8819
vn 0.2903 -0.0000 0.9569
vn 0.0980 -0.0000 0.9952
vn -0.0980 -0.0000 0.9952
vn -0.2903 -0.0000 0.9569
vn -0.4714 -0.0000 0.8819
vn -0.6344 -0.0000 0.7730
vn -0.7730 -0.0000 0.6344
vn -0.8819 -0.0000 0.4714
vn -0.9569 -0.0000 0.2903
vn -0.9952 -0.0000 0.0980
vn -0.9952 -0.0000 -0.0980
vn -0.9569 -0.0000 -0.2903
vn -0.8819 -0.0000 -0.4714
vn -0.7730 -0.0000 -0.6344
vn -0.6344 -0.0000 -0.7730
vn -0.4714 -0.0000 -0.8819
vn -0.0000 1.0000 -0.0000
vn -0.2903 -0.0000 -0.9569
vn -0.0980 -0.0000 -0.9952
vn -0.0000 -1.0000 -0.0000
vt 0.941233 0.441543
vt 0.941261 0.941543
vt 0.910011 0.941545
vt 0.909983 0.441545
vt 0.878761 0.941547
vt 0.878733 0.441547
vt 0.847511 0.941548
vt 0.847483 0.441548
vt 0.816261 0.941550
vt 0.816233 0.441550
vt 0.785011 0.941552
vt 0.784983 0.441552
vt 0.753761 0.941554
vt 0.753733 0.441554
vt 0.722511 0.941555
vt 0.722483 0.441555
vt 0.691261 0.941557
vt 0.691233 0.441557
vt 0.660011 0.941559
vt 0.659983 0.441559
vt 0.628761 0.941561
vt 0.628733 0.441561
vt 0.597511 0.941562
vt 0.597483 0.441562
vt 0.566261 0.941564
vt 0.566233 0.441564
vt 0.535011 0.941566
vt 0.534983 0.441566
vt 0.503761 0.941568
vt 0.503733 0.441568
vt 0.472511 0.941570
vt 0.472483 0.441570
vt 0.441261 0.941571
vt 0.441233 0.441571
vt 0.410011 0.941573
vt 0.409983 0.441573
vt 0.378761 0.941575
vt 0.378733 0.441575
vt 0.347511 0.941577
vt 0.347483 0.441577
vt 0.316261 0.941578
vt 0.316233 0.441578
vt 0.285011 0.941580
vt 0.284983 0.441580
vt 0.253761 0.941582
vt 0.253733 0.441582
vt 0.222511 0.941584
vt 0.222483 0.441584
vt 0.191261 0.941585
vt 0.191233 0.441585
vt 0.160011 0.941587
vt 0.159983 0.441587
vt 0.128761 0.941589
vt 0.128733 0.441589
vt 0.097511 0.941591
vt 0.097483 0.441591
vt 0.066261 0.941592
vt 0.066233 0.441593
vt 0.035011 0.941594
vt 0.034983 0.441594
vt 0.003761 0.941596
vt 0.003733 0.441596
vt 0.597545 0.990393
vt 0.500000 1.000000
vt 0.402455 0.990393
vt 0.308658 0.961940
vt 0.222215 0.915735
vt 0.146446 0.853553
vt 0.084265 0.777785
vt 0.038060 0.691342
vt 0.009607 0.597545
vt 0.000000 0.500000
vt 0.009607 0.402455
vt 0.038060 0.308658
vt 0.084265 0.222215
vt 0.146446 0.146447
vt 0.222215 0.084265
vt 0.308658 0.038060
vt 0.402455 0.009607
vt 0.500000 0.000000
vt 0.597545 0.009607
vt 0.691342 0.038060
vt 0.777785 0.084265
vt 0.853553 0.146447
vt 0.915735 0.222215
vt 0.961939 0.308658
vt 0.990393 0.402455
vt 1.000000 0.500000
vt 0.990393 0.597545
vt 0.961939 0.691342
vt 0.915735 0.777785
vt 0.853553 0.853553
vt 0.777785 0.915735
vt 0.691342 0.961940
vt -0.027489 0.941598
vt -0.027517 0.441598
vt -0.058739 0.941600
vt -0.058767 0.441599
vt 0.361206 0.431576
vt 0.408027 0.426962
vt 0.453049 0.413302
vt 0.494540 0.391121
vt 0.530908 0.361272
vt 0.560753 0.324901
vt 0.582929 0.283407
vt 0.596583 0.238384
vt 0.601192 0.191562
vt 0.596578 0.144741
vt 0.582918 0.099719
vt 0.560737 0.058228
vt 0.530888 0.021861
vt 0.494518 -0.007984
vt 0.453024 -0.030160
vt 0.408001 -0.043815
vt 0.361179 -0.048424
vt 0.314357 -0.043810
vt 0.269336 -0.030150
vt 0.227844 -0.007969
vt 0.191477 0.021880
vt 0.161632 0.058250
vt 0.139456 0.099744
vt 0.125801 0.144767
vt 0.121192 0.191589
vt 0.125807 0.238411
vt 0.139466 0.283432
vt 0.161647 0.324924
vt 0.191496 0.361291
vt 0.227867 0.391136
vt 0.269361 0.413312
vt 0.314384 0.426967
s 0
usemtl Material.001
f 1/1/1 2/2/1 4/3/1 3/4/1
f 3/4/2 4/3/2 6/5/2 5/6/2
f 5/6/3 6/5/3 8/7/3 7/8/3
f 7/8/4 8/7/4 10/9/4 9/10/4
f 9/10/5 10/9/5 12/11/5 11/12/5
f 11/12/6 12/11/6 14/13/6 13/14/6
f 13/14/7 14/13/7 16/15/7 15/16/7
f 15/16/8 16/15/8 18/17/8 17/18/8
f 17/18/9 18/17/9 20/19/9 19/20/9
f 19/20/10 20/19/10 22/21/10 21/22/10
f 21/22/11 22/21/11 24/23/11 23/24/11
f 23/24/12 24/23/12 26/25/12 25/26/12
f 25/26/13 26/25/13 28/27/13 27/28/13
f 27/28/14 28/27/14 30/29/14 29/30/14
f 29/30/15 30/29/15 32/31/15 31/32/15
f 31/32/16 32/31/16 34/33/16 33/34/16
f 33/34/17 34/33/17 36/35/17 35/36/17
f 35/36/18 36/35/18 38/37/18 37/38/18
f 37/38/19 38/37/19 40/39/19 39/40/19
f 39/40/20 40/39/20 42/41/20 41/42/20
f 41/42/21 42/41/21 44/43/21 43/44/21
f 43/44/22 44/43/22 46/45/22 45/46/22
f 45/46/23 46/45/23 48/47/23 47/48/23
f 47/48/24 48/47/24 50/49/24 49/50/24
f 49/50/25 50/49/25 52/51/25 51/52/25
f 51/52/26 52/51/26 54/53/26 53/54/26
f 53/54/27 54/53/27 56/55/27 55/56/27
f 55/56/28 56/55/28 58/57/28 57/58/28
f 57/58/29 58/57/29 60/59/29 59/60/29
f 59/60/30 60/59/30 62/61/30 61/62/30
f 61/62/32 62/61/32 64/95/32 63/96/32
f 63/96/33 64/95/33 2/97/33 1/98/33
f 1/99/34 3/100/34 5/101/34 7/102/34 9/103/34 11/104/34 13/105/34 15/106/34 17/107/34 19/108/34 21/109/34 23/110/34 25/111/34 27/112/34 29/113/34 31/114/34 33/115/34 35/116/34 37/117/34 39/118/34 41/119/34 43/120/34 45/121/34 47/122/34 49/123/34 51/124/34 53/125/34 55/126/34 57/127/34 59/128/34 61/129/34 63/130/34
usemtl Material.004
f 4/63/31 2/64/31 64/65/31 62/66/31 60/67/31 58/68/31 56/69/31 54/70/31 52/71/31 50/72/31 48/73/31 46/74/31 44/75/31 42/76/31 40/77/31 38/78/31 36/79/31 34/80/31 32/81/31 30/82/31 28/83/31 26/84/31 24/85/31 22/86/31 20/87/31 18/88/31 16/89/31 14/90/31 12/91/31 10/92/31 8/93/31 6/94/31
o Text
v 2.554785 0.200000 0.415728
v 2.554785 0.200000 -0.410187
v 2.884926 0.200000 -0.410187
v 2.900918 0.200000 -0.410130
v 2.916217 0.200000 -0.409960
v 2.930824 0.200000 -0.409677
v 2.944738 0.200000 -0.409279
v 2.957960 0.200000 -0.408769
v 2.970489 0.200000 -0.408145
v 2.982326 0.200000 -0.407407
v 2.993471 0.200000 -0.406556
v 3.003922 0.200000 -0.405592
v 3.013682 0.200000 -0.404514
v 3.022748 0.200000 -0.403323
v 3.031123 0.200000 -0.402018
v 3.039081 0.200000 -0.400533
v 3.046898 0.200000 -0.398802
v 3.054574 0.200000 -0.396825
v 3.062109 0.200000 -0.394600
v 3.069503 0.200000 -0.392130
v 3.076757 0.200000 -0.389413
v 3.083869 0.200000 -0.386449
v 3.090842 0.200000 -0.383239
v 3.097672 0.200000 -0.379782
v 3.104363 0.200000 -0.376079
v 3.110912 0.200000 -0.372130
v 3.117321 0.200000 -0.367934
v 3.123570 0.200000 -0.363495
v 3.129644 0.200000 -0.358818
v 3.135542 0.200000 -0.353902
v 3.141264 0.200000 -0.348747
v 3.146810 0.200000 -0.343354
v 3.152180 0.200000 -0.337722
v 3.157373 0.200000 -0.331852
v 3.162391 0.200000 -0.325743
v 3.167233 0.200000 -0.319395
v 3.171898 0.200000 -0.312809
v 3.176388 0.200000 -0.305983
v 3.180701 0.200000 -0.298920
v 3.184750 0.200000 -0.291664
v 3.188447 0.200000 -0.284264
v 3.191792 0.200000 -0.276719
v 3.194785 0.200000 -0.269029
v 3.197426 0.200000 -0.261195
v 3.199715 0.200000 -0.253215
v 3.201652 0.200000 -0.245091
v 3.203236 0.200000 -0.236823
v 3.204468 0.200000 -0.228409
v 3.205348 0.200000 -0.219851
v 3.205877 0.200000 -0.211148
v 3.206053 0.200000 -0.202300
v 3.205836 0.200000 -0.192695
v 3.205184 0.200000 -0.183223
v 3.204099 0.200000 -0.173884
v 3.202579 0.200000 -0.164679
v 3.200624 0.200000 -0.155606
v 3.198236 0.200000 -0.146666
v 3.195413 0.200000 -0.137859
v 3.192156 0.200000 -0.129186
v 3.188465 0.200000 -0.120645
v 3.184339 0.200000 -0.112237
v 3.179780 0.200000 -0.103963
v 3.174785 0.200000 -0.095821
v 3.169419 0.200000 -0.087914
v 3.163744 0.200000 -0.080344
v 3.157761 0.200000 -0.073110
v 3.151467 0.200000 -0.066212
v 3.144866 0.200000 -0.059651
v 3.137954 0.200000 -0.053427
v 3.130734 0.200000 -0.047539
v 3.123204 0.200000 -0.041987
v 3.115366 0.200000 -0.036772
v 3.107218 0.200000 -0.031893
v 3.098762 0.200000 -0.027351
v 3.089996 0.200000 -0.023145
v 3.102336 0.200000 -0.019268
v 3.114191 0.200000 -0.014960
v 3.125560 0.200000 -0.010222
v 3.136444 0.200000 -0.005054
v 3.146843 0.200000 0.000544
v 3.156757 0.200000 0.006573
v 3.166186 0.200000 0.013033
v 3.175129 0.200000 0.019922
v 3.183588 0.200000 0.027242
v 3.191562 0.200000 0.034993
v 3.199050 0.200000 0.043173
v 3.206053 0.200000 0.051785
v 3.212532 0.200000 0.060740
v 3.218447 0.200000 0.069954
v 3.223799 0.200000 0.079425
v 3.228588 0.200000 0.089155
v 3.232813 0.200000 0.099144
v 3.236475 0.200000 0.109390
v 3.239574 0.200000 0.119895
v 3.242109 0.200000 0.130658
v 3.244081 0.200000 0.141679
v 3.245489 0.200000 0.152958
v 3.246335 0.200000 0.164496
v 3.246616 0.200000 0.176292
v 3.246434 0.200000 0.185660
v 3.245888 0.200000 0.194985
v 3.244979 0.200000 0.204267
v 3.243705 0.200000 0.213506
v 3.242068 0.200000 0.222702
v 3.240067 0.200000 0.231855
v 3.237702 0.200000 0.240965
v 3.234973 0.200000 0.250032
v 3.231880 0.200000 0.259056
v 3.228424 0.200000 0.268037
v 3.224603 0.200000 0.276974
v 3.220419 0.200000 0.285869
v 3.215919 0.200000 0.294594
v 3.211154 0.200000 0.303021
v 3.206123 0.200000 0.311151
v 3.200826 0.200000 0.318983
v 3.195262 0.200000 0.326519
v 3.189433 0.200000 0.333756
v 3.183338 0.200000 0.340697
v 3.176976 0.200000 0.347340
v 3.170349 0.200000 0.353686
v 3.163455 0.200000 0.359735
v 3.156295 0.200000 0.365486
v 3.148870 0.200000 0.370940
v 3.141164 0.200000 0.376074
v 3.133165 0.200000 0.380869
v 3.124873 0.200000 0.385323
v 3.116288 0.200000 0.389437
v 3.107409 0.200000 0.393211
v 3.098236 0.200000 0.396644
v 3.088770 0.200000 0.399736
v 3.079010 0.200000 0.402489
v 3.068958 0.200000 0.404901
v 3.058611 0.200000 0.406972
v 3.047972 0.200000 0.408704
v 3.037039 0.200000 0.410094
v 3.029273 0.200000 0.410822
v 3.019871 0.200000 0.411503
v 3.008834 0.200000 0.412137
v 2.996162 0.200000 0.412724
v 2.981854 0.200000 0.413263
v 2.965911 0.200000 0.413756
v 2.948333 0.200000 0.414202
v 2.929120 0.200000 0.414601
v 2.908270 0.200000 0.414954
v 2.885786 0.200000 0.415259
v 2.861666 0.200000 0.415517
v 2.835912 0.200000 0.415728
v 2.817320 0.200000 -0.272722
v 2.721546 0.200000 -0.272722
v 2.721546 0.200000 -0.081737
v 2.830842 0.200000 -0.081737
v 2.846573 0.200000 -0.081756
v 2.861279 0.200000 -0.081815
v 2.874961 0.200000 -0.081913
v 2.887618 0.200000 -0.082050
v 2.899249 0.200000 -0.082226
v 2.909855 0.200000 -0.082441
v 2.919437 0.200000 -0.082695
v 2.927993 0.200000 -0.082989
v 2.935524 0.200000 -0.083321
v 2.942031 0.200000 -0.083693
v 2.947512 0.200000 -0.084104
v 2.951968 0.200000 -0.084553
v 2.958977 0.200000 -0.085533
v 2.965732 0.200000 -0.086783
v 2.972232 0.200000 -0.088303
v 2.978478 0.200000 -0.090093
v 2.984470 0.200000 -0.092153
v 2.990208 0.200000 -0.094483
v 2.995691 0.200000 -0.097083
v 3.000920 0.200000 -0.099952
v 3.005894 0.200000 -0.103092
v 3.010614 0.200000 -0.106502
v 3.015080 0.200000 -0.110181
v 3.019292 0.200000 -0.114131
v 3.023206 0.200000 -0.118323
v 3.026781 0.200000 -0.122730
v 3.030014 0.200000 -0.127353
v 3.032907 0.200000 -0.132190
v 3.035460 0.200000 -0.137243
v 3.037673 0.200000 -0.142511
v 3.039545 0.200000 -0.147994
v 3.041076 0.200000 -0.153693
v 3.042267 0.200000 -0.159606
v 3.043118 0.200000 -0.165735
v 3.043629 0.200000 -0.172079
v 3.043799 0.200000 -0.178638
v 3.043653 0.200000 -0.184923
v 3.043212 0.200000 -0.191009
v 3.042479 0.200000 -0.196895
v 3.041452 0.200000 -0.202582
v 3.040131 0.200000 -0.208069
v 3.038517 0.200000 -0.213356
v 3.036610 0.200000 -0.218444
v 3.034410 0.200000 -0.223333
v 3.031915 0.200000 -0.228022
v 3.029128 0.200000 -0.232511
v 3.026047 0.200000 -0.236801
v 3.022672 0.200000 -0.240891
v 3.019009 0.200000 -0.244751
v 3.015059 0.200000 -0.248348
v 3.010824 0.200000 -0.251684
v 3.006303 0.200000 -0.254757
v 3.001497 0.200000 -0.257568
v 2.996405 0.200000 -0.260117
v 2.991027 0.200000 -0.262404
v 2.985364 0.200000 -0.264428
v 2.979415 0.200000 -0.266191
v 2.973181 0.200000 -0.267691
v 2.966661 0.200000 -0.268929
v 2.959856 0.200000 -0.269906
v 2.955079 0.200000 -0.270355
v 2.949010 0.200000 -0.270766
v 2.941651 0.200000 -0.271138
v 2.933001 0.200000 -0.271470
v 2.923060 0.200000 -0.271764
v 2.911828 0.200000 -0.272018
v 2.899304 0.200000 -0.272233
v 2.885489 0.200000 -0.272409
v 2.870384 0.200000 -0.272546
v 2.853987 0.200000 -0.272644
v 2.836299 0.200000 -0.272703
v 2.856194 0.200000 0.055728
v 2.721546 0.200000 0.055728
v 2.721546 0.200000 0.276573
v 2.875912 0.200000 0.276573
v 2.890478 0.200000 0.276538
v 2.904128 0.200000 0.276432
v 2.916862 0.200000 0.276256
v 2.928682 0.200000 0.276010
v 2.939586 0.200000 0.275693
v 2.949574 0.200000 0.275306
v 2.958647 0.200000 0.274848
v 2.966804 0.200000 0.274320
v 2.974046 0.200000 0.273721
v 2.980372 0.200000 0.273052
v 2.985783 0.200000 0.272313
v 2.990278 0.200000 0.271503
v 2.996379 0.200000 0.270241
v 3.002289 0.200000 0.268709
v 3.008007 0.200000 0.266908
v 3.013533 0.200000 0.264836
v 3.018867 0.200000 0.262495
v 3.024010 0.200000 0.259883
v 3.028961 0.200000 0.257002
v 3.033720 0.200000 0.253850
v 3.038289 0.200000 0.250429
v 3.042665 0.200000 0.246738
v 3.046849 0.200000 0.242776
v 3.050841 0.200000 0.238545
v 3.054576 0.200000 0.234056
v 3.057985 0.200000 0.229320
v 3.061070 0.200000 0.224337
v 3.063830 0.200000 0.219109
v 3.066266 0.200000 0.213633
v 3.068377 0.200000 0.207911
v 3.070163 0.200000 0.201943
v 3.071624 0.200000 0.195728
v 3.072761 0.200000 0.189267
v 3.073572 0.200000 0.182559
v 3.074059 0.200000 0.175605
v 3.074222 0.200000 0.168404
v 3.074097 0.200000 0.162285
v 3.073721 0.200000 0.156323
v 3.073095 0.200000 0.150517
v 3.072218 0.200000 0.144868
v 3.071092 0.200000 0.139375
v 3.069715 0.200000 0.134038
v 3.068087 0.200000 0.128858
v 3.066209 0.200000 0.123835
v 3.064081 0.200000 0.118968
v 3.061702 0.200000 0.114257
v 3.059073 0.200000 0.109703
v 3.056193 0.200000 0.105306
v 3.053077 0.200000 0.101084
v 3.049738 0.200000 0.097058
v 3.046176 0.200000 0.093228
v 3.042391 0.200000 0.089594
v 3.038383 0.200000 0.086155
v 3.034151 0.200000 0.082911
v 3.029697 0.200000 0.079864
v 3.025020 0.200000 0.077011
v 3.020120 0.200000 0.074355
v 3.014997 0.200000 0.071894
v 3.009650 0.200000 0.069629
v 3.004081 0.200000 0.067559
v 2.997847 0.200000 0.065670
v 2.990505 0.200000 0.063944
v 2.982056 0.200000 0.062383
v 2.972500 0.200000 0.060986
v 2.961837 0.200000 0.059754
v 2.950067 0.200000 0.058686
v 2.937189 0.200000 0.057782
v 2.923204 0.200000 0.057043
v 2.908113 0.200000 0.056468
v 2.891913 0.200000 0.056057
v 2.874607 0.200000 0.055810
v 1.721546 0.200000 0.415728
v 1.721546 0.200000 -0.410187
v 2.051687 0.200000 -0.410187
v 2.067678 0.200000 -0.410130
v 2.082978 0.200000 -0.409960
v 2.097584 0.200000 -0.409677
v 2.111499 0.200000 -0.409279
v 2.124721 0.200000 -0.408769
v 2.137250 0.200000 -0.408145
v 2.149087 0.200000 -0.407407
v 2.160231 0.200000 -0.406556
v 2.170683 0.200000 -0.405592
v 2.180442 0.200000 -0.404514
v 2.189509 0.200000 -0.403323
v 2.197884 0.200000 -0.402018
v 2.205842 0.200000 -0.400533
v 2.213658 0.200000 -0.398802
v 2.221334 0.200000 -0.396825
v 2.228869 0.200000 -0.394600
v 2.236264 0.200000 -0.392130
v 2.243517 0.200000 -0.389413
v 2.250630 0.200000 -0.386449
v 2.257602 0.200000 -0.383239
v 2.264433 0.200000 -0.379782
v 2.271123 0.200000 -0.376079
v 2.277672 0.200000 -0.372130
v 2.284081 0.200000 -0.367934
v 2.290331 0.200000 -0.363495
v 2.296405 0.200000 -0.358818
v 2.302303 0.200000 -0.353902
v 2.308025 0.200000 -0.348747
v 2.313570 0.200000 -0.343354
v 2.318940 0.200000 -0.337722
v 2.324134 0.200000 -0.331852
v 2.329151 0.200000 -0.325743
v 2.333993 0.200000 -0.319395
v 2.338658 0.200000 -0.312809
v 2.343148 0.200000 -0.305983
v 2.347461 0.200000 -0.298920
v 2.351511 0.200000 -0.291664
v 2.355208 0.200000 -0.284264
v 2.358553 0.200000 -0.276719
v 2.361546 0.200000 -0.269029
v 2.364187 0.200000 -0.261195
v 2.366475 0.200000 -0.253215
v 2.368412 0.200000 -0.245091
v 2.369997 0.200000 -0.236823
v 2.371229 0.200000 -0.228409
v 2.372109 0.200000 -0.219851
v 2.372637 0.200000 -0.211148
v 2.372813 0.200000 -0.202300
v 2.372596 0.200000 -0.192695
v 2.371945 0.200000 -0.183223
v 2.370859 0.200000 -0.173884
v 2.369339 0.200000 -0.164679
v 2.367385 0.200000 -0.155606
v 2.364996 0.200000 -0.146666
v 2.362174 0.200000 -0.137859
v 2.358917 0.200000 -0.129186
v 2.355225 0.200000 -0.120645
v 2.351100 0.200000 -0.112237
v 2.346540 0.200000 -0.103963
v 2.341546 0.200000 -0.095821
v 2.336180 0.200000 -0.087914
v 2.330505 0.200000 -0.080344
v 2.324521 0.200000 -0.073110
v 2.318228 0.200000 -0.066212
v 2.311626 0.200000 -0.059651
v 2.304715 0.200000 -0.053427
v 2.297495 0.200000 -0.047539
v 2.289965 0.200000 -0.041987
v 2.282127 0.200000 -0.036772
v 2.273979 0.200000 -0.031893
v 2.265523 0.200000 -0.027351
v 2.256757 0.200000 -0.023145
v 2.269096 0.200000 -0.019268
v 2.280951 0.200000 -0.014960
v 2.292320 0.200000 -0.010222
v 2.303205 0.200000 -0.005054
v 2.313603 0.200000 0.000544
v 2.323517 0.200000 0.006573
v 2.332946 0.200000 0.013033
v 2.341890 0.200000 0.019922
v 2.350348 0.200000 0.027242
v 2.358322 0.200000 0.034993
v 2.365810 0.200000 0.043173
v 2.372813 0.200000 0.051785
v 2.379292 0.200000 0.060740
v 2.385208 0.200000 0.069954
v 2.390560 0.200000 0.079425
v 2.395349 0.200000 0.089155
v 2.399574 0.200000 0.099144
v 2.403236 0.200000 0.109390
v 2.406334 0.200000 0.119895
v 2.408870 0.200000 0.130658
v 2.410841 0.200000 0.141679
v 2.412250 0.200000 0.152958
v 2.413095 0.200000 0.164496
v 2.413377 0.200000 0.176292
v 2.413195 0.200000 0.185660
v 2.412649 0.200000 0.194985
v 2.411739 0.200000 0.204267
v 2.410466 0.200000 0.213506
v 2.408829 0.200000 0.222702
v 2.406827 0.200000 0.231855
v 2.404462 0.200000 0.240965
v 2.401733 0.200000 0.250032
v 2.398641 0.200000 0.259056
v 2.395184 0.200000 0.268037
v 2.391364 0.200000 0.276974
v 2.387179 0.200000 0.285869
v 2.382680 0.200000 0.294594
v 2.377915 0.200000 0.303021
v 2.372884 0.200000 0.311151
v 2.367586 0.200000 0.318983
v 2.362023 0.200000 0.326519
v 2.356194 0.200000 0.333756
v 2.350098 0.200000 0.340697
v 2.343737 0.200000 0.347340
v 2.337109 0.200000 0.353686
v 2.330215 0.200000 0.359735
v 2.323056 0.200000 0.365486
v 2.315630 0.200000 0.370940
v 2.307925 0.200000 0.376074
v 2.299926 0.200000 0.380869
v 2.291634 0.200000 0.385323
v 2.283048 0.200000 0.389437
v 2.274169 0.200000 0.393211
v 2.264997 0.200000 0.396644
v 2.255530 0.200000 0.399736
v 2.245771 0.200000 0.402489
v 2.235718 0.200000 0.404901
v 2.225372 0.200000 0.406972
v 2.214732 0.200000 0.408704
v 2.203799 0.200000 0.410094
v 2.196033 0.200000 0.410822
v 2.186632 0.200000 0.411503
v 2.175595 0.200000 0.412137
v 2.162923 0.200000 0.412724
v 2.148615 0.200000 0.413263
v 2.132672 0.200000 0.413756
v 2.115094 0.200000 0.414202
v 2.095881 0.200000 0.414601
v 2.075032 0.200000 0.414954
v 2.052547 0.200000 0.415259
v 2.028428 0.200000 0.415517
v 2.002672 0.200000 0.415728
v 1.984081 0.200000 -0.272722
v 1.888306 0.200000 -0.272722
v 1.888306 0.200000 -0.081737
v 1.997602 0.200000 -0.081737
v 2.013334 0.200000 -0.081756
v 2.028040 0.200000 -0.081815
v 2.041722 0.200000 -0.081913
v 2.054378 0.200000 -0.082050
v 2.066010 0.200000 -0.082226
v 2.076616 0.200000 -0.082441
v 2.086197 0.200000 -0.082695
v 2.094754 0.200000 -0.082989
v 2.102285 0.200000 -0.083321
v 2.108791 0.200000 -0.083693
v 2.114273 0.200000 -0.084104
v 2.118729 0.200000 -0.084553
v 2.125738 0.200000 -0.085533
v 2.132493 0.200000 -0.086783
v 2.138993 0.200000 -0.088303
v 2.145239 0.200000 -0.090093
v 2.151231 0.200000 -0.092153
v 2.156968 0.200000 -0.094483
v 2.162451 0.200000 -0.097083
v 2.167680 0.200000 -0.099952
v 2.172655 0.200000 -0.103092
v 2.177375 0.200000 -0.106502
v 2.181841 0.200000 -0.110181
v 2.186053 0.200000 -0.114131
v 2.189967 0.200000 -0.118323
v 2.193541 0.200000 -0.122730
v 2.196774 0.200000 -0.127353
v 2.199667 0.200000 -0.132190
v 2.202220 0.200000 -0.137243
v 2.204433 0.200000 -0.142511
v 2.206305 0.200000 -0.147994
v 2.207837 0.200000 -0.153693
v 2.209028 0.200000 -0.159606
v 2.209879 0.200000 -0.165735
v 2.210390 0.200000 -0.172079
v 2.210560 0.200000 -0.178638
v 2.210413 0.200000 -0.184923
v 2.209973 0.200000 -0.191009
v 2.209239 0.200000 -0.196895
v 2.208212 0.200000 -0.202582
v 2.206892 0.200000 -0.208069
v 2.205278 0.200000 -0.213356
v 2.203371 0.200000 -0.218444
v 2.201170 0.200000 -0.223333
v 2.198676 0.200000 -0.228022
v 2.195889 0.200000 -0.232511
v 2.192807 0.200000 -0.236801
v 2.189433 0.200000 -0.240891
v 2.185769 0.200000 -0.244751
v 2.181819 0.200000 -0.248348
v 2.177584 0.200000 -0.251684
v 2.173064 0.200000 -0.254757
v 2.168257 0.200000 -0.257568
v 2.163165 0.200000 -0.260117
v 2.157788 0.200000 -0.262404
v 2.152125 0.200000 -0.264428
v 2.146176 0.200000 -0.266191
v 2.139942 0.200000 -0.267691
v 2.133422 0.200000 -0.268929
v 2.126616 0.200000 -0.269906
v 2.121839 0.200000 -0.270355
v 2.115771 0.200000 -0.270766
v 2.108412 0.200000 -0.271138
v 2.099762 0.200000 -0.271470
v 2.089820 0.200000 -0.271764
v 2.078588 0.200000 -0.272018
v 2.066065 0.200000 -0.272233
v 2.052250 0.200000 -0.272409
v 2.037145 0.200000 -0.272546
v 2.020748 0.200000 -0.272644
v 2.003060 0.200000 -0.272703
v 2.022954 0.200000 0.055728
v 1.888306 0.200000 0.055728
v 1.888306 0.200000 0.276573
v 2.042672 0.200000 0.276573
v 2.057238 0.200000 0.276538
v 2.070889 0.200000 0.276432
v 2.083623 0.200000 0.276256
v 2.095442 0.200000 0.276010
v 2.106346 0.200000 0.275693
v 2.116334 0.200000 0.275306
v 2.125407 0.200000 0.274848
v 2.133564 0.200000 0.274320
v 2.140806 0.200000 0.273721
v 2.147133 0.200000 0.273052
v 2.152544 0.200000 0.272313
v 2.157039 0.200000 0.271503
v 2.163140 0.200000 0.270241
v 2.169050 0.200000 0.268709
v 2.174767 0.200000 0.266908
v 2.180294 0.200000 0.264836
v 2.185628 0.200000 0.262495
v 2.190771 0.200000 0.259883
v 2.195722 0.200000 0.257002
v 2.200481 0.200000 0.253850
v 2.205049 0.200000 0.250429
v 2.209425 0.200000 0.246738
v 2.213609 0.200000 0.242776
v 2.217602 0.200000 0.238545
v 2.221336 0.200000 0.234056
v 2.224746 0.200000 0.229320
v 2.227831 0.200000 0.224337
v 2.230591 0.200000 0.219109
v 2.233027 0.200000 0.213633
v 2.235137 0.200000 0.207911
v 2.236923 0.200000 0.201943
v 2.238384 0.200000 0.195728
v 2.239521 0.200000 0.189267
v 2.240333 0.200000 0.182559
v 2.240820 0.200000 0.175605
v 2.240982 0.200000 0.168404
v 2.240857 0.200000 0.162285
v 2.240481 0.200000 0.156323
v 2.239856 0.200000 0.150517
v 2.238979 0.200000 0.144868
v 2.237853 0.200000 0.139375
v 2.236475 0.200000 0.134038
v 2.234848 0.200000 0.128858
v 2.232970 0.200000 0.123835
v 2.230841 0.200000 0.118968
v 2.228463 0.200000 0.114257
v 2.225833 0.200000 0.109703
v 2.222954 0.200000 0.105306
v 2.219838 0.200000 0.101084
v 2.216499 0.200000 0.097058
v 2.212936 0.200000 0.093228
v 2.209151 0.200000 0.089594
v 2.205143 0.200000 0.086155
v 2.200912 0.200000 0.082911
v 2.196457 0.200000 0.079864
v 2.191780 0.200000 0.077011
v 2.186880 0.200000 0.074355
v 2.181757 0.200000 0.071894
v 2.176411 0.200000 0.069629
v 2.170841 0.200000 0.067559
v 2.164607 0.200000 0.065670
v 2.157266 0.200000 0.063944
v 2.148817 0.200000 0.062383
v 2.139261 0.200000 0.060986
v 2.128598 0.200000 0.059754
v 2.116827 0.200000 0.058686
v 2.103950 0.200000 0.057782
v 2.089965 0.200000 0.057043
v 2.074873 0.200000 0.056468
v 2.058674 0.200000 0.056057
v 2.041368 0.200000 0.055810
v 0.886616 0.200000 0.030376
v 0.886616 0.200000 -0.410187
v 1.053377 0.200000 -0.410187
v 1.053377 0.200000 0.037137
v 1.053420 0.200000 0.054363
v 1.053549 0.200000 0.070548
v 1.053764 0.200000 0.085693
v 1.054065 0.200000 0.099797
v 1.054453 0.200000 0.112861
v 1.054926 0.200000 0.124883
v 1.055485 0.200000 0.135865
v 1.056131 0.200000 0.145806
v 1.056863 0.200000 0.154707
v 1.057680 0.200000 0.162567
v 1.058584 0.200000 0.169386
v 1.059574 0.200000 0.175165
v 1.061563 0.200000 0.183477
v 1.063964 0.200000 0.191511
v 1.066775 0.200000 0.199267
v 1.069996 0.200000 0.206745
v 1.073629 0.200000 0.213946
v 1.077672 0.200000 0.220869
v 1.082127 0.200000 0.227514
v 1.086992 0.200000 0.233882
v 1.092268 0.200000 0.239971
v 1.097954 0.200000 0.245783
v 1.104052 0.200000 0.251317
v 1.110560 0.200000 0.256573
v 1.117479 0.200000 0.261477
v 1.124809 0.200000 0.265955
v 1.132549 0.200000 0.270006
v 1.140701 0.200000 0.273631
v 1.149263 0.200000 0.276830
v 1.158236 0.200000 0.279602
v 1.167620 0.200000 0.281947
v 1.177414 0.200000 0.283866
v 1.187620 0.200000 0.285359
v 1.198236 0.200000 0.286425
v 1.209263 0.200000 0.287064
v 1.220701 0.200000 0.287278
v 1.232289 0.200000 0.287076
v 1.243392 0.200000 0.286472
v 1.254011 0.200000 0.285464
v 1.264144 0.200000 0.284054
v 1.273792 0.200000 0.282240
v 1.282954 0.200000 0.280024
v 1.291632 0.200000 0.277405
v 1.299824 0.200000 0.274382
v 1.307532 0.200000 0.270957
v 1.314754 0.200000 0.267129
v 1.321491 0.200000 0.262898
v 1.327743 0.200000 0.258263
v 1.333553 0.200000 0.253336
v 1.338964 0.200000 0.248224
v 1.343975 0.200000 0.242929
v 1.348588 0.200000 0.237450
v 1.352802 0.200000 0.231787
v 1.356616 0.200000 0.225940
v 1.360032 0.200000 0.219909
v 1.363048 0.200000 0.213694
v 1.365665 0.200000 0.207295
v 1.367884 0.200000 0.200713
v 1.369703 0.200000 0.193946
v 1.371123 0.200000 0.186996
v 1.372293 0.200000 0.179566
v 1.373361 0.200000 0.171362
v 1.374327 0.200000 0.162383
v 1.375192 0.200000 0.152630
v 1.375955 0.200000 0.142101
v 1.376616 0.200000 0.130799
v 1.377176 0.200000 0.118721
v 1.377633 0.200000 0.105869
v 1.377989 0.200000 0.092242
v 1.378244 0.200000 0.077841
v 1.378396 0.200000 0.062665
v 1.378447 0.200000 0.046714
v 1.378447 0.200000 -0.410187
v 1.545208 0.200000 -0.410187
v 1.545208 0.200000 0.023616
v 1.545114 0.200000 0.047798
v 1.544832 0.200000 0.070767
v 1.544363 0.200000 0.092524
v 1.543705 0.200000 0.113068
v 1.542860 0.200000 0.132399
v 1.541827 0.200000 0.150517
v 1.540607 0.200000 0.167422
v 1.539198 0.200000 0.183115
v 1.537602 0.200000 0.197594
v 1.535818 0.200000 0.210861
v 1.533846 0.200000 0.222915
v 1.531687 0.200000 0.233756
v 1.529275 0.200000 0.243858
v 1.526546 0.200000 0.253694
v 1.523500 0.200000 0.263263
v 1.520137 0.200000 0.272567
v 1.516458 0.200000 0.281605
v 1.512461 0.200000 0.290376
v 1.508148 0.200000 0.298882
v 1.503518 0.200000 0.307121
v 1.498570 0.200000 0.315094
v 1.493306 0.200000 0.322802
v 1.487725 0.200000 0.330243
v 1.481827 0.200000 0.337418
v 1.475601 0.200000 0.344341
v 1.469034 0.200000 0.351026
v 1.462127 0.200000 0.357471
v 1.454879 0.200000 0.363678
v 1.447291 0.200000 0.369646
v 1.439363 0.200000 0.375376
v 1.431094 0.200000 0.380867
v 1.422485 0.200000 0.386119
v 1.413535 0.200000 0.391133
v 1.404245 0.200000 0.395908
v 1.394615 0.200000 0.400445
v 1.384644 0.200000 0.404742
v 1.374245 0.200000 0.408747
v 1.363330 0.200000 0.412403
v 1.351898 0.200000 0.415711
v 1.339949 0.200000 0.418670
v 1.327485 0.200000 0.421282
v 1.314503 0.200000 0.423545
v 1.301006 0.200000 0.425460
v 1.286992 0.200000 0.427027
v 1.272461 0.200000 0.428246
v 1.257414 0.200000 0.429116
v 1.241851 0.200000 0.429639
v 1.225771 0.200000 0.429813
v 1.206450 0.200000 0.429623
v 1.187923 0.200000 0.429054
v 1.170190 0.200000 0.428105
v 1.153252 0.200000 0.426777
v 1.137107 0.200000 0.425069
v 1.121757 0.200000 0.422982
v 1.107201 0.200000 0.420515
v 1.093439 0.200000 0.417669
v 1.080472 0.200000 0.414443
v 1.068298 0.200000 0.410838
v 1.056919 0.200000 0.406853
v 1.046335 0.200000 0.402489
v 1.036325 0.200000 0.397821
v 1.026671 0.200000 0.392927
v 1.017373 0.200000 0.387806
v 1.008432 0.200000 0.382457
v 0.999846 0.200000 0.376882
v 0.991616 0.200000 0.371080
v 0.983743 0.200000 0.365051
v 0.976225 0.200000 0.358796
v 0.969063 0.200000 0.352313
v 0.962258 0.200000 0.345603
v 0.955808 0.200000 0.338666
v 0.949715 0.200000 0.331503
v 0.943968 0.200000 0.324197
v 0.938557 0.200000 0.316832
v 0.933482 0.200000 0.309408
v 0.928744 0.200000 0.301925
v 0.924343 0.200000 0.294384
v 0.920278 0.200000 0.286785
v 0.916550 0.200000 0.279126
v 0.913158 0.200000 0.271409
v 0.910102 0.200000 0.263633
v 0.907383 0.200000 0.255799
v 0.905000 0.200000 0.247905
v 0.902954 0.200000 0.239954
v 0.900345 0.200000 0.227653
v 0.897962 0.200000 0.214414
v 0.895806 0.200000 0.200235
v 0.893878 0.200000 0.185118
v 0.892176 0.200000 0.169062
v 0.890701 0.200000 0.152066
v 0.889453 0.200000 0.134132
v 0.888431 0.200000 0.115259
v 0.887637 0.200000 0.095447
v 0.887070 0.200000 0.074695
v 0.886730 0.200000 0.053005
v 2.554785 -0.200000 0.415728
v 2.554785 -0.200000 -0.410187
v 2.884926 -0.200000 -0.410187
v 2.900918 -0.200000 -0.410130
v 2.916217 -0.200000 -0.409960
v 2.930824 -0.200000 -0.409677
v 2.944738 -0.200000 -0.409279
v 2.957960 -0.200000 -0.408769
v 2.970489 -0.200000 -0.408145
v 2.982326 -0.200000 -0.407407
v 2.993471 -0.200000 -0.406556
v 3.003922 -0.200000 -0.405592
v 3.013682 -0.200000 -0.404514
v 3.022748 -0.200000 -0.403323
v 3.031123 -0.200000 -0.402018
v 3.039081 -0.200000 -0.400533
v 3.046898 -0.200000 -0.398802
v 3.054574 -0.200000 -0.396825
v 3.062109 -0.200000 -0.394600
v 3.069503 -0.200000 -0.392130
v 3.076757 -0.200000 -0.389413
v 3.083869 -0.200000 -0.386449
v 3.090842 -0.200000 -0.383239
v 3.097672 -0.200000 -0.379782
v 3.104363 -0.200000 -0.376079
v 3.110912 -0.200000 -0.372130
v 3.117321 -0.200000 -0.367934
v 3.123570 -0.200000 -0.363495
v 3.129644 -0.200000 -0.358818
v 3.135542 -0.200000 -0.353902
v 3.141264 -0.200000 -0.348747
v 3.146810 -0.200000 -0.343354
v 3.152180 -0.200000 -0.337722
v 3.157373 -0.200000 -0.331852
v 3.162391 -0.200000 -0.325743
v 3.167233 -0.200000 -0.319395
v 3.171898 -0.200000 -0.312809
v 3.176388 -0.200000 -0.305983
v 3.180701 -0.200000 -0.298920
v 3.184750 -0.200000 -0.291664
v 3.188447 -0.200000 -0.284264
v 3.191792 -0.200000 -0.276719
v 3.194785 -0.200000 -0.269029
v 3.197426 -0.200000 -0.261195
v 3.199715 -0.200000 -0.253215
v 3.201652 -0.200000 -0.245091
v 3.203236 -0.200000 -0.236823
v 3.204468 -0.200000 -0.228409
v 3.205348 -0.200000 -0.219851
v 3.205877 -0.200000 -0.211148
v 3.206053 -0.200000 -0.202300
v 3.205836 -0.200000 -0.192695
v 3.205184 -0.200000 -0.183223
v 3.204099 -0.200000 -0.173884
v 3.202579 -0.200000 -0.164679
v 3.200624 -0.200000 -0.155606
v 3.198236 -0.200000 -0.146666
v 3.195413 -0.200000 -0.137859
v 3.192156 -0.200000 -0.129186
v 3.188465 -0.200000 -0.120645
v 3.184339 -0.200000 -0.112237
v 3.179780 -0.200000 -0.103963
v 3.174785 -0.200000 -0.095821
v 3.169419 -0.200000 -0.087914
v 3.163744 -0.200000 -0.080344
v 3.157761 -0.200000 -0.073110
v 3.151467 -0.200000 -0.066212
v 3.144866 -0.200000 -0.059651
v 3.137954 -0.200000 -0.053427
v 3.130734 -0.200000 -0.047539
v 3.123204 -0.200000 -0.041987
v 3.115366 -0.200000 -0.036772
v 3.107218 -0.200000 -0.031893
v 3.098762 -0.200000 -0.027351
v 3.089996 -0.200000 -0.023145
v 3.102336 -0.200000 -0.019268
v 3.114191 -0.200000 -0.014960
v 3.125560 -0.200000 -0.010222
v 3.136444 -0.200000 -0.005054
v 3.146843 -0.200000 0.000544
v 3.156757 -0.200000 0.006573
v 3.166186 -0.200000 0.013033
v 3.175129 -0.200000 0.019922
v 3.183588 -0.200000 0.027242
v 3.191562 -0.200000 0.034993
v 3.199050 -0.200000 0.043173
v 3.206053 -0.200000 0.051785
v 3.212532 -0.200000 0.060740
v 3.218447 -0.200000 0.069954
v 3.223799 -0.200000 0.079425
v 3.228588 -0.200000 0.089155
v 3.232813 -0.200000 0.099144
v 3.236475 -0.200000 0.109390
v 3.239574 -0.200000 0.119895
v 3.242109 -0.200000 0.130658
v 3.244081 -0.200000 0.141679
v 3.245489 -0.200000 0.152958
v 3.246335 -0.200000 0.164496
v 3.246616 -0.200000 0.176292
v 3.246434 -0.200000 0.185660
v 3.245888 -0.200000 0.194985
v 3.244979 -0.200000 0.204267
v 3.243705 -0.200000 0.213506
v 3.242068 -0.200000 0.222702
v 3.240067 -0.200000 0.231855
v 3.237702 -0.200000 0.240965
v 3.234973 -0.200000 0.250032
v 3.231880 -0.200000 0.259056
v 3.228424 -0.200000 0.268037
v 3.224603 -0.200000 0.276974
v 3.220419 -0.200000 0.285869
v 3.215919 -0.200000 0.294594
v 3.211154 -0.200000 0.303021
v 3.206123 -0.200000 0.311151
v 3.200826 -0.200000 0.318983
v 3.195262 -0.200000 0.326519
v 3.189433 -0.200000 0.333756
v 3.183338 -0.200000 0.340697
v 3.176976 -0.200000 0.347340
v 3.170349 -0.200000 0.353686
v 3.163455 -0.200000 0.359735
v 3.156295 -0.200000 0.365486
v 3.148870 -0.200000 0.370940
v 3.141164 -0.200000 0.376074
v 3.133165 -0.200000 0.380869
v 3.124873 -0.200000 0.385323
v 3.116288 -0.200000 0.389437
v 3.107409 -0.200000 0.393211
v 3.098236 -0.200000 0.396644
v 3.088770 -0.200000 0.399736
v 3.079010 -0.200000 0.402489
v 3.068958 -0.200000 0.404901
v 3.058611 -0.200000 0.406972
v 3.047972 -0.200000 0.408704
v 3.037039 -0.200000 0.410094
v 3.029273 -0.200000 0.410822
v 3.019871 -0.200000 0.411503
v 3.008834 -0.200000 0.412137
v 2.996162 -0.200000 0.412724
v 2.981854 -0.200000 0.413263
v 2.965911 -0.200000 0.413756
v 2.948333 -0.200000 0.414202
v 2.929120 -0.200000 0.414601
v 2.908270 -0.200000 0.414954
v 2.885786 -0.200000 0.415259
v 2.861666 -0.200000 0.415517
v 2.835912 -0.200000 0.415728
v 2.817320 -0.200000 -0.272722
v 2.721546 -0.200000 -0.272722
v 2.721546 -0.200000 -0.081737
v 2.830842 -0.200000 -0.081737
v 2.846573 -0.200000 -0.081756
v 2.861279 -0.200000 -0.081815
v 2.874961 -0.200000 -0.081913
v 2.887618 -0.200000 -0.082050
v 2.899249 -0.200000 -0.082226
v 2.909855 -0.200000 -0.082441
v 2.919437 -0.200000 -0.082695
v 2.927993 -0.200000 -0.082989
v 2.935524 -0.200000 -0.083321
v 2.942031 -0.200000 -0.083693
v 2.947512 -0.200000 -0.084104
v 2.951968 -0.200000 -0.084553
v 2.958977 -0.200000 -0.085533
v 2.965732 -0.200000 -0.086783
v 2.972232 -0.200000 -0.088303
v 2.978478 -0.200000 -0.090093
v 2.984470 -0.200000 -0.092153
v 2.990208 -0.200000 -0.094483
v 2.995691 -0.200000 -0.097083
v 3.000920 -0.200000 -0.099952
v 3.005894 -0.200000 -0.103092
v 3.010614 -0.200000 -0.106502
v 3.015080 -0.200000 -0.110181
v 3.019292 -0.200000 -0.114131
v 3.023206 -0.200000 -0.118323
v 3.026781 -0.200000 -0.122730
v 3.030014 -0.200000 -0.127353
v 3.032907 -0.200000 -0.132190
v 3.035460 -0.200000 -0.137243
v 3.037673 -0.200000 -0.142511
v 3.039545 -0.200000 -0.147994
v 3.041076 -0.200000 -0.153693
v 3.042267 -0.200000 -0.159606
v 3.043118 -0.200000 -0.165735
v 3.043629 -0.200000 -0.172079
v 3.043799 -0.200000 -0.178638
v 3.043653 -0.200000 -0.184923
v 3.043212 -0.200000 -0.191009
v 3.042479 -0.200000 -0.196895
v 3.041452 -0.200000 -0.202582
v 3.040131 -0.200000 -0.208069
v 3.038517 -0.200000 -0.213356
v 3.036610 -0.200000 -0.218444
v 3.034410 -0.200000 -0.223333
v 3.031915 -0.200000 -0.228022
v 3.029128 -0.200000 -0.232511
v 3.026047 -0.200000 -0.236801
v 3.022672 -0.200000 -0.240891
v 3.019009 -0.200000 -0.244751
v 3.015059 -0.200000 -0.248348
v 3.010824 -0.200000 -0.251684
v 3.006303 -0.200000 -0.254757
v 3.001497 -0.200000 -0.257568
v 2.996405 -0.200000 -0.260117
v 2.991027 -0.200000 -0.262404
v 2.985364 -0.200000 -0.264428
v 2.979415 -0.200000 -0.266191
v 2.973181 -0.200000 -0.267691
v 2.966661 -0.200000 -0.268929
v 2.959856 -0.200000 -0.269906
v 2.955079 -0.200000 -0.270355
v 2.949010 -0.200000 -0.270766
v 2.941651 -0.200000 -0.271138
v 2.933001 -0.200000 -0.271470
v 2.923060 -0.200000 -0.271764
v 2.911828 -0.200000 -0.272018
v 2.899304 -0.200000 -0.272233
v 2.885489 -0.200000 -0.272409
v 2.870384 -0.200000 -0.272546
v 2.853987 -0.200000 -0.272644
v 2.836299 -0.200000 -0.272703
v 2.856194 -0.200000 0.055728
v 2.721546 -0.200000 0.055728
v 2.721546 -0.200000 0.276573
v 2.875912 -0.200000 0.276573
v 2.890478 -0.200000 0.276538
v 2.904128 -0.200000 0.276432
v 2.916862 -0.200000 0.276256
v 2.928682 -0.200000 0.276010
v 2.939586 -0.200000 0.275693
v 2.949574 -0.200000 0.275306
v 2.958647 -0.200000 0.274848
v 2.966804 -0.200000 0.274320
v 2.974046 -0.200000 0.273721
v 2.980372 -0.200000 0.273052
v 2.985783 -0.200000 0.272313
v 2.990278 -0.200000 0.271503
v 2.996379 -0.200000 0.270241
v 3.002289 -0.200000 0.268709
v 3.008007 -0.200000 0.266908
v 3.013533 -0.200000 0.264836
v 3.018867 -0.200000 0.262495
v 3.024010 -0.200000 0.259883
v 3.028961 -0.200000 0.257002
v 3.033720 -0.200000 0.253850
v 3.038289 -0.200000 0.250429
v 3.042665 -0.200000 0.246738
v 3.046849 -0.200000 0.242776
v 3.050841 -0.200000 0.238545
v 3.054576 -0.200000 0.234056
v 3.057985 -0.200000 0.229320
v 3.061070 -0.200000 0.224337
v 3.063830 -0.200000 0.219109
v 3.066266 -0.200000 0.213633
v 3.068377 -0.200000 0.207911
v 3.070163 -0.200000 0.201943
v 3.071624 -0.200000 0.195728
v 3.072761 -0.200000 0.189267
v 3.073572 -0.200000 0.182559
v 3.074059 -0.200000 0.175605
v 3.074222 -0.200000 0.168404
v 3.074097 -0.200000 0.162285
v 3.073721 -0.200000 0.156323
v 3.073095 -0.200000 0.150517
v 3.072218 -0.200000 0.144868
v 3.071092 -0.200000 0.139375
v 3.069715 -0.200000 0.134038
v 3.068087 -0.200000 0.128858
v 3.066209 -0.200000 0.123835
v 3.064081 -0.200000 0.118968
v 3.061702 -0.200000 0.114257
v 3.059073 -0.200000 0.109703
v 3.056193 -0.200000 0.105306
v 3.053077 -0.200000 0.101084
v 3.049738 -0.200000 0.097058
v 3.046176 -0.200000 0.093228
v 3.042391 -0.200000 0.089594
v 3.038383 -0.200000 0.086155
v 3.034151 -0.200000 0.082911
v 3.029697 -0.200000 0.079864
v 3.025020 -0.200000 0.077011
v 3.020120 -0.200000 0.074355
v 3.014997 -0.200000 0.071894
v 3.009650 -0.200000 0.069629
v 3.004081 -0.200000 0.067559
v 2.997847 -0.200000 0.065670
v 2.990505 -0.200000 0.063944
v 2.982056 -0.200000 0.062383
v 2.972500 -0.200000 0.060986
v 2.961837 -0.200000 0.059754
v 2.950067 -0.200000 0.058686
v 2.937189 -0.200000 0.057782
v 2.923204 -0.200000 0.057043
v 2.908113 -0.200000 0.056468
v 2.891913 -0.200000 0.056057
v 2.874607 -0.200000 0.055810
v 1.721546 -0.200000 0.415728
v 1.721546 -0.200000 -0.410187
v 2.051687 -0.200000 -0.410187
v 2.067678 -0.200000 -0.410130
v 2.082978 -0.200000 -0.409960
v 2.097584 -0.200000 -0.409677
v 2.111499 -0.200000 -0.409279
v 2.124721 -0.200000 -0.408769
v 2.137250 -0.200000 -0.408145
v 2.149087 -0.200000 -0.407407
v 2.160231 -0.200000 -0.406556
v 2.170683 -0.200000 -0.405592
v 2.180442 -0.200000 -0.404514
v 2.189509 -0.200000 -0.403323
v 2.197884 -0.200000 -0.402018
v 2.205842 -0.200000 -0.400533
v 2.213658 -0.200000 -0.398802
v 2.221334 -0.200000 -0.396825
v 2.228869 -0.200000 -0.394600
v 2.236264 -0.200000 -0.392130
v 2.243517 -0.200000 -0.389413
v 2.250630 -0.200000 -0.386449
v 2.257602 -0.200000 -0.383239
v 2.264433 -0.200000 -0.379782
v 2.271123 -0.200000 -0.376079
v 2.277672 -0.200000 -0.372130
v 2.284081 -0.200000 -0.367934
v 2.290331 -0.200000 -0.363495
v 2.296405 -0.200000 -0.358818
v 2.302303 -0.200000 -0.353902
v 2.308025 -0.200000 -0.348747
v 2.313570 -0.200000 -0.343354
v 2.318940 -0.200000 -0.337722
v 2.324134 -0.200000 -0.331852
v 2.329151 -0.200000 -0.325743
v 2.333993 -0.200000 -0.319395
v 2.338658 -0.200000 -0.312809
v 2.343148 -0.200000 -0.305983
v 2.347461 -0.200000 -0.298920
v 2.351511 -0.200000 -0.291664
v 2.355208 -0.200000 -0.284264
v 2.358553 -0.200000 -0.276719
v 2.361546 -0.200000 -0.269029
v 2.364187 -0.200000 -0.261195
v 2.366475 -0.200000 -0.253215
v 2.368412 -0.200000 -0.245091
v 2.369997 -0.200000 -0.236823
v 2.371229 -0.200000 -0.228409
v 2.372109 -0.200000 -0.219851
v 2.372637 -0.200000 -0.211148
v 2.372813 -0.200000 -0.202300
v 2.372596 -0.200000 -0.192695
v 2.371945 -0.200000 -0.183223
v 2.370859 -0.200000 -0.173884
v 2.369339 -0.200000 -0.164679
v 2.367385 -0.200000 -0.155606
v 2.364996 -0.200000 -0.146666
v 2.362174 -0.200000 -0.137859
v 2.358917 -0.200000 -0.129186
v 2.355225 -0.200000 -0.120645
v 2.351100 -0.200000 -0.112237
v 2.346540 -0.200000 -0.103963
v 2.341546 -0.200000 -0.095821
v 2.336180 -0.200000 -0.087914
v 2.330505 -0.200000 -0.080344
v 2.324521 -0.200000 -0.073110
v 2.318228 -0.200000 -0.066212
v 2.311626 -0.200000 -0.059651
v 2.304715 -0.200000 -0.053427
v 2.297495 -0.200000 -0.047539
v 2.289965 -0.200000 -0.041987
v 2.282127 -0.200000 -0.036772
v 2.273979 -0.200000 -0.031893
v 2.265523 -0.200000 -0.027351
v 2.256757 -0.200000 -0.023145
v 2.269096 -0.200000 -0.019268
v 2.280951 -0.200000 -0.014960
v 2.292320 -0.200000 -0.010222
v 2.303205 -0.200000 -0.005054
v 2.313603 -0.200000 0.000544
v 2.323517 -0.200000 0.006573
v 2.332946 -0.200000 0.013033
v 2.341890 -0.200000 0.019922
v 2.350348 -0.200000 0.027242
v 2.358322 -0.200000 0.034993
v 2.365810 -0.200000 0.043173
v 2.372813 -0.200000 0.051785
v 2.379292 -0.200000 0.060740
v 2.385208 -0.200000 0.069954
v 2.390560 -0.200000 0.079425
v 2.395349 -0.200000 0.089155
v 2.399574 -0.200000 0.099144
v 2.403236 -0.200000 0.109390
v 2.406334 -0.200000 0.119895
v 2.408870 -0.200000 0.130658
v 2.410841 -0.200000 0.141679
v 2.412250 -0.200000 0.152958
v 2.413095 -0.200000 0.164496
v 2.413377 -0.200000 0.176292
v 2.413195 -0.200000 0.185660
v 2.412649 -0.200000 0.194985
v 2.411739 -0.200000 0.204267
v 2.410466 -0.200000 0.213506
v 2.408829 -0.200000 0.222702
v 2.406827 -0.200000 0.231855
v 2.404462 -0.200000 0.240965
v 2.401733 -0.200000 0.250032
v 2.398641 -0.200000 0.259056
v 2.395184 -0.200000 0.268037
v 2.391364 -0.200000 0.276974
v 2.387179 -0.200000 0.285869
v 2.382680 -0.200000 0.294594
v 2.377915 -0.200000 0.303021
v 2.372884 -0.200000 0.311151
v 2.367586 -0.200000 0.318983
v 2.362023 -0.200000 0.326519
v 2.356194 -0.200000 0.333756
v 2.350098 -0.200000 0.340697
v 2.343737 -0.200000 0.347340
v 2.337109 -0.200000 0.353686
v 2.330215 -0.200000 0.359735
v 2.323056 -0.200000 0.365486
v 2.315630 -0.200000 0.370940
v 2.307925 -0.200000 0.376074
v 2.299926 -0.200000 0.380869
v 2.291634 -0.200000 0.385323
v 2.283048 -0.200000 0.389437
v 2.274169 -0.200000 0.393211
v 2.264997 -0.200000 0.396644
v 2.255530 -0.200000 0.399736
v 2.245771 -0.200000 0.402489
v 2.235718 -0.200000 0.404901
v 2.225372 -0.200000 0.406972
v 2.214732 -0.200000 0.408704
v 2.203799 -0.200000 0.410094
v 2.196033 -0.200000 0.410822
v 2.186632 -0.200000 0.411503
v 2.175595 -0.200000 0.412137
v 2.162923 -0.200000 0.412724
v 2.148615 -0.200000 0.413263
v 2.132672 -0.200000 0.413756
v 2.115094 -0.200000 0.414202
v 2.095881 -0.200000 0.414601
v 2.075032 -0.200000 0.414954
v 2.052547 -0.200000 0.415259
v 2.028428 -0.200000 0.415517
v 2.002672 -0.200000 0.415728
v 1.984081 -0.200000 -0.272722
v 1.888306 -0.200000 -0.272722
v 1.888306 -0.200000 -0.081737
v 1.997602 -0.200000 -0.081737
v 2.013334 -0.200000 -0.081756
v 2.028040 -0.200000 -0.081815
v 2.041722 -0.200000 -0.081913
v 2.054378 -0.200000 -0.082050
v 2.066010 -0.200000 -0.082226
v 2.076616 -0.200000 -0.082441
v 2.086197 -0.200000 -0.082695
v 2.094754 -0.200000 -0.082989
v 2.102285 -0.200000 -0.083321
v 2.108791 -0.200000 -0.083693
v 2.114273 -0.200000 -0.084104
v 2.118729 -0.200000 -0.084553
v 2.125738 -0.200000 -0.085533
v 2.132493 -0.200000 -0.086783
v 2.138993 -0.200000 -0.088303
v 2.145239 -0.200000 -0.090093
v 2.151231 -0.200000 -0.092153
v 2.156968 -0.200000 -0.094483
v 2.162451 -0.200000 -0.097083
v 2.167680 -0.200000 -0.099952
v 2.172655 -0.200000 -0.103092
v 2.177375 -0.200000 -0.106502
v 2.181841 -0.200000 -0.110181
v 2.186053 -0.200000 -0.114131
v 2.189967 -0.200000 -0.118323
v 2.193541 -0.200000 -0.122730
v 2.196774 -0.200000 -0.127353
v 2.199667 -0.200000 -0.132190
v 2.202220 -0.200000 -0.137243
v 2.204433 -0.200000 -0.142511
v 2.206305 -0.200000 -0.147994
v 2.207837 -0.200000 -0.153693
v 2.209028 -0.200000 -0.159606
v 2.209879 -0.200000 -0.165735
v 2.210390 -0.200000 -0.172079
v 2.210560 -0.200000 -0.178638
v 2.210413 -0.200000 -0.184923
v 2.209973 -0.200000 -0.191009
v 2.209239 -0.200000 -0.196895
v 2.208212 -0.200000 -0.202582
v 2.206892 -0.200000 -0.208069
v 2.205278 -0.200000 -0.213356
v 2.203371 -0.200000 -0.218444
v 2.201170 -0.200000 -0.223333
v 2.198676 -0.200000 -0.228022
v 2.195889 -0.200000 -0.232511
v 2.192807 -0.200000 -0.236801
v 2.189433 -0.200000 -0.240891
v 2.185769 -0.200000 -0.244751
v 2.181819 -0.200000 -0.248348
v 2.177584 -0.200000 -0.251684
v 2.173064 -0.200000 -0.254757
v 2.168257 -0.200000 -0.257568
v 2.163165 -0.200000 -0.260117
v 2.157788 -0.200000 -0.262404
v 2.152125 -0.200000 -0.264428
v 2.146176 -0.200000 -0.266191
v 2.139942 -0.200000 -0.267691
v 2.133422 -0.200000 -0.268929
v 2.126616 -0.200000 -0.269906
v 2.121839 -0.200000 -0.270355
v 2.115771 -0.200000 -0.270766
v 2.108412 -0.200000 -0.271138
v 2.099762 -0.200000 -0.271470
v 2.089820 -0.200000 -0.271764
v 2.078588 -0.200000 -0.272018
v 2.066065 -0.200000 -0.272233
v 2.052250 -0.200000 -0.272409
v 2.037145 -0.200000 -0.272546
v 2.020748 -0.200000 -0.272644
v 2.003060 -0.200000 -0.272703
v 2.022954 -0.200000 0.055728
v 1.888306 -0.200000 0.055728
v 1.888306 -0.200000 0.276573
v 2.042672 -0.200000 0.276573
v 2.057238 -0.200000 0.276538
v 2.070889 -0.200000 0.276432
v 2.083623 -0.200000 0.276256
v 2.095442 -0.200000 0.276010
v 2.106346 -0.200000 0.275693
v 2.116334 -0.200000 0.275306
v 2.125407 -0.200000 0.274848
v 2.133564 -0.200000 0.274320
v 2.140806 -0.200000 0.273721
v 2.147133 -0.200000 0.273052
v 2.152544 -0.200000 0.272313
v 2.157039 -0.200000 0.271503
v 2.163140 -0.200000 0.270241
v 2.169050 -0.200000 0.268709
v 2.174767 -0.200000 0.266908
v 2.180294 -0.200000 0.264836
v 2.185628 -0.200000 0.262495
v 2.190771 -0.200000 0.259883
v 2.195722 -0.200000 0.257002
v 2.200481 -0.200000 0.253850
v 2.205049 -0.200000 0.250429
v 2.209425 -0.200000 0.246738
v 2.213609 -0.200000 0.242776
v 2.217602 -0.200000 0.238545
v 2.221336 -0.200000 0.234056
v 2.224746 -0.200000 0.229320
v 2.227831 -0.200000 0.224337
v 2.230591 -0.200000 0.219109
v 2.233027 -0.200000 0.213633
v 2.235137 -0.200000 0.207911
v 2.236923 -0.200000 0.201943
v 2.238384 -0.200000 0.195728
v 2.239521 -0.200000 0.189267
v 2.240333 -0.200000 0.182559
v 2.240820 -0.200000 0.175605
v 2.240982 -0.200000 0.168404
v 2.240857 -0.200000 0.162285
v 2.240481 -0.200000 0.156323
v 2.239856 -0.200000 0.150517
v 2.238979 -0.200000 0.144868
v 2.237853 -0.200000 0.139375
v 2.236475 -0.200000 0.134038
v 2.234848 -0.200000 0.128858
v 2.232970 -0.200000 0.123835
v 2.230841 -0.200000 0.118968
v 2.228463 -0.200000 0.114257
v 2.225833 -0.200000 0.109703
v 2.222954 -0.200000 0.105306
v 2.219838 -0.200000 0.101084
v 2.216499 -0.200000 0.097058
v 2.212936 -0.200000 0.093228
v 2.209151 -0.200000 0.089594
v 2.205143 -0.200000 0.086155
v 2.200912 -0.200000 0.082911
v 2.196457 -0.200000 0.079864
v 2.191780 -0.200000 0.077011
v 2.186880 -0.200000 0.074355
v 2.181757 -0.200000 0.071894
v 2.176411 -0.200000 0.069629
v 2.170841 -0.200000 0.067559
v 2.164607 -0.200000 0.065670
v 2.157266 -0.200000 0.063944
v 2.148817 -0.200000 0.062383
v 2.139261 -0.200000 0.060986
v 2.128598 -0.200000 0.059754
v 2.116827 -0.200000 0.058686
v 2.103950 -0.200000 0.057782
v 2.089965 -0.200000 0.057043
v 2.074873 -0.200000 0.056468
v 2.058674 -0.200000 0.056057
v 2.041368 -0.200000 0.055810
v 0.886616 -0.200000 0.030376
v 0.886616 -0.200000 -0.410187
v 1.053377 -0.200000 -0.410187
v 1.053377 -0.200000 0.037137
v 1.053420 -0.200000 0.054363
v 1.053549 -0.200000 0.070548
v 1.053764 -0.200000 0.085693
v 1.054065 -0.200000 0.099797
v 1.054453 -0.200000 0.112861
v 1.054926 -0.200000 0.124883
v 1.055485 -0.200000 0.135865
v 1.056131 -0.200000 0.145806
v 1.056863 -0.200000 0.154707
v 1.057680 -0.200000 0.162567
v 1.058584 -0.200000 0.169386
v 1.059574 -0.200000 0.175165
v 1.061563 -0.200000 0.183477
v 1.063964 -0.200000 0.191511
v 1.066775 -0.200000 0.199267
v 1.069996 -0.200000 0.206745
v 1.073629 -0.200000 0.213946
v 1.077672 -0.200000 0.220869
v 1.082127 -0.200000 0.227514
v 1.086992 -0.200000 0.233882
v 1.092268 -0.200000 0.239971
v 1.097954 -0.200000 0.245783
v 1.104052 -0.200000 0.251317
v 1.110560 -0.200000 0.256573
v 1.117479 -0.200000 0.261477
v 1.124809 -0.200000 0.265955
v 1.132549 -0.200000 0.270006
v 1.140701 -0.200000 0.273631
v 1.149263 -0.200000 0.276830
v 1.158236 -0.200000 0.279602
v 1.167620 -0.200000 0.281947
v 1.177414 -0.200000 0.283866
v 1.187620 -0.200000 0.285359
v 1.198236 -0.200000 0.286425
v 1.209263 -0.200000 0.287064
v 1.220701 -0.200000 0.287278
v 1.232289 -0.200000 0.287076
v 1.243392 -0.200000 0.286472
v 1.254011 -0.200000 0.285464
v 1.264144 -0.200000 0.284054
v 1.273792 -0.200000 0.282240
v 1.282954 -0.200000 0.280024
v 1.291632 -0.200000 0.277405
v 1.299824 -0.200000 0.274382
v 1.307532 -0.200000 0.270957
v 1.314754 -0.200000 0.267129
v 1.321491 -0.200000 0.262898
v 1.327743 -0.200000 0.258263
v 1.333553 -0.200000 0.253336
v 1.338964 -0.200000 0.248224
v 1.343975 -0.200000 0.242929
v 1.348588 -0.200000 0.237450
v 1.352802 -0.200000 0.231787
v 1.356616 -0.200000 0.225940
v 1.360032 -0.200000 0.219909
v 1.363048 -0.200000 0.213694
v 1.365665 -0.200000 0.207295
v 1.367884 -0.200000 0.200713
v 1.369703 -0.200000 0.193946
v 1.371123 -0.200000 0.186996
v 1.372293 -0.200000 0.179566
v 1.373361 -0.200000 0.171362
v 1.374327 -0.200000 0.162383
v 1.375192 -0.200000 0.152630
v 1.375955 -0.200000 0.142101
v 1.376616 -0.200000 0.130799
v 1.377176 -0.200000 0.118721
v 1.377633 -0.200000 0.105869
v 1.377989 -0.200000 0.092242
v 1.378244 -0.200000 0.077841
v 1.378396 -0.200000 0.062665
v 1.378447 -0.200000 0.046714
v 1.378447 -0.200000 -0.410187
v 1.545208 -0.200000 -0.410187
v 1.545208 -0.200000 0.023616
v 1.545114 -0.200000 0.047798
v 1.544832 -0.200000 0.070767
v 1.544363 -0.200000 0.092524
v 1.543705 -0.200000 0.113068
v 1.542860 -0.200000 0.132399
v 1.541827 -0.200000 0.150517
v 1.540607 -0.200000 0.167422
v 1.539198 -0.200000 0.183115
v 1.537602 -0.200000 0.197594
v 1.535818 -0.200000 0.210861
v 1.533846 -0.200000 0.222915
v 1.531687 -0.200000 0.233756
v 1.529275 -0.200000 0.243858
v 1.526546 -0.200000 0.253694
v 1.523500 -0.200000 0.263263
v 1.520137 -0.200000 0.272567
v 1.516458 -0.200000 0.281605
v 1.512461 -0.200000 0.290376
v 1.508148 -0.200000 0.298882
v 1.503518 -0.200000 0.307121
v 1.498570 -0.200000 0.315094
v 1.493306 -0.200000 0.322802
v 1.487725 -0.200000 0.330243
v 1.481827 -0.200000 0.337418
v 1.475601 -0.200000 0.344341
v 1.469034 -0.200000 0.351026
v 1.462127 -0.200000 0.357471
v 1.454879 -0.200000 0.363678
v 1.447291 -0.200000 0.369646
v 1.439363 -0.200000 0.375376
v 1.431094 -0.200000 0.380867
v 1.422485 -0.200000 0.386119
v 1.413535 -0.200000 0.391133
v 1.404245 -0.200000 0.395908
v 1.394615 -0.200000 0.400445
v 1.384644 -0.200000 0.404742
v 1.374245 -0.200000 0.408747
v 1.363330 -0.200000 0.412403
v 1.351898 -0.200000 0.415711
v 1.339949 -0.200000 0.418670
v 1.327485 -0.200000 0.421282
v 1.314503 -0.200000 0.423545
v 1.301006 -0.200000 0.425460
v 1.286992 -0.200000 0.427027
v 1.272461 -0.200000 0.428246
v 1.257414 -0.200000 0.429116
v 1.241851 -0.200000 0.429639
v 1.225771 -0.200000 0.429813
v 1.206450 -0.200000 0.429623
v 1.187923 -0.200000 0.429054
v 1.170190 -0.200000 0.428105
v 1.153252 -0.200000 0.426777
v 1.137107 -0.200000 0.425069
v 1.121757 -0.200000 0.422982
v 1.107201 -0.200000 0.420515
v 1.093439 -0.200000 0.417669
v 1.080472 -0.200000 0.414443
v 1.068298 -0.200000 0.410838
v 1.056919 -0.200000 0.406853
v 1.046335 -0.200000 0.402489
v 1.036325 -0.200000 0.397821
v 1.026671 -0.200000 0.392927
v 1.017373 -0.200000 0.387806
v 1.008432 -0.200000 0.382457
v 0.999846 -0.200000 0.376882
v 0.991616 -0.200000 0.371080
v 0.983743 -0.200000 0.365051
v 0.976225 -0.200000 0.358796
v 0.969063 -0.200000 0.352313
v 0.962258 -0.200000 0.345603
v 0.955808 -0.200000 0.338666
v 0.949715 -0.200000 0.331503
v 0.943968 -0.200000 0.324197
v 0.938557 -0.200000 0.316832
v 0.933482 -0.200000 0.309408
v 0.928744 -0.200000 0.301925
v 0.924343 -0.200000 0.294384
v 0.920278 -0.200000 0.286785
v 0.916550 -0.200000 0.279126
v 0.913158 -0.200000 0.271409
v 0.910102 -0.200000 0.263633
v 0.907383 -0.200000 0.255799
v 0.905000 -0.200000 0.247905
v 0.902954 -0.200000 0.239954
v 0.900345 -0.200000 0.227653
v 0.897962 -0.200000 0.214414
v 0.895806 -0.200000 0.200235
v 0.893878 -0.200000 0.185118
v 0.892176 -0.200000 0.169062
v 0.890701 -0.200000 0.152066
v 0.889453 -0.200000 0.134132
v 0.888431 -0.200000 0.115259
v 0.887637 -0.200000 0.095447
v 0.887070 -0.200000 0.074695
v 0.886730 -0.200000 0.053005
vn -0.0000 1.0000 -0.0000
vn -0.0000 -1.0000 -0.0000
vn -1.0000 -0.0000 0.0025
vn -0.7071 -0.0000 -0.7071
vn 0.7071 -0.0000 -0.7071
vn 1.0000 -0.0000 -0.0012
vn 1.0000 -0.0000 -0.0052
vn 0.9999 -0.0000 -0.0111
vn 0.9998 -0.0000 -0.0178
vn 0.9997 -0.0000 -0.0255
vn 0.9994 -0.0000 -0.0345
vn 0.9990 -0.0000 -0.0451
vn 0.9983 -0.0000 -0.0578
vn 0.9973 -0.0000 -0.0734
vn 0.9957 -0.0000 -0.0927
vn 0.9931 -0.0000 -0.1174
vn 0.9887 -0.0000 -0.1501
vn 0.9796 -0.0000 -0.2009
vn 0.9657 -0.0000 -0.2596
vn 0.9495 -0.0000 -0.3136
vn 0.9297 -0.0000 -0.3684
vn 0.9060 -0.0000 -0.4232
vn 0.8786 -0.0000 -0.4776
vn 0.8475 -0.0000 -0.5308
vn 0.8130 -0.0000 -0.5822
vn 0.7756 -0.0000 -0.6313
vn 0.7356 -0.0000 -0.6774
vn 0.6937 -0.0000 -0.7202
vn 0.6505 -0.0000 -0.7595
vn 0.6036 -0.0000 -0.7973
vn 0.5501 -0.0000 -0.8351
vn 0.4928 -0.0000 -0.8702
vn 0.4352 -0.0000 -0.9003
vn 0.3783 -0.0000 -0.9257
vn 0.3227 -0.0000 -0.9465
vn 0.2689 -0.0000 -0.9632
vn 0.2175 -0.0000 -0.9761
vn 0.1685 -0.0000 -0.9857
vn 0.1223 -0.0000 -0.9925
vn 0.0789 -0.0000 -0.9969
vn 0.0383 -0.0000 -0.9993
vn 0.0006 -0.0000 -1.0000
vn -0.0359 -0.0000 -0.9994
vn -0.0744 -0.0000 -0.9972
vn -0.1162 -0.0000 -0.9932
vn -0.1613 -0.0000 -0.9869
vn -0.2100 -0.0000 -0.9777
vn -0.2621 -0.0000 -0.9650
vn -0.3177 -0.0000 -0.9482
vn -0.3763 -0.0000 -0.9265
vn -0.4375 -0.0000 -0.8992
vn -0.5004 -0.0000 -0.8658
vn -0.5641 -0.0000 -0.8257
vn -0.6215 -0.0000 -0.7834
vn -0.6670 -0.0000 -0.7450
vn -0.7068 -0.0000 -0.7074
vn -0.7460 -0.0000 -0.6660
vn -0.7840 -0.0000 -0.6208
vn -0.8203 -0.0000 -0.5719
vn -0.8543 -0.0000 -0.5198
vn -0.8853 -0.0000 -0.4649
vn -0.9131 -0.0000 -0.4078
vn -0.9371 -0.0000 -0.3492
vn -0.9571 -0.0000 -0.2896
vn -0.9732 -0.0000 -0.2300
vn -0.9840 -0.0000 -0.1779
vn -0.9898 -0.0000 -0.1423
vn -0.9930 -0.0000 -0.1181
vn -0.9952 -0.0000 -0.0977
vn -0.9968 -0.0000 -0.0803
vn -0.9979 -0.0000 -0.0653
vn -0.9986 -0.0000 -0.0523
vn -0.9992 -0.0000 -0.0409
vn -0.9995 -0.0000 -0.0309
vn -0.9998 -0.0000 -0.0219
vn -0.9999 -0.0000 -0.0139
vn -1.0000 -0.0000 -0.0066
vn -1.0000 -0.0000 -0.0016
vn 1.0000 -0.0000 0.0019
vn 1.0000 -0.0000 0.0081
vn 0.9999 -0.0000 0.0169
vn 0.9996 -0.0000 0.0268
vn 0.9993 -0.0000 0.0378
vn 0.9987 -0.0000 0.0503
vn 0.9979 -0.0000 0.0645
vn 0.9967 -0.0000 0.0807
vn 0.9950 -0.0000 0.0995
vn 0.9926 -0.0000 0.1214
vn 0.9891 -0.0000 0.1474
vn 0.9840 -0.0000 0.1784
vn 0.9769 -0.0000 0.2138
vn 0.9683 -0.0000 0.2498
vn 0.9584 -0.0000 0.2854
vn 0.9469 -0.0000 0.3217
vn 0.9335 -0.0000 0.3586
vn 0.9183 -0.0000 0.3959
vn 0.9011 -0.0000 0.4335
vn 0.8820 -0.0000 0.4712
vn 0.8610 -0.0000 0.5087
vn 0.8380 -0.0000 0.5457
vn 0.8131 -0.0000 0.5821
vn 0.7865 -0.0000 0.6176
vn 0.7582 -0.0000 0.6520
vn 0.7286 -0.0000 0.6849
vn 0.6980 -0.0000 0.7161
vn 0.6665 -0.0000 0.7455
vn 0.6345 -0.0000 0.7729
vn 0.6021 -0.0000 0.7984
vn 0.5696 -0.0000 0.8219
vn 0.5371 -0.0000 0.8435
vn 0.5049 -0.0000 0.8632
vn 0.4730 -0.0000 0.8810
vn 0.4417 -0.0000 0.8972
vn 0.4110 -0.0000 0.9116
vn 0.3777 -0.0000 0.9259
vn 0.3386 -0.0000 0.9409
vn 0.2978 -0.0000 0.9546
vn 0.2592 -0.0000 0.9658
vn 0.2228 -0.0000 0.9749
vn 0.1884 -0.0000 0.9821
vn 0.1561 -0.0000 0.9877
vn 0.1258 -0.0000 0.9921
vn 0.0974 -0.0000 0.9952
vn 0.0707 -0.0000 0.9975
vn 0.0457 -0.0000 0.9990
vn 0.0222 -0.0000 0.9998
vn 0.0005 -0.0000 1.0000
vn -0.0203 -0.0000 0.9998
vn -0.0421 -0.0000 0.9991
vn -0.0658 -0.0000 0.9978
vn -0.0917 -0.0000 0.9958
vn -0.1200 -0.0000 0.9928
vn -0.1509 -0.0000 0.9885
vn -0.1848 -0.0000 0.9828
vn -0.2220 -0.0000 0.9750
vn -0.2627 -0.0000 0.9649
vn -0.3073 -0.0000 0.9516
vn -0.3560 -0.0000 0.9345
vn -0.4020 -0.0000 0.9156
vn -0.4375 -0.0000 0.8992
vn -0.4674 -0.0000 0.8840
vn -0.4980 -0.0000 0.8672
vn -0.5290 -0.0000 0.8486
vn -0.5605 -0.0000 0.8281
vn -0.5922 -0.0000 0.8058
vn -0.6239 -0.0000 0.7815
vn -0.6555 -0.0000 0.7552
vn -0.6867 -0.0000 0.7269
vn -0.7174 -0.0000 0.6967
vn -0.7472 -0.0000 0.6646
vn -0.7740 -0.0000 0.6332
vn -0.7960 -0.0000 0.6052
vn -0.8158 -0.0000 0.5783
vn -0.8353 -0.0000 0.5497
vn -0.8544 -0.0000 0.5196
vn -0.8729 -0.0000 0.4880
vn -0.8906 -0.0000 0.4548
vn -0.9075 -0.0000 0.4201
vn -0.9233 -0.0000 0.3841
vn -0.9379 -0.0000 0.3469
vn -0.9512 -0.0000 0.3085
vn -0.9631 -0.0000 0.2691
vn -0.9736 -0.0000 0.2284
vn -0.9813 -0.0000 0.1923
vn -0.9865 -0.0000 0.1637
vn -0.9904 -0.0000 0.1384
vn -0.9933 -0.0000 0.1160
vn -0.9954 -0.0000 0.0959
vn -0.9970 -0.0000 0.0779
vn -0.9981 -0.0000 0.0617
vn -0.9989 -0.0000 0.0470
vn -0.9994 -0.0000 0.0337
vn -0.9998 -0.0000 0.0215
vn -0.9999 -0.0000 0.0104
vn -0.7071 -0.0000 0.7071
vn 0.0018 -0.0000 -1.0000
vn 0.0073 -0.0000 -1.0000
vn 0.0153 -0.0000 -0.9999
vn 0.0240 -0.0000 -0.9997
vn 0.0336 -0.0000 -0.9994
vn 0.0442 -0.0000 -0.9990
vn 0.0560 -0.0000 -0.9984
vn 0.0692 -0.0000 -0.9976
vn 0.0840 -0.0000 -0.9965
vn 0.1008 -0.0000 -0.9949
vn 0.1200 -0.0000 -0.9928
vn 0.1421 -0.0000 -0.9898
vn 0.1687 -0.0000 -0.9857
vn 0.1998 -0.0000 -0.9798
vn 0.2329 -0.0000 -0.9725
vn 0.2663 -0.0000 -0.9639
vn 0.3000 -0.0000 -0.9539
vn 0.3339 -0.0000 -0.9426
vn 0.3678 -0.0000 -0.9299
vn 0.4015 -0.0000 -0.9159
vn 0.4349 -0.0000 -0.9005
vn 0.4680 -0.0000 -0.8837
vn 0.5004 -0.0000 -0.8658
vn 0.5322 -0.0000 -0.8466
vn 0.5635 -0.0000 -0.8261
vn 0.5947 -0.0000 -0.8040
vn 0.6253 -0.0000 -0.7804
vn 0.6549 -0.0000 -0.7557
vn 0.6834 -0.0000 -0.7301
vn 0.7106 -0.0000 -0.7036
vn 0.7365 -0.0000 -0.6765
vn 0.7610 -0.0000 -0.6488
vn 0.7841 -0.0000 -0.6207
vn 0.8057 -0.0000 -0.5923
vn 0.8259 -0.0000 -0.5639
vn 0.8446 -0.0000 -0.5354
vn 0.8635 -0.0000 -0.5043
vn 0.8841 -0.0000 -0.4673
vn 0.9046 -0.0000 -0.4262
vn 0.9233 -0.0000 -0.3841
vn 0.9400 -0.0000 -0.3411
vn 0.9547 -0.0000 -0.2976
vn 0.9672 -0.0000 -0.2539
vn 0.9777 -0.0000 -0.2101
vn 0.9860 -0.0000 -0.1666
vn 0.9923 -0.0000 -0.1236
vn 0.9967 -0.0000 -0.0815
vn 0.9992 -0.0000 -0.0402
vn 1.0000 -0.0000 0.0013
vn 0.9990 -0.0000 0.0456
vn 0.9958 -0.0000 0.0921
vn 0.9903 -0.0000 0.1392
vn 0.9824 -0.0000 0.1868
vn 0.9721 -0.0000 0.2344
vn 0.9595 -0.0000 0.2818
vn 0.9445 -0.0000 0.3285
vn 0.9273 -0.0000 0.3742
vn 0.9081 -0.0000 0.4188
vn 0.8870 -0.0000 0.4617
vn 0.8643 -0.0000 0.5029
vn 0.8402 -0.0000 0.5423
vn 0.8140 -0.0000 0.5808
vn 0.7856 -0.0000 0.6188
vn 0.7549 -0.0000 0.6559
vn 0.7220 -0.0000 0.6919
vn 0.6873 -0.0000 0.7264
vn 0.6508 -0.0000 0.7592
vn 0.6129 -0.0000 0.7902
vn 0.5739 -0.0000 0.8190
vn 0.5340 -0.0000 0.8455
vn 0.4936 -0.0000 0.8697
vn 0.4530 -0.0000 0.8915
vn 0.9974 -0.0000 -0.0714
vn 0.3207 -0.0000 -0.9472
vn 0.3632 -0.0000 -0.9317
vn 0.4069 -0.0000 -0.9135
vn 0.4516 -0.0000 -0.8922
vn 0.4970 -0.0000 -0.8678
vn 0.5426 -0.0000 -0.8400
vn 0.5879 -0.0000 -0.8089
vn 0.6326 -0.0000 -0.7745
vn 0.6760 -0.0000 -0.7369
vn 0.7176 -0.0000 -0.6964
vn 0.7571 -0.0000 -0.6534
vn 0.7933 -0.0000 -0.6088
vn 0.8262 -0.0000 -0.5634
vn 0.8564 -0.0000 -0.5163
vn 0.8843 -0.0000 -0.4670
vn 0.9095 -0.0000 -0.4158
vn 0.9317 -0.0000 -0.3632
vn 0.9508 -0.0000 -0.3099
vn 0.9666 -0.0000 -0.2562
vn 0.9792 -0.0000 -0.2028
vn 0.9951 -0.0000 -0.0985
vn 0.9988 -0.0000 -0.0485
vn 1.0000 -0.0000 -0.0022
vn 0.9992 -0.0000 0.0389
vn 0.9970 -0.0000 0.0780
vn 0.9931 -0.0000 0.1171
vn 0.9878 -0.0000 0.1559
vn 0.9809 -0.0000 0.1945
vn 0.9726 -0.0000 0.2325
vn 0.9629 -0.0000 0.2698
vn 0.9519 -0.0000 0.3063
vn 0.9398 -0.0000 0.3418
vn 0.9265 -0.0000 0.3762
vn 0.9123 -0.0000 0.4094
vn 0.8970 -0.0000 0.4421
vn 0.8798 -0.0000 0.4754
vn 0.8606 -0.0000 0.5093
vn 0.8395 -0.0000 0.5433
vn 0.8166 -0.0000 0.5772
vn 0.7918 -0.0000 0.6107
vn 0.7653 -0.0000 0.6437
vn 0.7370 -0.0000 0.6759
vn 0.7071 -0.0000 0.7071
vn 0.6757 -0.0000 0.7372
vn 0.6430 -0.0000 0.7658
vn 0.6092 -0.0000 0.7930
vn 0.5734 -0.0000 0.8193
vn 0.5345 -0.0000 0.8452
vn 0.4938 -0.0000 0.8696
vn 0.4528 -0.0000 0.8916
vn 0.4117 -0.0000 0.9113
vn 0.3709 -0.0000 0.9287
vn 0.3306 -0.0000 0.9438
vn 0.2911 -0.0000 0.9567
vn 0.2524 -0.0000 0.9676
vn 0.2149 -0.0000 0.9766
vn 0.1785 -0.0000 0.9839
vn 0.1434 -0.0000 0.9897
vn 0.1098 -0.0000 0.9940
vn 0.0828 -0.0000 0.9966
vn 0.0648 -0.0000 0.9979
vn 0.0518 -0.0000 0.9987
vn 0.0420 -0.0000 0.9991
vn 0.0343 -0.0000 0.9994
vn 0.0281 -0.0000 0.9996
vn 0.0231 -0.0000 0.9997
vn 0.0188 -0.0000 0.9998
vn 0.0152 -0.0000 0.9999
vn 0.0121 -0.0000 0.9999
vn 0.0095 -0.0000 1.0000
vn 0.0041 -0.0000 1.0000
vn -0.0005 -0.0000 1.0000
vn -0.0006 -0.0000 -1.0000
vn -0.0026 -0.0000 -1.0000
vn -0.0056 -0.0000 -1.0000
vn -0.0090 -0.0000 -1.0000
vn -0.0130 -0.0000 -0.9999
vn -0.0177 -0.0000 -0.9998
vn -0.0234 -0.0000 -0.9997
vn -0.0304 -0.0000 -0.9995
vn -0.0392 -0.0000 -0.9992
vn -0.0506 -0.0000 -0.9987
vn -0.0659 -0.0000 -0.9978
vn -0.0876 -0.0000 -0.9962
vn -0.1195 -0.0000 -0.9928
vn -0.1603 -0.0000 -0.9871
vn -0.2049 -0.0000 -0.9788
vn -0.2517 -0.0000 -0.9678
vn -0.3004 -0.0000 -0.9538
vn -0.3508 -0.0000 -0.9364
vn -0.4025 -0.0000 -0.9154
vn -0.4550 -0.0000 -0.8905
vn -0.5077 -0.0000 -0.8616
vn -0.5599 -0.0000 -0.8286
vn -0.6110 -0.0000 -0.7916
vn -0.6603 -0.0000 -0.7510
vn -0.7079 -0.0000 -0.7064
vn -0.7543 -0.0000 -0.6566
vn -0.7986 -0.0000 -0.6019
vn -0.8394 -0.0000 -0.5436
vn -0.8759 -0.0000 -0.4824
vn -0.9078 -0.0000 -0.4193
vn -0.9347 -0.0000 -0.3554
vn -0.9566 -0.0000 -0.2915
vn -0.9735 -0.0000 -0.2286
vn -0.9859 -0.0000 -0.1676
vn -0.9940 -0.0000 -0.1089
vn -0.9986 -0.0000 -0.0531
vn -1.0000 -0.0000 -0.0013
vn -0.9989 -0.0000 0.0478
vn -0.9952 -0.0000 0.0979
vn -0.9886 -0.0000 0.1507
vn -0.9786 -0.0000 0.2059
vn -0.9648 -0.0000 0.2631
vn -0.9469 -0.0000 0.3216
vn -0.9246 -0.0000 0.3809
vn -0.8979 -0.0000 0.4403
vn -0.8667 -0.0000 0.4988
vn -0.8313 -0.0000 0.5558
vn -0.7922 -0.0000 0.6102
vn -0.7488 -0.0000 0.6628
vn -0.6998 -0.0000 0.7144
vn -0.6464 -0.0000 0.7630
vn -0.5908 -0.0000 0.8068
vn -0.5338 -0.0000 0.8456
vn -0.4765 -0.0000 0.8792
vn -0.4197 -0.0000 0.9077
vn -0.3641 -0.0000 0.9313
vn -0.3105 -0.0000 0.9506
vn -0.2591 -0.0000 0.9658
vn -0.2103 -0.0000 0.9776
vn -0.1643 -0.0000 0.9864
vn -0.1179 -0.0000 0.9930
vn -0.0807 -0.0000 0.9967
vn -0.0590 -0.0000 0.9983
vn -0.0444 -0.0000 0.9990
vn -0.0340 -0.0000 0.9994
vn -0.0261 -0.0000 0.9997
vn -0.0199 -0.0000 0.9998
vn -0.0150 -0.0000 0.9999
vn -0.0109 -0.0000 0.9999
vn -0.0075 -0.0000 1.0000
vn -0.0046 -0.0000 1.0000
vn -0.0022 -0.0000 1.0000
vn -0.0012 -0.0000 -1.0000
vn -0.0051 -0.0000 -1.0000
vn -0.0108 -0.0000 -0.9999
vn -0.0173 -0.0000 -0.9998
vn -0.0250 -0.0000 -0.9997
vn -0.0339 -0.0000 -0.9994
vn -0.0446 -0.0000 -0.9990
vn -0.0575 -0.0000 -0.9983
vn -0.0735 -0.0000 -0.9973
vn -0.0938 -0.0000 -0.9956
vn -0.1203 -0.0000 -0.9927
vn -0.1564 -0.0000 -0.9877
vn -0.1899 -0.0000 -0.9818
vn -0.2268 -0.0000 -0.9739
vn -0.2758 -0.0000 -0.9612
vn -0.3259 -0.0000 -0.9454
vn -0.3766 -0.0000 -0.9264
vn -0.4275 -0.0000 -0.9040
vn -0.4781 -0.0000 -0.8783
vn -0.5278 -0.0000 -0.8494
vn -0.5760 -0.0000 -0.8174
vn -0.6224 -0.0000 -0.7827
vn -0.6664 -0.0000 -0.7456
vn -0.7077 -0.0000 -0.7065
vn -0.7484 -0.0000 -0.6632
vn -0.7907 -0.0000 -0.6123
vn -0.8314 -0.0000 -0.5557
vn -0.8678 -0.0000 -0.4969
vn -0.8995 -0.0000 -0.4369
vn -0.9264 -0.0000 -0.3765
vn -0.9486 -0.0000 -0.3166
vn -0.9662 -0.0000 -0.2579
vn -0.9796 -0.0000 -0.2011
vn -0.9892 -0.0000 -0.1467
vn -0.9955 -0.0000 -0.0950
vn -0.9989 -0.0000 -0.0462
vn -1.0000 -0.0000 -0.0010
vn -0.9991 -0.0000 0.0417
vn -0.9964 -0.0000 0.0851
vn -0.9915 -0.0000 0.1303
vn -0.9842 -0.0000 0.1771
vn -0.9742 -0.0000 0.2255
vn -0.9615 -0.0000 0.2749
vn -0.9457 -0.0000 0.3251
vn -0.9268 -0.0000 0.3755
vn -0.9048 -0.0000 0.4259
vn -0.8797 -0.0000 0.4756
vn -0.8517 -0.0000 0.5241
vn -0.8209 -0.0000 0.5711
vn -0.7874 -0.0000 0.6164
vn -0.7513 -0.0000 0.6600
vn -0.7127 -0.0000 0.7015
vn -0.6721 -0.0000 0.7404
vn -0.6300 -0.0000 0.7766
vn -0.5867 -0.0000 0.8098
vn -0.5428 -0.0000 0.8398
vn -0.4988 -0.0000 0.8667
vn -0.4549 -0.0000 0.8905
vn -0.4117 -0.0000 0.9113
vn -0.3693 -0.0000 0.9293
vn -0.3194 -0.0000 0.9476
vn -0.2596 -0.0000 0.9657
vn -0.2053 -0.0000 0.9787
vn -0.1632 -0.0000 0.9866
vn -0.1297 -0.0000 0.9915
vn -0.1026 -0.0000 0.9947
vn -0.0802 -0.0000 0.9968
vn -0.0614 -0.0000 0.9981
vn -0.0454 -0.0000 0.9990
vn -0.0317 -0.0000 0.9995
vn -0.0198 -0.0000 0.9998
vn -0.0094 -0.0000 1.0000
vn 0.1999 -0.0000 -0.9798
vn 0.3001 -0.0000 -0.9539
vn 0.7365 -0.0000 -0.6764
vn 0.8841 -0.0000 -0.4672
vn 0.9400 -0.0000 -0.3412
vn 0.9547 -0.0000 -0.2977
vn 1.0000 -0.0000 0.0014
vn 0.9273 -0.0000 0.3743
vn 0.8401 -0.0000 0.5424
vn 0.7571 -0.0000 -0.6533
vn 0.8843 -0.0000 -0.4669
vn 0.9878 -0.0000 0.1560
vn 0.8395 -0.0000 0.5434
vn 0.6757 -0.0000 0.7371
vn -0.3508 -0.0000 -0.9365
vn -0.5077 -0.0000 -0.8615
vn -0.5599 -0.0000 -0.8285
vn -0.7079 -0.0000 -0.7063
vn -0.8394 -0.0000 -0.5435
vn -0.9078 -0.0000 -0.4194
vn -0.9940 -0.0000 -0.1090
vn -0.9989 -0.0000 0.0477
vn -0.9952 -0.0000 0.0980
vn -0.9886 -0.0000 0.1508
vn -0.8978 -0.0000 0.4403
vn -0.8314 -0.0000 0.5557
vn -0.9264 -0.0000 -0.3764
vn -0.9486 -0.0000 -0.3165
vn -0.9892 -0.0000 -0.1468
vn -1.0000 -0.0000 -0.0011
vn -0.9842 -0.0000 0.1772
vn -0.9268 -0.0000 0.3756
vn -0.8516 -0.0000 0.5241
vn -0.7127 -0.0000 0.7014
vt 0.756757 0.000000
vt 0.753378 0.000000
vt 0.000000 0.000000
vt 0.003378 0.000000
vt 0.493243 0.000000
vt 0.506757 0.000000
vt 0.503378 0.000000
vt 0.500000 0.000000
vt 1.000000 0.000000
vt 0.516892 0.000000
vt 0.513514 0.000000
vt 0.750000 0.000000
vt 0.510135 0.000000
vt 0.996622 0.000000
vt 0.523649 0.000000
vt 0.520270 0.000000
vt 0.760135 0.000000
vt 0.486486 0.000000
vt 0.763514 0.000000
vt 0.013514 0.000000
vt 0.729730 0.000000
vt 0.726351 0.000000
vt 0.766892 0.000000
vt 0.483108 0.000000
vt 0.770270 0.000000
vt 0.527027 0.000000
vt 0.993243 0.000000
vt 0.530405 0.000000
vt 0.010135 0.000000
vt 0.733108 0.000000
vt 0.736486 0.000000
vt 0.006757 0.000000
vt 0.489865 0.000000
vt 0.739865 0.000000
vt 0.743243 0.000000
vt 0.746622 0.000000
vt 0.496622 0.000000
vt 0.773649 0.000000
vt 0.479730 0.000000
vt 0.777027 0.000000
vt 0.533784 0.000000
vt 0.989865 0.000000
vt 0.986486 0.000000
vt 0.537162 0.000000
vt 0.543919 0.000000
vt 0.540541 0.000000
vt 0.983108 0.000000
vt 0.547297 0.000000
vt 0.476351 0.000000
vt 0.780405 0.000000
vt 0.719595 0.000000
vt 0.020270 0.000000
vt 0.722973 0.000000
vt 0.016892 0.000000
vt 0.469595 0.000000
vt 0.793919 0.000000
vt 0.790541 0.000000
vt 0.787162 0.000000
vt 0.472973 0.000000
vt 0.783784 0.000000
vt 0.550676 0.000000
vt 0.979730 0.000000
vt 0.976351 0.000000
vt 0.554054 0.000000
vt 0.557432 0.000000
vt 0.712838 0.000000
vt 0.709459 0.000000
vt 0.027027 0.000000
vt 0.023649 0.000000
vt 0.716216 0.000000
vt 0.797297 0.000000
vt 0.466216 0.000000
vt 0.462838 0.000000
vt 0.800676 0.000000
vt 0.804054 0.000000
vt 0.459459 0.000000
vt 0.807432 0.000000
vt 0.456081 0.000000
vt 0.452703 0.000000
vt 0.810811 0.000000
vt 0.692568 0.000000
vt 0.689189 0.000000
vt 0.050676 0.000000
vt 0.047297 0.000000
vt 0.043919 0.000000
vt 0.695946 0.000000
vt 0.040541 0.000000
vt 0.972973 0.000000
vt 0.560811 0.000000
vt 0.969595 0.000000
vt 0.564189 0.000000
vt 0.699324 0.000000
vt 0.037162 0.000000
vt 0.702703 0.000000
vt 0.033784 0.000000
vt 0.706081 0.000000
vt 0.030405 0.000000
vt 0.925676 0.000000
vt 0.922297 0.000000
vt 0.266892 0.000000
vt 0.263514 0.000000
vt 0.929054 0.000000
vt 0.260135 0.000000
vt 0.932432 0.000000
vt 0.256757 0.000000
vt 0.837838 0.000000
vt 0.412162 0.000000
vt 0.408784 0.000000
vt 0.405405 0.000000
vt 0.841216 0.000000
vt 0.402027 0.000000
vt 0.398649 0.000000
vt 0.844595 0.000000
vt 0.395270 0.000000
vt 0.391892 0.000000
vt 0.847973 0.000000
vt 0.388514 0.000000
vt 0.385135 0.000000
vt 0.851351 0.000000
vt 0.381757 0.000000
vt 0.378378 0.000000
vt 0.854730 0.000000
vt 0.375000 0.000000
vt 0.371622 0.000000
vt 0.858108 0.000000
vt 0.368243 0.000000
vt 0.861486 0.000000
vt 0.364865 0.000000
vt 0.361486 0.000000
vt 0.864865 0.000000
vt 0.358108 0.000000
vt 0.354730 0.000000
vt 0.868243 0.000000
vt 0.351351 0.000000
vt 0.347973 0.000000
vt 0.871622 0.000000
vt 0.344595 0.000000
vt 0.341216 0.000000
vt 0.875000 0.000000
vt 0.337838 0.000000
vt 0.334459 0.000000
vt 0.878378 0.000000
vt 0.331081 0.000000
vt 0.881757 0.000000
vt 0.327703 0.000000
vt 0.324324 0.000000
vt 0.885135 0.000000
vt 0.320946 0.000000
vt 0.888514 0.000000
vt 0.317568 0.000000
vt 0.314189 0.000000
vt 0.891892 0.000000
vt 0.310811 0.000000
vt 0.895270 0.000000
vt 0.307432 0.000000
vt 0.304054 0.000000
vt 0.898649 0.000000
vt 0.300676 0.000000
vt 0.902027 0.000000
vt 0.297297 0.000000
vt 0.293919 0.000000
vt 0.905405 0.000000
vt 0.290541 0.000000
vt 0.908784 0.000000
vt 0.287162 0.000000
vt 0.283784 0.000000
vt 0.912162 0.000000
vt 0.280405 0.000000
vt 0.915541 0.000000
vt 0.277027 0.000000
vt 0.273649 0.000000
vt 0.918919 0.000000
vt 0.270270 0.000000
vt 0.185811 0.000000
vt 0.182432 0.000000
vt 0.628378 0.000000
vt 0.179054 0.000000
vt 0.631757 0.000000
vt 0.175676 0.000000
vt 0.172297 0.000000
vt 0.449324 0.000000
vt 0.814189 0.000000
vt 0.445946 0.000000
vt 0.817568 0.000000
vt 0.442568 0.000000
vt 0.820946 0.000000
vt 0.439189 0.000000
vt 0.435811 0.000000
vt 0.824324 0.000000
vt 0.432432 0.000000
vt 0.827703 0.000000
vt 0.429054 0.000000
vt 0.425676 0.000000
vt 0.831081 0.000000
vt 0.422297 0.000000
vt 0.418919 0.000000
vt 0.834459 0.000000
vt 0.415541 0.000000
vt 0.935811 0.000000
vt 0.253378 0.000000
vt 0.939189 0.000000
vt 0.250000 0.000000
vt 0.942568 0.000000
vt 0.945946 0.000000
vt 0.949324 0.000000
vt 0.952703 0.000000
vt 0.956081 0.000000
vt 0.959459 0.000000
vt 0.962838 0.000000
vt 0.966216 0.000000
vt 0.567568 0.000000
vt 0.570946 0.000000
vt 0.574324 0.000000
vt 0.577703 0.000000
vt 0.581081 0.000000
vt 0.584459 0.000000
vt 0.587838 0.000000
vt 0.591216 0.000000
vt 0.246622 0.000000
vt 0.594595 0.000000
vt 0.243243 0.000000
vt 0.239865 0.000000
vt 0.597973 0.000000
vt 0.236486 0.000000
vt 0.601351 0.000000
vt 0.233108 0.000000
vt 0.229730 0.000000
vt 0.604730 0.000000
vt 0.226351 0.000000
vt 0.222973 0.000000
vt 0.608108 0.000000
vt 0.219595 0.000000
vt 0.216216 0.000000
vt 0.611486 0.000000
vt 0.212838 0.000000
vt 0.614865 0.000000
vt 0.209459 0.000000
vt 0.206081 0.000000
vt 0.618243 0.000000
vt 0.202703 0.000000
vt 0.199324 0.000000
vt 0.621622 0.000000
vt 0.195946 0.000000
vt 0.192568 0.000000
vt 0.625000 0.000000
vt 0.189189 0.000000
vt 0.635135 0.000000
vt 0.168919 0.000000
vt 0.638514 0.000000
vt 0.165541 0.000000
vt 0.162162 0.000000
vt 0.641892 0.000000
vt 0.158784 0.000000
vt 0.155405 0.000000
vt 0.645270 0.000000
vt 0.152027 0.000000
vt 0.148649 0.000000
vt 0.145270 0.000000
vt 0.648649 0.000000
vt 0.141892 0.000000
vt 0.138514 0.000000
vt 0.652027 0.000000
vt 0.135135 0.000000
vt 0.131757 0.000000
vt 0.655405 0.000000
vt 0.128378 0.000000
vt 0.125000 0.000000
vt 0.658784 0.000000
vt 0.121622 0.000000
vt 0.118243 0.000000
vt 0.114865 0.000000
vt 0.662162 0.000000
vt 0.111486 0.000000
vt 0.108108 0.000000
vt 0.665541 0.000000
vt 0.104730 0.000000
vt 0.101351 0.000000
vt 0.668919 0.000000
vt 0.097973 0.000000
vt 0.094595 0.000000
vt 0.672297 0.000000
vt 0.091216 0.000000
vt 0.087838 0.000000
vt 0.084459 0.000000
vt 0.675676 0.000000
vt 0.081081 0.000000
vt 0.077703 0.000000
vt 0.679054 0.000000
vt 0.074324 0.000000
vt 0.070946 0.000000
vt 0.682432 0.000000
vt 0.067568 0.000000
vt 0.064189 0.000000
vt 0.685811 0.000000
vt 0.060811 0.000000
vt 0.057432 0.000000
vt 0.054054 0.000000
vt 0.994220 0.000000
vt 0.988439 0.000000
vt 0.034682 0.000000
vt 0.028902 0.000000
vt 0.023121 0.000000
vt 0.017341 0.000000
vt 0.011561 0.000000
vt 0.005780 0.000000
vt 0.763006 0.000000
vt 0.184971 0.000000
vt 0.768786 0.000000
vt 0.179191 0.000000
vt 0.745665 0.000000
vt 0.202312 0.000000
vt 0.751445 0.000000
vt 0.196532 0.000000
vt 0.208092 0.000000
vt 0.739884 0.000000
vt 0.213873 0.000000
vt 0.219653 0.000000
vt 0.734104 0.000000
vt 0.225434 0.000000
vt 0.757225 0.000000
vt 0.190751 0.000000
vt 0.774566 0.000000
vt 0.173410 0.000000
vt 0.780347 0.000000
vt 0.786127 0.000000
vt 0.167630 0.000000
vt 0.791907 0.000000
vt 0.797688 0.000000
vt 0.161850 0.000000
vt 0.803468 0.000000
vt 0.156069 0.000000
vt 0.809249 0.000000
vt 0.815029 0.000000
vt 0.150289 0.000000
vt 0.820809 0.000000
vt 0.826590 0.000000
vt 0.144509 0.000000
vt 0.832370 0.000000
vt 0.838150 0.000000
vt 0.138728 0.000000
vt 0.843931 0.000000
vt 0.849711 0.000000
vt 0.132948 0.000000
vt 0.855491 0.000000
vt 0.861272 0.000000
vt 0.127168 0.000000
vt 0.867052 0.000000
vt 0.872832 0.000000
vt 0.121387 0.000000
vt 0.878613 0.000000
vt 0.884393 0.000000
vt 0.890173 0.000000
vt 0.115607 0.000000
vt 0.895954 0.000000
vt 0.901734 0.000000
vt 0.109827 0.000000
vt 0.907514 0.000000
vt 0.913295 0.000000
vt 0.104046 0.000000
vt 0.919075 0.000000
vt 0.924855 0.000000
vt 0.930636 0.000000
vt 0.098266 0.000000
vt 0.936416 0.000000
vt 0.942197 0.000000
vt 0.092486 0.000000
vt 0.947977 0.000000
vt 0.086705 0.000000
vt 0.953757 0.000000
vt 0.080925 0.000000
vt 0.959538 0.000000
vt 0.075145 0.000000
vt 0.965318 0.000000
vt 0.069364 0.000000
vt 0.063584 0.000000
vt 0.971098 0.000000
vt 0.057803 0.000000
vt 0.976879 0.000000
vt 0.052023 0.000000
vt 0.046243 0.000000
vt 0.982659 0.000000
vt 0.040462 0.000000
vt 0.231214 0.000000
vt 0.728324 0.000000
vt 0.722543 0.000000
vt 0.236994 0.000000
vt 0.716763 0.000000
vt 0.242775 0.000000
vt 0.710983 0.000000
vt 0.248555 0.000000
vt 0.705202 0.000000
vt 0.254335 0.000000
vt 0.699422 0.000000
vt 0.260116 0.000000
vt 0.693642 0.000000
vt 0.687861 0.000000
vt 0.265896 0.000000
vt 0.682081 0.000000
vt 0.271676 0.000000
vt 0.676301 0.000000
vt 0.277457 0.000000
vt 0.670520 0.000000
vt 0.664740 0.000000
vt 0.283237 0.000000
vt 0.416185 0.000000
vt 0.410405 0.000000
vt 0.473988 0.000000
vt 0.468208 0.000000
vt 0.421965 0.000000
vt 0.462428 0.000000
vt 0.427746 0.000000
vt 0.456647 0.000000
vt 0.433526 0.000000
vt 0.450867 0.000000
vt 0.439306 0.000000
vt 0.445087 0.000000
vt 0.658960 0.000000
vt 0.653179 0.000000
vt 0.289017 0.000000
vt 0.647399 0.000000
vt 0.294798 0.000000
vt 0.641618 0.000000
vt 0.635838 0.000000
vt 0.300578 0.000000
vt 0.630058 0.000000
vt 0.624277 0.000000
vt 0.306358 0.000000
vt 0.618497 0.000000
vt 0.612717 0.000000
vt 0.312139 0.000000
vt 0.606936 0.000000
vt 0.601156 0.000000
vt 0.317919 0.000000
vt 0.595376 0.000000
vt 0.589595 0.000000
vt 0.323699 0.000000
vt 0.583815 0.000000
vt 0.578035 0.000000
vt 0.329480 0.000000
vt 0.572254 0.000000
vt 0.566474 0.000000
vt 0.335260 0.000000
vt 0.560694 0.000000
vt 0.554913 0.000000
vt 0.341040 0.000000
vt 0.549133 0.000000
vt 0.543353 0.000000
vt 0.346821 0.000000
vt 0.537572 0.000000
vt 0.531792 0.000000
vt 0.352601 0.000000
vt 0.526012 0.000000
vt 0.520231 0.000000
vt 0.358382 0.000000
vt 0.514451 0.000000
vt 0.364162 0.000000
vt 0.508671 0.000000
vt 0.369942 0.000000
vt 0.502890 0.000000
vt 0.375723 0.000000
vt 0.497110 0.000000
vt 0.381503 0.000000
vt 0.491329 0.000000
vt 0.387283 0.000000
vt 0.393064 0.000000
vt 0.485549 0.000000
vt 0.398844 0.000000
vt 0.479769 0.000000
vt 0.404624 0.000000
vt 0.000000 1.000000
vt 0.005747 1.000000
vt 0.005747 0.000000
vt 0.011494 1.000000
vt 0.011494 0.000000
vt 0.017241 1.000000
vt 0.017241 0.000000
vt 0.022989 1.000000
vt 0.022989 0.000000
vt 0.028736 1.000000
vt 0.028736 0.000000
vt 0.034483 1.000000
vt 0.034483 0.000000
vt 0.040230 1.000000
vt 0.040230 0.000000
vt 0.045977 1.000000
vt 0.045977 0.000000
vt 0.051724 1.000000
vt 0.051724 0.000000
vt 0.057471 1.000000
vt 0.057471 0.000000
vt 0.063218 1.000000
vt 0.063218 0.000000
vt 0.068966 1.000000
vt 0.068966 0.000000
vt 0.074713 1.000000
vt 0.074713 0.000000
vt 0.080460 1.000000
vt 0.080460 0.000000
vt 0.086207 1.000000
vt 0.086207 0.000000
vt 0.091954 1.000000
vt 0.091954 0.000000
vt 0.097701 1.000000
vt 0.097701 0.000000
vt 0.103448 1.000000
vt 0.103448 0.000000
vt 0.109195 1.000000
vt 0.109195 0.000000
vt 0.114943 1.000000
vt 0.114943 0.000000
vt 0.120690 1.000000
vt 0.120690 0.000000
vt 0.126437 1.000000
vt 0.126437 0.000000
vt 0.132184 1.000000
vt 0.132184 0.000000
vt 0.137931 1.000000
vt 0.137931 0.000000
vt 0.143678 1.000000
vt 0.143678 0.000000
vt 0.149425 1.000000
vt 0.149425 0.000000
vt 0.155172 1.000000
vt 0.155172 0.000000
vt 0.160920 1.000000
vt 0.160920 0.000000
vt 0.166667 1.000000
vt 0.166667 0.000000
vt 0.172414 1.000000
vt 0.172414 0.000000
vt 0.178161 1.000000
vt 0.178161 0.000000
vt 0.183908 1.000000
vt 0.183908 0.000000
vt 0.189655 1.000000
vt 0.189655 0.000000
vt 0.195402 1.000000
vt 0.195402 0.000000
vt 0.201149 1.000000
vt 0.201149 0.000000
vt 0.206897 1.000000
vt 0.206897 0.000000
vt 0.212644 1.000000
vt 0.212644 0.000000
vt 0.218391 1.000000
vt 0.218391 0.000000
vt 0.224138 1.000000
vt 0.224138 0.000000
vt 0.229885 1.000000
vt 0.229885 0.000000
vt 0.235632 1.000000
vt 0.235632 0.000000
vt 0.241379 1.000000
vt 0.241379 0.000000
vt 0.247126 1.000000
vt 0.247126 0.000000
vt 0.252874 1.000000
vt 0.252874 0.000000
vt 0.258621 1.000000
vt 0.258621 0.000000
vt 0.264368 1.000000
vt 0.264368 0.000000
vt 0.270115 1.000000
vt 0.270115 0.000000
vt 0.275862 1.000000
vt 0.275862 0.000000
vt 0.281609 1.000000
vt 0.281609 0.000000
vt 0.287356 1.000000
vt 0.287356 0.000000
vt 0.293103 1.000000
vt 0.293103 0.000000
vt 0.298851 1.000000
vt 0.298851 0.000000
vt 0.304598 1.000000
vt 0.304598 0.000000
vt 0.310345 1.000000
vt 0.310345 0.000000
vt 0.316092 1.000000
vt 0.316092 0.000000
vt 0.321839 1.000000
vt 0.321839 0.000000
vt 0.327586 1.000000
vt 0.327586 0.000000
vt 0.333333 1.000000
vt 0.333333 0.000000
vt 0.339080 1.000000
vt 0.339080 0.000000
vt 0.344828 1.000000
vt 0.344828 0.000000
vt 0.350575 1.000000
vt 0.350575 0.000000
vt 0.356322 1.000000
vt 0.356322 0.000000
vt 0.362069 1.000000
vt 0.362069 0.000000
vt 0.367816 1.000000
vt 0.367816 0.000000
vt 0.373563 1.000000
vt 0.373563 0.000000
vt 0.379310 1.000000
vt 0.379310 0.000000
vt 0.385057 1.000000
vt 0.385057 0.000000
vt 0.390805 1.000000
vt 0.390805 0.000000
vt 0.396552 1.000000
vt 0.396552 0.000000
vt 0.402299 1.000000
vt 0.402299 0.000000
vt 0.408046 1.000000
vt 0.408046 0.000000
vt 0.413793 1.000000
vt 0.413793 0.000000
vt 0.419540 1.000000
vt 0.419540 0.000000
vt 0.425287 1.000000
vt 0.425287 0.000000
vt 0.431034 1.000000
vt 0.431034 0.000000
vt 0.436782 1.000000
vt 0.436782 0.000000
vt 0.442529 1.000000
vt 0.442529 0.000000
vt 0.448276 1.000000
vt 0.448276 0.000000
vt 0.454023 1.000000
vt 0.454023 0.000000
vt 0.459770 1.000000
vt 0.459770 0.000000
vt 0.465517 1.000000
vt 0.465517 0.000000
vt 0.471264 1.000000
vt 0.471264 0.000000
vt 0.477012 1.000000
vt 0.477012 0.000000
vt 0.482759 1.000000
vt 0.482759 0.000000
vt 0.488506 1.000000
vt 0.488506 0.000000
vt 0.494253 1.000000
vt 0.494253 0.000000
vt 0.500000 1.000000
vt 0.505747 1.000000
vt 0.505747 0.000000
vt 0.511494 1.000000
vt 0.511494 0.000000
vt 0.517241 1.000000
vt 0.517241 0.000000
vt 0.522988 1.000000
vt 0.522988 0.000000
vt 0.528736 1.000000
vt 0.528736 0.000000
vt 0.534483 1.000000
vt 0.534483 0.000000
vt 0.540230 1.000000
vt 0.540230 0.000000
vt 0.545977 1.000000
vt 0.545977 0.000000
vt 0.551724 1.000000
vt 0.551724 0.000000
vt 0.557471 1.000000
vt 0.557471 0.000000
vt 0.563218 1.000000
vt 0.563218 0.000000
vt 0.568965 1.000000
vt 0.568965 0.000000
vt 0.574713 1.000000
vt 0.574713 0.000000
vt 0.580460 1.000000
vt 0.580460 0.000000
vt 0.586207 1.000000
vt 0.586207 0.000000
vt 0.591954 1.000000
vt 0.591954 0.000000
vt 0.597701 1.000000
vt 0.597701 0.000000
vt 0.603448 1.000000
vt 0.603448 0.000000
vt 0.609195 1.000000
vt 0.609195 0.000000
vt 0.614943 1.000000
vt 0.614943 0.000000
vt 0.620690 1.000000
vt 0.620690 0.000000
vt 0.626437 1.000000
vt 0.626437 0.000000
vt 0.632184 1.000000
vt 0.632184 0.000000
vt 0.637931 1.000000
vt 0.637931 0.000000
vt 0.643678 1.000000
vt 0.643678 0.000000
vt 0.649425 1.000000
vt 0.649425 0.000000
vt 0.655172 1.000000
vt 0.655172 0.000000
vt 0.660920 1.000000
vt 0.660920 0.000000
vt 0.666667 1.000000
vt 0.666667 0.000000
vt 0.672414 1.000000
vt 0.672414 0.000000
vt 0.678161 1.000000
vt 0.678161 0.000000
vt 0.683908 1.000000
vt 0.683908 0.000000
vt 0.689655 1.000000
vt 0.689655 0.000000
vt 0.695402 1.000000
vt 0.695402 0.000000
vt 0.701149 1.000000
vt 0.701149 0.000000
vt 0.706897 1.000000
vt 0.706897 0.000000
vt 0.712644 1.000000
vt 0.712644 0.000000
vt 0.718391 1.000000
vt 0.718391 0.000000
vt 0.724138 1.000000
vt 0.724138 0.000000
vt 0.729885 1.000000
vt 0.729885 0.000000
vt 0.735632 1.000000
vt 0.735632 0.000000
vt 0.741379 1.000000
vt 0.741379 0.000000
vt 0.747126 1.000000
vt 0.747126 0.000000
vt 0.752874 1.000000
vt 0.752874 0.000000
vt 0.758621 1.000000
vt 0.758621 0.000000
vt 0.764368 1.000000
vt 0.764368 0.000000
vt 0.770115 1.000000
vt 0.770115 0.000000
vt 0.775862 1.000000
vt 0.775862 0.000000
vt 0.781609 1.000000
vt 0.781609 0.000000
vt 0.787356 1.000000
vt 0.787356 0.000000
vt 0.793103 1.000000
vt 0.793103 0.000000
vt 0.798851 1.000000
vt 0.798851 0.000000
vt 0.804598 1.000000
vt 0.804598 0.000000
vt 0.810345 1.000000
vt 0.810345 0.000000
vt 0.816092 1.000000
vt 0.816092 0.000000
vt 0.821839 1.000000
vt 0.821839 0.000000
vt 0.827586 1.000000
vt 0.827586 0.000000
vt 0.833333 1.000000
vt 0.833333 0.000000
vt 0.839080 1.000000
vt 0.839080 0.000000
vt 0.844828 1.000000
vt 0.844828 0.000000
vt 0.850575 1.000000
vt 0.850575 0.000000
vt 0.856322 1.000000
vt 0.856322 0.000000
vt 0.862069 1.000000
vt 0.862069 0.000000
vt 0.867816 1.000000
vt 0.867816 0.000000
vt 0.873563 1.000000
vt 0.873563 0.000000
vt 0.879310 1.000000
vt 0.879310 0.000000
vt 0.885057 1.000000
vt 0.885057 0.000000
vt 0.890805 1.000000
vt 0.890805 0.000000
vt 0.896552 1.000000
vt 0.896552 0.000000
vt 0.902299 1.000000
vt 0.902299 0.000000
vt 0.908046 1.000000
vt 0.908046 0.000000
vt 0.913793 1.000000
vt 0.913793 0.000000
vt 0.919540 1.000000
vt 0.919540 0.000000
vt 0.925287 1.000000
vt 0.925287 0.000000
vt 0.931035 1.000000
vt 0.931035 0.000000
vt 0.936782 1.000000
vt 0.936782 0.000000
vt 0.942529 1.000000
vt 0.942529 0.000000
vt 0.948276 1.000000
vt 0.948276 0.000000
vt 0.954023 1.000000
vt 0.954023 0.000000
vt 0.959770 1.000000
vt 0.959770 0.000000
vt 0.965517 1.000000
vt 0.965517 0.000000
vt 0.971264 1.000000
vt 0.971264 0.000000
vt 0.977012 1.000000
vt 0.977012 0.000000
vt 0.982759 1.000000
vt 0.982759 0.000000
vt 0.988506 1.000000
vt 0.988506 0.000000
vt 0.994253 1.000000
vt 0.994253 0.000000
vt 1.000000 1.000000
vt 0.006803 1.000000
vt 0.006803 0.000000
vt 0.013605 1.000000
vt 0.013605 0.000000
vt 0.020408 1.000000
vt 0.020408 0.000000
vt 0.027211 1.000000
vt 0.027211 0.000000
vt 0.034014 1.000000
vt 0.034014 0.000000
vt 0.040816 1.000000
vt 0.040816 0.000000
vt 0.047619 1.000000
vt 0.047619 0.000000
vt 0.054422 1.000000
vt 0.054422 0.000000
vt 0.061224 1.000000
vt 0.061224 0.000000
vt 0.068027 1.000000
vt 0.068027 0.000000
vt 0.074830 1.000000
vt 0.074830 0.000000
vt 0.081633 1.000000
vt 0.081633 0.000000
vt 0.088435 1.000000
vt 0.088435 0.000000
vt 0.095238 1.000000
vt 0.095238 0.000000
vt 0.102041 1.000000
vt 0.102041 0.000000
vt 0.108844 1.000000
vt 0.108844 0.000000
vt 0.115646 1.000000
vt 0.115646 0.000000
vt 0.122449 1.000000
vt 0.122449 0.000000
vt 0.129252 1.000000
vt 0.129252 0.000000
vt 0.136054 1.000000
vt 0.136054 0.000000
vt 0.142857 1.000000
vt 0.142857 0.000000
vt 0.149660 1.000000
vt 0.149660 0.000000
vt 0.156463 1.000000
vt 0.156463 0.000000
vt 0.163265 1.000000
vt 0.163265 0.000000
vt 0.170068 1.000000
vt 0.170068 0.000000
vt 0.176871 1.000000
vt 0.176871 0.000000
vt 0.183673 1.000000
vt 0.183673 0.000000
vt 0.190476 1.000000
vt 0.190476 0.000000
vt 0.197279 1.000000
vt 0.197279 0.000000
vt 0.204082 1.000000
vt 0.204082 0.000000
vt 0.210884 1.000000
vt 0.210884 0.000000
vt 0.217687 1.000000
vt 0.217687 0.000000
vt 0.224490 1.000000
vt 0.224490 0.000000
vt 0.231293 1.000000
vt 0.231293 0.000000
vt 0.238095 1.000000
vt 0.238095 0.000000
vt 0.244898 1.000000
vt 0.244898 0.000000
vt 0.251701 1.000000
vt 0.251701 0.000000
vt 0.258503 1.000000
vt 0.258503 0.000000
vt 0.265306 1.000000
vt 0.265306 0.000000
vt 0.272109 1.000000
vt 0.272109 0.000000
vt 0.278912 1.000000
vt 0.278912 0.000000
vt 0.285714 1.000000
vt 0.285714 0.000000
vt 0.292517 1.000000
vt 0.292517 0.000000
vt 0.299320 1.000000
vt 0.299320 0.000000
vt 0.306122 1.000000
vt 0.306122 0.000000
vt 0.312925 1.000000
vt 0.312925 0.000000
vt 0.319728 1.000000
vt 0.319728 0.000000
vt 0.326531 1.000000
vt 0.326531 0.000000
vt 0.340136 1.000000
vt 0.340136 0.000000
vt 0.346939 1.000000
vt 0.346939 0.000000
vt 0.353741 1.000000
vt 0.353741 0.000000
vt 0.360544 1.000000
vt 0.360544 0.000000
vt 0.367347 1.000000
vt 0.367347 0.000000
vt 0.374150 1.000000
vt 0.374150 0.000000
vt 0.380952 1.000000
vt 0.380952 0.000000
vt 0.387755 1.000000
vt 0.387755 0.000000
vt 0.394558 1.000000
vt 0.394558 0.000000
vt 0.401361 1.000000
vt 0.401361 0.000000
vt 0.408163 1.000000
vt 0.408163 0.000000
vt 0.414966 1.000000
vt 0.414966 0.000000
vt 0.421769 1.000000
vt 0.421769 0.000000
vt 0.428571 1.000000
vt 0.428571 0.000000
vt 0.435374 1.000000
vt 0.435374 0.000000
vt 0.442177 1.000000
vt 0.442177 0.000000
vt 0.448980 1.000000
vt 0.448980 0.000000
vt 0.455782 1.000000
vt 0.455782 0.000000
vt 0.462585 1.000000
vt 0.462585 0.000000
vt 0.469388 1.000000
vt 0.469388 0.000000
vt 0.476190 1.000000
vt 0.476190 0.000000
vt 0.482993 1.000000
vt 0.482993 0.000000
vt 0.489796 1.000000
vt 0.489796 0.000000
vt 0.496599 1.000000
vt 0.496599 0.000000
vt 0.503401 1.000000
vt 0.503401 0.000000
vt 0.510204 1.000000
vt 0.510204 0.000000
vt 0.517007 1.000000
vt 0.517007 0.000000
vt 0.523810 1.000000
vt 0.523810 0.000000
vt 0.530612 1.000000
vt 0.530612 0.000000
vt 0.537415 1.000000
vt 0.537415 0.000000
vt 0.544218 1.000000
vt 0.544218 0.000000
vt 0.551020 1.000000
vt 0.551020 0.000000
vt 0.557823 1.000000
vt 0.557823 0.000000
vt 0.564626 1.000000
vt 0.564626 0.000000
vt 0.571429 1.000000
vt 0.571429 0.000000
vt 0.578231 1.000000
vt 0.578231 0.000000
vt 0.585034 1.000000
vt 0.585034 0.000000
vt 0.591837 1.000000
vt 0.591837 0.000000
vt 0.598639 1.000000
vt 0.598639 0.000000
vt 0.605442 1.000000
vt 0.605442 0.000000
vt 0.612245 1.000000
vt 0.612245 0.000000
vt 0.619048 1.000000
vt 0.619048 0.000000
vt 0.625850 1.000000
vt 0.625850 0.000000
vt 0.632653 1.000000
vt 0.632653 0.000000
vt 0.639456 1.000000
vt 0.639456 0.000000
vt 0.646259 1.000000
vt 0.646259 0.000000
vt 0.653061 1.000000
vt 0.653061 0.000000
vt 0.659864 1.000000
vt 0.659864 0.000000
vt 0.673469 1.000000
vt 0.673469 0.000000
vt 0.680272 1.000000
vt 0.680272 0.000000
vt 0.687075 1.000000
vt 0.687075 0.000000
vt 0.693878 1.000000
vt 0.693878 0.000000
vt 0.700680 1.000000
vt 0.700680 0.000000
vt 0.707483 1.000000
vt 0.707483 0.000000
vt 0.714286 1.000000
vt 0.714286 0.000000
vt 0.721088 1.000000
vt 0.721088 0.000000
vt 0.727891 1.000000
vt 0.727891 0.000000
vt 0.734694 1.000000
vt 0.734694 0.000000
vt 0.741497 1.000000
vt 0.741497 0.000000
vt 0.748299 1.000000
vt 0.748299 0.000000
vt 0.755102 1.000000
vt 0.755102 0.000000
vt 0.761905 1.000000
vt 0.761905 0.000000
vt 0.768707 1.000000
vt 0.768707 0.000000
vt 0.775510 1.000000
vt 0.775510 0.000000
vt 0.782313 1.000000
vt 0.782313 0.000000
vt 0.789116 1.000000
vt 0.789116 0.000000
vt 0.795918 1.000000
vt 0.795918 0.000000
vt 0.802721 1.000000
vt 0.802721 0.000000
vt 0.809524 1.000000
vt 0.809524 0.000000
vt 0.816327 1.000000
vt 0.816327 0.000000
vt 0.823129 1.000000
vt 0.823129 0.000000
vt 0.829932 1.000000
vt 0.829932 0.000000
vt 0.836735 1.000000
vt 0.836735 0.000000
vt 0.843537 1.000000
vt 0.843537 0.000000
vt 0.850340 1.000000
vt 0.850340 0.000000
vt 0.857143 1.000000
vt 0.857143 0.000000
vt 0.863946 1.000000
vt 0.863946 0.000000
vt 0.870748 1.000000
vt 0.870748 0.000000
vt 0.877551 1.000000
vt 0.877551 0.000000
vt 0.884354 1.000000
vt 0.884354 0.000000
vt 0.891156 1.000000
vt 0.891156 0.000000
vt 0.897959 1.000000
vt 0.897959 0.000000
vt 0.904762 1.000000
vt 0.904762 0.000000
vt 0.911565 1.000000
vt 0.911565 0.000000
vt 0.918367 1.000000
vt 0.918367 0.000000
vt 0.925170 1.000000
vt 0.925170 0.000000
vt 0.931973 1.000000
vt 0.931973 0.000000
vt 0.938776 1.000000
vt 0.938776 0.000000
vt 0.945578 1.000000
vt 0.945578 0.000000
vt 0.952381 1.000000
vt 0.952381 0.000000
vt 0.959184 1.000000
vt 0.959184 0.000000
vt 0.965986 1.000000
vt 0.965986 0.000000
vt 0.972789 1.000000
vt 0.972789 0.000000
vt 0.979592 1.000000
vt 0.979592 0.000000
vt 0.986395 1.000000
vt 0.986395 0.000000
vt 0.993197 1.000000
vt 0.993197 0.000000
vt 0.013333 1.000000
vt 0.013333 0.000000
vt 0.026667 1.000000
vt 0.026667 0.000000
vt 0.040000 1.000000
vt 0.040000 0.000000
vt 0.053333 1.000000
vt 0.053333 0.000000
vt 0.066667 1.000000
vt 0.066667 0.000000
vt 0.080000 1.000000
vt 0.080000 0.000000
vt 0.093333 1.000000
vt 0.093333 0.000000
vt 0.106667 1.000000
vt 0.106667 0.000000
vt 0.120000 1.000000
vt 0.120000 0.000000
vt 0.133333 1.000000
vt 0.133333 0.000000
vt 0.146667 1.000000
vt 0.146667 0.000000
vt 0.160000 1.000000
vt 0.160000 0.000000
vt 0.173333 1.000000
vt 0.173333 0.000000
vt 0.186667 1.000000
vt 0.186667 0.000000
vt 0.200000 1.000000
vt 0.200000 0.000000
vt 0.213333 1.000000
vt 0.213333 0.000000
vt 0.226667 1.000000
vt 0.226667 0.000000
vt 0.240000 1.000000
vt 0.240000 0.000000
vt 0.253333 1.000000
vt 0.253333 0.000000
vt 0.266667 1.000000
vt 0.266667 0.000000
vt 0.280000 1.000000
vt 0.280000 0.000000
vt 0.293333 1.000000
vt 0.293333 0.000000
vt 0.306667 1.000000
vt 0.306667 0.000000
vt 0.320000 1.000000
vt 0.320000 0.000000
vt 0.346667 1.000000
vt 0.346667 0.000000
vt 0.360000 1.000000
vt 0.360000 0.000000
vt 0.373333 1.000000
vt 0.373333 0.000000
vt 0.386667 1.000000
vt 0.386667 0.000000
vt 0.400000 1.000000
vt 0.400000 0.000000
vt 0.413333 1.000000
vt 0.413333 0.000000
vt 0.426667 1.000000
vt 0.426667 0.000000
vt 0.440000 1.000000
vt 0.440000 0.000000
vt 0.453333 1.000000
vt 0.453333 0.000000
vt 0.466667 1.000000
vt 0.466667 0.000000
vt 0.480000 1.000000
vt 0.480000 0.000000
vt 0.493333 1.000000
vt 0.493333 0.000000
vt 0.506667 1.000000
vt 0.506667 0.000000
vt 0.520000 1.000000
vt 0.520000 0.000000
vt 0.533333 1.000000
vt 0.533333 0.000000
vt 0.546667 1.000000
vt 0.546667 0.000000
vt 0.560000 1.000000
vt 0.560000 0.000000
vt 0.573333 1.000000
vt 0.573333 0.000000
vt 0.586667 1.000000
vt 0.586667 0.000000
vt 0.600000 1.000000
vt 0.600000 0.000000
vt 0.613333 1.000000
vt 0.613333 0.000000
vt 0.626667 1.000000
vt 0.626667 0.000000
vt 0.640000 1.000000
vt 0.640000 0.000000
vt 0.653333 1.000000
vt 0.653333 0.000000
vt 0.680000 1.000000
vt 0.680000 0.000000
vt 0.693333 1.000000
vt 0.693333 0.000000
vt 0.706667 1.000000
vt 0.706667 0.000000
vt 0.720000 1.000000
vt 0.720000 0.000000
vt 0.733333 1.000000
vt 0.733333 0.000000
vt 0.746667 1.000000
vt 0.746667 0.000000
vt 0.760000 1.000000
vt 0.760000 0.000000
vt 0.773333 1.000000
vt 0.773333 0.000000
vt 0.786667 1.000000
vt 0.786667 0.000000
vt 0.800000 1.000000
vt 0.800000 0.000000
vt 0.813333 1.000000
vt 0.813333 0.000000
vt 0.826667 1.000000
vt 0.826667 0.000000
vt 0.840000 1.000000
vt 0.840000 0.000000
vt 0.853333 1.000000
vt 0.853333 0.000000
vt 0.866667 1.000000
vt 0.866667 0.000000
vt 0.880000 1.000000
vt 0.880000 0.000000
vt 0.893333 1.000000
vt 0.893333 0.000000
vt 0.906667 1.000000
vt 0.906667 0.000000
vt 0.920000 1.000000
vt 0.920000 0.000000
vt 0.933333 1.000000
vt 0.933333 0.000000
vt 0.946667 1.000000
vt 0.946667 0.000000
vt 0.960000 1.000000
vt 0.960000 0.000000
vt 0.973333 1.000000
vt 0.973333 0.000000
vt 0.986667 1.000000
vt 0.986667 0.000000
s 0
usemtl Material.002
f 289/131/35 288/132/35 65/133/35
f 66/134/35 65/133/35 288/132/35
f 289/131/35 65/133/35 211/135/35
f 215/136/35 214/137/35 288/132/35
f 66/134/35 288/132/35 214/137/35
f 214/137/35 213/138/35 66/134/35
f 361/139/35 218/140/35 217/141/35
f 361/139/35 217/141/35 287/142/35
f 216/143/35 287/142/35 217/141/35
f 215/136/35 288/132/35 287/142/35
f 287/142/35 216/143/35 215/136/35
f 360/144/35 220/145/35 219/146/35
f 290/147/35 209/148/35 291/149/35
f 69/150/35 281/151/35 280/152/35
f 292/153/35 208/154/35 293/155/35
f 221/156/35 359/157/35 222/158/35
f 281/151/35 69/150/35 68/159/35
f 291/149/35 209/148/35 208/154/35
f 208/154/35 292/153/35 291/149/35
f 220/145/35 360/144/35 359/157/35
f 359/157/35 221/156/35 220/145/35
f 281/151/35 68/159/35 282/160/35
f 283/161/35 282/160/35 68/159/35
f 67/162/35 283/161/35 68/159/35
f 209/148/35 290/147/35 210/163/35
f 211/135/35 210/163/35 290/147/35
f 289/131/35 211/135/35 290/147/35
f 360/144/35 219/146/35 361/139/35
f 218/140/35 361/139/35 219/146/35
f 283/161/35 67/162/35 284/164/35
f 285/165/35 284/164/35 67/162/35
f 286/166/35 285/165/35 67/162/35
f 212/167/35 286/166/35 67/162/35
f 213/138/35 212/167/35 67/162/35
f 66/134/35 213/138/35 67/162/35
f 294/168/35 207/169/35 295/170/35
f 223/171/35 358/172/35 357/173/35
f 357/173/35 224/174/35 223/171/35
f 226/175/35 225/176/35 356/177/35
f 356/177/35 227/178/35 226/175/35
f 295/170/35 207/169/35 206/179/35
f 206/179/35 296/180/35 295/170/35
f 356/177/35 225/176/35 357/173/35
f 224/174/35 357/173/35 225/176/35
f 278/181/35 71/182/35 279/183/35
f 70/184/35 279/183/35 71/182/35
f 204/185/35 300/186/35 299/187/35
f 204/185/35 299/187/35 298/188/35
f 204/185/35 298/188/35 205/189/35
f 297/190/35 205/189/35 298/188/35
f 228/191/35 355/192/35 354/193/35
f 229/194/35 228/191/35 354/193/35
f 354/193/35 230/195/35 229/194/35
f 276/196/35 275/197/35 73/198/35
f 72/199/35 276/196/35 73/198/35
f 296/180/35 206/179/35 205/189/35
f 205/189/35 297/190/35 296/180/35
f 227/178/35 356/177/35 355/192/35
f 355/192/35 228/191/35 227/178/35
f 276/196/35 72/199/35 277/200/35
f 278/181/35 277/200/35 72/199/35
f 71/182/35 278/181/35 72/199/35
f 293/155/35 208/154/35 207/169/35
f 207/169/35 294/168/35 293/155/35
f 222/158/35 359/157/35 358/172/35
f 358/172/35 223/171/35 222/158/35
f 279/183/35 70/184/35 280/152/35
f 69/150/35 280/152/35 70/184/35
f 301/201/35 203/202/35 202/203/35
f 302/204/35 301/201/35 202/203/35
f 303/205/35 302/204/35 202/203/35
f 202/203/35 201/206/35 303/205/35
f 304/207/35 303/205/35 201/206/35
f 304/207/35 201/206/35 200/208/35
f 200/208/35 199/209/35 304/207/35
f 305/210/35 304/207/35 199/209/35
f 270/211/35 269/212/35 80/213/35
f 80/213/35 79/214/35 270/211/35
f 79/214/35 78/215/35 270/211/35
f 271/216/35 270/211/35 78/215/35
f 77/217/35 271/216/35 78/215/35
f 300/186/35 204/185/35 203/202/35
f 203/202/35 301/201/35 300/186/35
f 230/195/35 354/193/35 353/218/35
f 231/219/35 230/195/35 353/218/35
f 353/218/35 352/220/35 231/219/35
f 352/220/35 232/221/35 231/219/35
f 271/216/35 77/217/35 272/222/35
f 77/217/35 76/223/35 272/222/35
f 273/224/35 272/222/35 76/223/35
f 76/223/35 75/225/35 273/224/35
f 274/226/35 273/224/35 75/225/35
f 75/225/35 74/227/35 274/226/35
f 275/197/35 274/226/35 74/227/35
f 73/198/35 275/197/35 74/227/35
f 339/228/35 338/229/35 144/230/35
f 144/230/35 143/231/35 339/228/35
f 340/232/35 339/228/35 143/231/35
f 143/231/35 142/233/35 340/232/35
f 341/234/35 340/232/35 142/233/35
f 142/233/35 141/235/35 341/234/35
f 313/236/35 187/237/35 186/238/35
f 186/238/35 185/239/35 313/236/35
f 314/240/35 313/236/35 185/239/35
f 185/239/35 184/241/35 314/240/35
f 184/241/35 183/242/35 314/240/35
f 315/243/35 314/240/35 183/242/35
f 183/242/35 182/244/35 315/243/35
f 182/244/35 181/245/35 315/243/35
f 316/246/35 315/243/35 181/245/35
f 181/245/35 180/247/35 316/246/35
f 180/247/35 179/248/35 316/246/35
f 317/249/35 316/246/35 179/248/35
f 179/248/35 178/250/35 317/249/35
f 178/250/35 177/251/35 317/249/35
f 318/252/35 317/249/35 177/251/35
f 177/251/35 176/253/35 318/252/35
f 176/253/35 175/254/35 318/252/35
f 319/255/35 318/252/35 175/254/35
f 175/254/35 174/256/35 319/255/35
f 320/257/35 319/255/35 174/256/35
f 174/256/35 173/258/35 320/257/35
f 173/258/35 172/259/35 320/257/35
f 321/260/35 320/257/35 172/259/35
f 172/259/35 171/261/35 321/260/35
f 171/261/35 170/262/35 321/260/35
f 322/263/35 321/260/35 170/262/35
f 170/262/35 169/264/35 322/263/35
f 169/264/35 168/265/35 322/263/35
f 323/266/35 322/263/35 168/265/35
f 168/265/35 167/267/35 323/266/35
f 167/267/35 166/268/35 323/266/35
f 324/269/35 323/266/35 166/268/35
f 166/268/35 165/270/35 324/269/35
f 165/270/35 164/271/35 324/269/35
f 325/272/35 324/269/35 164/271/35
f 164/271/35 163/273/35 325/272/35
f 326/274/35 325/272/35 163/273/35
f 163/273/35 162/275/35 326/274/35
f 162/275/35 161/276/35 326/274/35
f 327/277/35 326/274/35 161/276/35
f 161/276/35 160/278/35 327/277/35
f 328/279/35 327/277/35 160/278/35
f 160/278/35 159/280/35 328/279/35
f 159/280/35 158/281/35 328/279/35
f 329/282/35 328/279/35 158/281/35
f 158/281/35 157/283/35 329/282/35
f 330/284/35 329/282/35 157/283/35
f 157/283/35 156/285/35 330/284/35
f 156/285/35 155/286/35 330/284/35
f 331/287/35 330/284/35 155/286/35
f 155/286/35 154/288/35 331/287/35
f 332/289/35 331/287/35 154/288/35
f 154/288/35 153/290/35 332/289/35
f 153/290/35 152/291/35 332/289/35
f 333/292/35 332/289/35 152/291/35
f 152/291/35 151/293/35 333/292/35
f 334/294/35 333/292/35 151/293/35
f 151/293/35 150/295/35 334/294/35
f 150/295/35 149/296/35 334/294/35
f 335/297/35 334/294/35 149/296/35
f 149/296/35 148/298/35 335/297/35
f 336/299/35 335/297/35 148/298/35
f 148/298/35 147/300/35 336/299/35
f 147/300/35 146/301/35 336/299/35
f 337/302/35 336/299/35 146/301/35
f 146/301/35 145/303/35 337/302/35
f 338/229/35 337/302/35 145/303/35
f 144/230/35 338/229/35 145/303/35
f 120/304/35 119/305/35 251/306/35
f 119/305/35 118/307/35 251/306/35
f 252/308/35 251/306/35 118/307/35
f 118/307/35 117/309/35 252/308/35
f 117/309/35 116/310/35 252/308/35
f 305/210/35 199/209/35 198/311/35
f 306/312/35 305/210/35 198/311/35
f 198/311/35 197/313/35 306/312/35
f 307/314/35 306/312/35 197/313/35
f 197/313/35 196/315/35 307/314/35
f 308/316/35 307/314/35 196/315/35
f 196/315/35 195/317/35 308/316/35
f 195/317/35 194/318/35 308/316/35
f 309/319/35 308/316/35 194/318/35
f 194/318/35 193/320/35 309/319/35
f 310/321/35 309/319/35 193/320/35
f 193/320/35 192/322/35 310/321/35
f 192/322/35 191/323/35 310/321/35
f 311/324/35 310/321/35 191/323/35
f 191/323/35 190/325/35 311/324/35
f 190/325/35 189/326/35 311/324/35
f 312/327/35 311/324/35 189/326/35
f 189/326/35 188/328/35 312/327/35
f 188/328/35 187/237/35 312/327/35
f 187/237/35 313/236/35 312/327/35
f 341/234/35 141/235/35 342/329/35
f 141/235/35 140/330/35 342/329/35
f 343/331/35 342/329/35 140/330/35
f 140/330/35 139/332/35 343/331/35
f 344/333/35 343/331/35 139/332/35
f 345/334/35 344/333/35 139/332/35
f 346/335/35 345/334/35 139/332/35
f 347/336/35 346/335/35 139/332/35
f 348/337/35 347/336/35 139/332/35
f 349/338/35 348/337/35 139/332/35
f 350/339/35 349/338/35 139/332/35
f 351/340/35 350/339/35 139/332/35
f 352/220/35 351/340/35 139/332/35
f 232/221/35 352/220/35 139/332/35
f 233/341/35 232/221/35 139/332/35
f 234/342/35 233/341/35 139/332/35
f 235/343/35 234/342/35 139/332/35
f 236/344/35 235/343/35 139/332/35
f 237/345/35 236/344/35 139/332/35
f 238/346/35 237/345/35 139/332/35
f 239/347/35 238/346/35 139/332/35
f 240/348/35 239/347/35 139/332/35
f 139/332/35 138/349/35 240/348/35
f 241/350/35 240/348/35 138/349/35
f 138/349/35 137/351/35 241/350/35
f 137/351/35 136/352/35 241/350/35
f 242/353/35 241/350/35 136/352/35
f 136/352/35 135/354/35 242/353/35
f 243/355/35 242/353/35 135/354/35
f 135/354/35 134/356/35 243/355/35
f 134/356/35 133/357/35 243/355/35
f 244/358/35 243/355/35 133/357/35
f 133/357/35 132/359/35 244/358/35
f 132/359/35 131/360/35 244/358/35
f 245/361/35 244/358/35 131/360/35
f 131/360/35 130/362/35 245/361/35
f 130/362/35 129/363/35 245/361/35
f 246/364/35 245/361/35 129/363/35
f 129/363/35 128/365/35 246/364/35
f 247/366/35 246/364/35 128/365/35
f 128/365/35 127/367/35 247/366/35
f 127/367/35 126/368/35 247/366/35
f 248/369/35 247/366/35 126/368/35
f 126/368/35 125/370/35 248/369/35
f 125/370/35 124/371/35 248/369/35
f 249/372/35 248/369/35 124/371/35
f 124/371/35 123/373/35 249/372/35
f 123/373/35 122/374/35 249/372/35
f 250/375/35 249/372/35 122/374/35
f 122/374/35 121/376/35 250/375/35
f 121/376/35 120/304/35 250/375/35
f 120/304/35 251/306/35 250/375/35
f 252/308/35 116/310/35 253/377/35
f 116/310/35 115/378/35 253/377/35
f 254/379/35 253/377/35 115/378/35
f 115/378/35 114/380/35 254/379/35
f 114/380/35 113/381/35 254/379/35
f 255/382/35 254/379/35 113/381/35
f 113/381/35 112/383/35 255/382/35
f 112/383/35 111/384/35 255/382/35
f 256/385/35 255/382/35 111/384/35
f 111/384/35 110/386/35 256/385/35
f 110/386/35 109/387/35 256/385/35
f 109/387/35 108/388/35 256/385/35
f 257/389/35 256/385/35 108/388/35
f 108/388/35 107/390/35 257/389/35
f 107/390/35 106/391/35 257/389/35
f 258/392/35 257/389/35 106/391/35
f 106/391/35 105/393/35 258/392/35
f 105/393/35 104/394/35 258/392/35
f 259/395/35 258/392/35 104/394/35
f 104/394/35 103/396/35 259/395/35
f 103/396/35 102/397/35 259/395/35
f 260/398/35 259/395/35 102/397/35
f 102/397/35 101/399/35 260/398/35
f 101/399/35 100/400/35 260/398/35
f 100/400/35 99/401/35 260/398/35
f 261/402/35 260/398/35 99/401/35
f 99/401/35 98/403/35 261/402/35
f 98/403/35 97/404/35 261/402/35
f 262/405/35 261/402/35 97/404/35
f 97/404/35 96/406/35 262/405/35
f 96/406/35 95/407/35 262/405/35
f 263/408/35 262/405/35 95/407/35
f 95/407/35 94/409/35 263/408/35
f 94/409/35 93/410/35 263/408/35
f 264/411/35 263/408/35 93/410/35
f 93/410/35 92/412/35 264/411/35
f 92/412/35 91/413/35 264/411/35
f 91/413/35 90/414/35 264/411/35
f 265/415/35 264/411/35 90/414/35
f 90/414/35 89/416/35 265/415/35
f 89/416/35 88/417/35 265/415/35
f 266/418/35 265/415/35 88/417/35
f 88/417/35 87/419/35 266/418/35
f 87/419/35 86/420/35 266/418/35
f 267/421/35 266/418/35 86/420/35
f 86/420/35 85/422/35 267/421/35
f 85/422/35 84/423/35 267/421/35
f 268/424/35 267/421/35 84/423/35
f 84/423/35 83/425/35 268/424/35
f 83/425/35 82/426/35 268/424/35
f 269/212/35 268/424/35 82/426/35
f 82/426/35 81/427/35 269/212/35
f 80/213/35 269/212/35 81/427/35
f 586/131/35 585/132/35 362/133/35
f 363/134/35 362/133/35 585/132/35
f 586/131/35 362/133/35 508/135/35
f 512/136/35 511/137/35 585/132/35
f 363/134/35 585/132/35 511/137/35
f 511/137/35 510/138/35 363/134/35
f 658/139/35 515/140/35 514/141/35
f 658/139/35 514/141/35 584/142/35
f 513/143/35 584/142/35 514/141/35
f 512/136/35 585/132/35 584/142/35
f 584/142/35 513/143/35 512/136/35
f 657/144/35 517/145/35 516/146/35
f 587/147/35 506/148/35 588/149/35
f 366/150/35 578/151/35 577/152/35
f 589/153/35 505/154/35 590/155/35
f 518/156/35 656/157/35 519/158/35
f 578/151/35 366/150/35 365/159/35
f 588/149/35 506/148/35 505/154/35
f 505/154/35 589/153/35 588/149/35
f 517/145/35 657/144/35 656/157/35
f 656/157/35 518/156/35 517/145/35
f 578/151/35 365/159/35 579/160/35
f 580/161/35 579/160/35 365/159/35
f 364/162/35 580/161/35 365/159/35
f 506/148/35 587/147/35 507/163/35
f 508/135/35 507/163/35 587/147/35
f 586/131/35 508/135/35 587/147/35
f 657/144/35 516/146/35 658/139/35
f 515/140/35 658/139/35 516/146/35
f 580/161/35 364/162/35 581/164/35
f 582/165/35 581/164/35 364/162/35
f 583/166/35 582/165/35 364/162/35
f 509/167/35 583/166/35 364/162/35
f 510/138/35 509/167/35 364/162/35
f 363/134/35 510/138/35 364/162/35
f 591/168/35 504/169/35 592/170/35
f 520/171/35 655/172/35 654/173/35
f 654/173/35 521/174/35 520/171/35
f 523/175/35 522/176/35 653/177/35
f 653/177/35 524/178/35 523/175/35
f 592/170/35 504/169/35 503/179/35
f 503/179/35 593/180/35 592/170/35
f 653/177/35 522/176/35 654/173/35
f 521/174/35 654/173/35 522/176/35
f 575/181/35 368/182/35 576/183/35
f 367/184/35 576/183/35 368/182/35
f 501/185/35 597/186/35 596/187/35
f 501/185/35 596/187/35 595/188/35
f 501/185/35 595/188/35 502/189/35
f 594/190/35 502/189/35 595/188/35
f 525/191/35 652/192/35 651/193/35
f 526/194/35 525/191/35 651/193/35
f 651/193/35 527/195/35 526/194/35
f 573/196/35 572/197/35 370/198/35
f 369/199/35 573/196/35 370/198/35
f 593/180/35 503/179/35 502/189/35
f 502/189/35 594/190/35 593/180/35
f 524/178/35 653/177/35 652/192/35
f 652/192/35 525/191/35 524/178/35
f 573/196/35 369/199/35 574/200/35
f 575/181/35 574/200/35 369/199/35
f 368/182/35 575/181/35 369/199/35
f 590/155/35 505/154/35 504/169/35
f 504/169/35 591/168/35 590/155/35
f 519/158/35 656/157/35 655/172/35
f 655/172/35 520/171/35 519/158/35
f 576/183/35 367/184/35 577/152/35
f 366/150/35 577/152/35 367/184/35
f 598/201/35 500/202/35 499/203/35
f 599/204/35 598/201/35 499/203/35
f 600/205/35 599/204/35 499/203/35
f 499/203/35 498/206/35 600/205/35
f 601/207/35 600/205/35 498/206/35
f 601/207/35 498/206/35 497/208/35
f 497/208/35 496/209/35 601/207/35
f 602/210/35 601/207/35 496/209/35
f 567/211/35 566/212/35 377/213/35
f 377/213/35 376/214/35 567/211/35
f 376/214/35 375/215/35 567/211/35
f 568/216/35 567/211/35 375/215/35
f 374/217/35 568/216/35 375/215/35
f 597/186/35 501/185/35 500/202/35
f 500/202/35 598/201/35 597/186/35
f 527/195/35 651/193/35 650/218/35
f 528/219/35 527/195/35 650/218/35
f 650/218/35 649/220/35 528/219/35
f 649/220/35 529/221/35 528/219/35
f 568/216/35 374/217/35 569/222/35
f 374/217/35 373/223/35 569/222/35
f 570/224/35 569/222/35 373/223/35
f 373/223/35 372/225/35 570/224/35
f 571/226/35 570/224/35 372/225/35
f 372/225/35 371/227/35 571/226/35
f 572/197/35 571/226/35 371/227/35
f 370/198/35 572/197/35 371/227/35
f 636/228/35 635/229/35 441/230/35
f 441/230/35 440/231/35 636/228/35
f 637/232/35 636/228/35 440/231/35
f 440/231/35 439/233/35 637/232/35
f 638/234/35 637/232/35 439/233/35
f 439/233/35 438/235/35 638/234/35
f 610/236/35 484/237/35 483/238/35
f 483/238/35 482/239/35 610/236/35
f 611/240/35 610/236/35 482/239/35
f 482/239/35 481/241/35 611/240/35
f 481/241/35 480/242/35 611/240/35
f 612/243/35 611/240/35 480/242/35
f 480/242/35 479/244/35 612/243/35
f 479/244/35 478/245/35 612/243/35
f 613/246/35 612/243/35 478/245/35
f 478/245/35 477/247/35 613/246/35
f 477/247/35 476/248/35 613/246/35
f 614/249/35 613/246/35 476/248/35
f 476/248/35 475/250/35 614/249/35
f 475/250/35 474/251/35 614/249/35
f 615/252/35 614/249/35 474/251/35
f 474/251/35 473/253/35 615/252/35
f 473/253/35 472/254/35 615/252/35
f 616/255/35 615/252/35 472/254/35
f 472/254/35 471/256/35 616/255/35
f 617/257/35 616/255/35 471/256/35
f 471/256/35 470/258/35 617/257/35
f 470/258/35 469/259/35 617/257/35
f 618/260/35 617/257/35 469/259/35
f 469/259/35 468/261/35 618/260/35
f 468/261/35 467/262/35 618/260/35
f 619/263/35 618/260/35 467/262/35
f 467/262/35 466/264/35 619/263/35
f 466/264/35 465/265/35 619/263/35
f 620/266/35 619/263/35 465/265/35
f 465/265/35 464/267/35 620/266/35
f 464/267/35 463/268/35 620/266/35
f 621/269/35 620/266/35 463/268/35
f 463/268/35 462/270/35 621/269/35
f 462/270/35 461/271/35 621/269/35
f 622/272/35 621/269/35 461/271/35
f 461/271/35 460/273/35 622/272/35
f 623/274/35 622/272/35 460/273/35
f 460/273/35 459/275/35 623/274/35
f 459/275/35 458/276/35 623/274/35
f 624/277/35 623/274/35 458/276/35
f 458/276/35 457/278/35 624/277/35
f 625/279/35 624/277/35 457/278/35
f 457/278/35 456/280/35 625/279/35
f 456/280/35 455/281/35 625/279/35
f 626/282/35 625/279/35 455/281/35
f 455/281/35 454/283/35 626/282/35
f 627/284/35 626/282/35 454/283/35
f 454/283/35 453/285/35 627/284/35
f 453/285/35 452/286/35 627/284/35
f 628/287/35 627/284/35 452/286/35
f 452/286/35 451/288/35 628/287/35
f 629/289/35 628/287/35 451/288/35
f 451/288/35 450/290/35 629/289/35
f 450/290/35 449/291/35 629/289/35
f 630/292/35 629/289/35 449/291/35
f 449/291/35 448/293/35 630/292/35
f 631/294/35 630/292/35 448/293/35
f 448/293/35 447/295/35 631/294/35
f 447/295/35 446/296/35 631/294/35
f 632/297/35 631/294/35 446/296/35
f 446/296/35 445/298/35 632/297/35
f 633/299/35 632/297/35 445/298/35
f 445/298/35 444/300/35 633/299/35
f 444/300/35 443/301/35 633/299/35
f 634/302/35 633/299/35 443/301/35
f 443/301/35 442/303/35 634/302/35
f 635/229/35 634/302/35 442/303/35
f 441/230/35 635/229/35 442/303/35
f 417/304/35 416/305/35 548/306/35
f 416/305/35 415/307/35 548/306/35
f 549/308/35 548/306/35 415/307/35
f 415/307/35 414/309/35 549/308/35
f 414/309/35 413/310/35 549/308/35
f 602/210/35 496/209/35 495/311/35
f 603/312/35 602/210/35 495/311/35
f 495/311/35 494/313/35 603/312/35
f 604/314/35 603/312/35 494/313/35
f 494/313/35 493/315/35 604/314/35
f 605/316/35 604/314/35 493/315/35
f 493/315/35 492/317/35 605/316/35
f 492/317/35 491/318/35 605/316/35
f 606/319/35 605/316/35 491/318/35
f 491/318/35 490/320/35 606/319/35
f 607/321/35 606/319/35 490/320/35
f 490/320/35 489/322/35 607/321/35
f 489/322/35 488/323/35 607/321/35
f 608/324/35 607/321/35 488/323/35
f 488/323/35 487/325/35 608/324/35
f 487/325/35 486/326/35 608/324/35
f 609/327/35 608/324/35 486/326/35
f 486/326/35 485/328/35 609/327/35
f 485/328/35 484/237/35 609/327/35
f 484/237/35 610/236/35 609/327/35
f 638/234/35 438/235/35 639/329/35
f 438/235/35 437/330/35 639/329/35
f 640/331/35 639/329/35 437/330/35
f 437/330/35 436/332/35 640/331/35
f 641/333/35 640/331/35 436/332/35
f 642/334/35 641/333/35 436/332/35
f 643/335/35 642/334/35 436/332/35
f 644/336/35 643/335/35 436/332/35
f 645/337/35 644/336/35 436/332/35
f 646/338/35 645/337/35 436/332/35
f 647/339/35 646/338/35 436/332/35
f 648/340/35 647/339/35 436/332/35
f 649/220/35 648/340/35 436/332/35
f 529/221/35 649/220/35 436/332/35
f 530/341/35 529/221/35 436/332/35
f 531/342/35 530/341/35 436/332/35
f 532/343/35 531/342/35 436/332/35
f 533/344/35 532/343/35 436/332/35
f 534/345/35 533/344/35 436/332/35
f 535/346/35 534/345/35 436/332/35
f 536/347/35 535/346/35 436/332/35
f 537/348/35 536/347/35 436/332/35
f 436/332/35 435/349/35 537/348/35
f 538/350/35 537/348/35 435/349/35
f 435/349/35 434/351/35 538/350/35
f 434/351/35 433/352/35 538/350/35
f 539/353/35 538/350/35 433/352/35
f 433/352/35 432/354/35 539/353/35
f 540/355/35 539/353/35 432/354/35
f 432/354/35 431/356/35 540/355/35
f 431/356/35 430/357/35 540/355/35
f 541/358/35 540/355/35 430/357/35
f 430/357/35 429/359/35 541/358/35
f 429/359/35 428/360/35 541/358/35
f 542/361/35 541/358/35 428/360/35
f 428/360/35 427/362/35 542/361/35
f 427/362/35 426/363/35 542/361/35
f 543/364/35 542/361/35 426/363/35
f 426/363/35 425/365/35 543/364/35
f 544/366/35 543/364/35 425/365/35
f 425/365/35 424/367/35 544/366/35
f 424/367/35 423/368/35 544/366/35
f 545/369/35 544/366/35 423/368/35
f 423/368/35 422/370/35 545/369/35
f 422/370/35 421/371/35 545/369/35
f 546/372/35 545/369/35 421/371/35
f 421/371/35 420/373/35 546/372/35
f 420/373/35 419/374/35 546/372/35
f 547/375/35 546/372/35 419/374/35
f 419/374/35 418/376/35 547/375/35
f 418/376/35 417/304/35 547/375/35
f 417/304/35 548/306/35 547/375/35
f 549/308/35 413/310/35 550/377/35
f 413/310/35 412/378/35 550/377/35
f 551/379/35 550/377/35 412/378/35
f 412/378/35 411/380/35 551/379/35
f 411/380/35 410/381/35 551/379/35
f 552/382/35 551/379/35 410/381/35
f 410/381/35 409/383/35 552/382/35
f 409/383/35 408/384/35 552/382/35
f 553/385/35 552/382/35 408/384/35
f 408/384/35 407/386/35 553/385/35
f 407/386/35 406/387/35 553/385/35
f 406/387/35 405/388/35 553/385/35
f 554/389/35 553/385/35 405/388/35
f 405/388/35 404/390/35 554/389/35
f 404/390/35 403/391/35 554/389/35
f 555/392/35 554/389/35 403/391/35
f 403/391/35 402/393/35 555/392/35
f 402/393/35 401/394/35 555/392/35
f 556/395/35 555/392/35 401/394/35
f 401/394/35 400/396/35 556/395/35
f 400/396/35 399/397/35 556/395/35
f 557/398/35 556/395/35 399/397/35
f 399/397/35 398/399/35 557/398/35
f 398/399/35 397/400/35 557/398/35
f 397/400/35 396/401/35 557/398/35
f 558/402/35 557/398/35 396/401/35
f 396/401/35 395/403/35 558/402/35
f 395/403/35 394/404/35 558/402/35
f 559/405/35 558/402/35 394/404/35
f 394/404/35 393/406/35 559/405/35
f 393/406/35 392/407/35 559/405/35
f 560/408/35 559/405/35 392/407/35
f 392/407/35 391/409/35 560/408/35
f 391/409/35 390/410/35 560/408/35
f 561/411/35 560/408/35 390/410/35
f 390/410/35 389/412/35 561/411/35
f 389/412/35 388/413/35 561/411/35
f 388/413/35 387/414/35 561/411/35
f 562/415/35 561/411/35 387/414/35
f 387/414/35 386/416/35 562/415/35
f 386/416/35 385/417/35 562/415/35
f 563/418/35 562/415/35 385/417/35
f 385/417/35 384/419/35 563/418/35
f 384/419/35 383/420/35 563/418/35
f 564/421/35 563/418/35 383/420/35
f 383/420/35 382/422/35 564/421/35
f 382/422/35 381/423/35 564/421/35
f 565/424/35 564/421/35 381/423/35
f 381/423/35 380/425/35 565/424/35
f 380/425/35 379/426/35 565/424/35
f 566/212/35 565/424/35 379/426/35
f 379/426/35 378/427/35 566/212/35
f 377/213/35 566/212/35 378/427/35
f 831/428/35 830/429/35 665/430/35
f 665/430/35 664/431/35 831/428/35
f 664/431/35 663/432/35 831/428/35
f 832/139/35 831/428/35 663/432/35
f 663/432/35 662/433/35 832/139/35
f 659/133/35 832/139/35 662/433/35
f 662/433/35 661/434/35 659/133/35
f 660/435/35 659/133/35 661/434/35
f 791/436/35 691/437/35 792/438/35
f 691/437/35 690/439/35 792/438/35
f 788/440/35 694/441/35 789/442/35
f 694/441/35 693/443/35 789/442/35
f 695/444/35 787/445/35 696/446/35
f 697/447/35 786/448/35 698/449/35
f 696/446/35 787/445/35 786/448/35
f 786/448/35 697/447/35 696/446/35
f 787/445/35 695/444/35 788/440/35
f 694/441/35 788/440/35 695/444/35
f 789/442/35 693/443/35 790/450/35
f 693/443/35 692/451/35 790/450/35
f 791/436/35 790/450/35 692/451/35
f 691/437/35 791/436/35 692/451/35
f 792/438/35 690/439/35 793/452/35
f 690/439/35 689/453/35 793/452/35
f 794/454/35 793/452/35 689/453/35
f 795/455/35 794/454/35 689/453/35
f 689/453/35 688/456/35 795/455/35
f 796/457/35 795/455/35 688/456/35
f 796/457/35 688/456/35 797/458/35
f 688/456/35 687/459/35 797/458/35
f 798/460/35 797/458/35 687/459/35
f 687/459/35 686/461/35 798/460/35
f 799/462/35 798/460/35 686/461/35
f 800/463/35 799/462/35 686/461/35
f 686/461/35 685/464/35 800/463/35
f 801/465/35 800/463/35 685/464/35
f 802/466/35 801/465/35 685/464/35
f 685/464/35 684/467/35 802/466/35
f 803/468/35 802/466/35 684/467/35
f 804/469/35 803/468/35 684/467/35
f 684/467/35 683/470/35 804/469/35
f 805/471/35 804/469/35 683/470/35
f 806/472/35 805/471/35 683/470/35
f 683/470/35 682/473/35 806/472/35
f 807/474/35 806/472/35 682/473/35
f 808/475/35 807/474/35 682/473/35
f 682/473/35 681/476/35 808/475/35
f 809/477/35 808/475/35 681/476/35
f 810/478/35 809/477/35 681/476/35
f 681/476/35 680/479/35 810/478/35
f 811/480/35 810/478/35 680/479/35
f 812/481/35 811/480/35 680/479/35
f 813/482/35 812/481/35 680/479/35
f 680/479/35 679/483/35 813/482/35
f 814/484/35 813/482/35 679/483/35
f 815/485/35 814/484/35 679/483/35
f 679/483/35 678/486/35 815/485/35
f 816/487/35 815/485/35 678/486/35
f 817/488/35 816/487/35 678/486/35
f 678/486/35 677/489/35 817/488/35
f 818/490/35 817/488/35 677/489/35
f 819/491/35 818/490/35 677/489/35
f 820/492/35 819/491/35 677/489/35
f 677/489/35 676/493/35 820/492/35
f 821/494/35 820/492/35 676/493/35
f 822/495/35 821/494/35 676/493/35
f 676/493/35 675/496/35 822/495/35
f 823/497/35 822/495/35 675/496/35
f 675/496/35 674/498/35 823/497/35
f 824/499/35 823/497/35 674/498/35
f 674/498/35 673/500/35 824/499/35
f 825/501/35 824/499/35 673/500/35
f 673/500/35 672/502/35 825/501/35
f 826/503/35 825/501/35 672/502/35
f 672/502/35 671/504/35 826/503/35
f 671/504/35 670/505/35 826/503/35
f 827/506/35 826/503/35 670/505/35
f 670/505/35 669/507/35 827/506/35
f 828/508/35 827/506/35 669/507/35
f 669/507/35 668/509/35 828/508/35
f 668/509/35 667/510/35 828/508/35
f 829/511/35 828/508/35 667/510/35
f 667/510/35 666/512/35 829/511/35
f 830/429/35 829/511/35 666/512/35
f 665/430/35 830/429/35 666/512/35
f 699/513/35 785/514/35 784/515/35
f 784/515/35 700/516/35 699/513/35
f 700/516/35 784/515/35 783/517/35
f 701/518/35 700/516/35 783/517/35
f 783/517/35 782/519/35 701/518/35
f 782/519/35 702/520/35 701/518/35
f 702/520/35 782/519/35 781/521/35
f 703/522/35 702/520/35 781/521/35
f 781/521/35 780/523/35 703/522/35
f 704/524/35 703/522/35 780/523/35
f 780/523/35 779/525/35 704/524/35
f 779/525/35 778/526/35 704/524/35
f 778/526/35 705/527/35 704/524/35
f 705/527/35 778/526/35 777/528/35
f 706/529/35 705/527/35 777/528/35
f 777/528/35 776/530/35 706/529/35
f 707/531/35 706/529/35 776/530/35
f 776/530/35 775/532/35 707/531/35
f 775/532/35 774/533/35 707/531/35
f 708/534/35 707/531/35 774/533/35
f 731/535/35 730/536/35 741/537/35
f 741/537/35 740/538/35 731/535/35
f 732/539/35 731/535/35 740/538/35
f 740/538/35 739/540/35 732/539/35
f 733/541/35 732/539/35 739/540/35
f 739/540/35 738/542/35 733/541/35
f 734/543/35 733/541/35 738/542/35
f 738/542/35 737/544/35 734/543/35
f 735/545/35 734/543/35 737/544/35
f 737/544/35 736/546/35 735/545/35
f 708/534/35 774/533/35 773/547/35
f 773/547/35 772/548/35 708/534/35
f 709/549/35 708/534/35 772/548/35
f 772/548/35 771/550/35 709/549/35
f 710/551/35 709/549/35 771/550/35
f 771/550/35 770/552/35 710/551/35
f 770/552/35 769/553/35 710/551/35
f 711/554/35 710/551/35 769/553/35
f 769/553/35 768/555/35 711/554/35
f 768/555/35 767/556/35 711/554/35
f 712/557/35 711/554/35 767/556/35
f 767/556/35 766/558/35 712/557/35
f 766/558/35 765/559/35 712/557/35
f 713/560/35 712/557/35 765/559/35
f 765/559/35 764/561/35 713/560/35
f 764/561/35 763/562/35 713/560/35
f 714/563/35 713/560/35 763/562/35
f 763/562/35 762/564/35 714/563/35
f 762/564/35 761/565/35 714/563/35
f 715/566/35 714/563/35 761/565/35
f 761/565/35 760/567/35 715/566/35
f 760/567/35 759/568/35 715/566/35
f 716/569/35 715/566/35 759/568/35
f 759/568/35 758/570/35 716/569/35
f 758/570/35 757/571/35 716/569/35
f 717/572/35 716/569/35 757/571/35
f 757/571/35 756/573/35 717/572/35
f 756/573/35 755/574/35 717/572/35
f 718/575/35 717/572/35 755/574/35
f 755/574/35 754/576/35 718/575/35
f 754/576/35 753/577/35 718/575/35
f 719/578/35 718/575/35 753/577/35
f 753/577/35 752/579/35 719/578/35
f 752/579/35 751/580/35 719/578/35
f 720/581/35 719/578/35 751/580/35
f 751/580/35 750/582/35 720/581/35
f 750/582/35 749/583/35 720/581/35
f 721/584/35 720/581/35 749/583/35
f 749/583/35 748/585/35 721/584/35
f 722/586/35 721/584/35 748/585/35
f 748/585/35 747/587/35 722/586/35
f 723/588/35 722/586/35 747/587/35
f 747/587/35 746/589/35 723/588/35
f 724/590/35 723/588/35 746/589/35
f 746/589/35 745/591/35 724/590/35
f 725/592/35 724/590/35 745/591/35
f 745/591/35 744/593/35 725/592/35
f 726/594/35 725/592/35 744/593/35
f 727/595/35 726/594/35 744/593/35
f 744/593/35 743/596/35 727/595/35
f 728/597/35 727/595/35 743/596/35
f 743/596/35 742/598/35 728/597/35
f 729/599/35 728/597/35 742/598/35
f 742/598/35 741/537/35 729/599/35
f 741/537/35 730/536/35 729/599/35
f 698/449/35 786/448/35 785/514/35
f 785/514/35 699/513/35 698/449/35
f 1057/131/36 833/133/36 1056/132/36
f 834/134/36 1056/132/36 833/133/36
f 1057/131/36 979/135/36 833/133/36
f 983/136/36 1056/132/36 982/137/36
f 834/134/36 982/137/36 1056/132/36
f 982/137/36 834/134/36 981/138/36
f 1129/139/36 985/141/36 986/140/36
f 1129/139/36 1055/142/36 985/141/36
f 984/143/36 985/141/36 1055/142/36
f 983/136/36 1055/142/36 1056/132/36
f 1055/142/36 983/136/36 984/143/36
f 1128/144/36 987/146/36 988/145/36
f 1058/147/36 1059/149/36 977/148/36
f 837/150/36 1048/152/36 1049/151/36
f 1060/153/36 1061/155/36 976/154/36
f 989/156/36 990/158/36 1127/157/36
f 1049/151/36 836/159/36 837/150/36
f 1059/149/36 976/154/36 977/148/36
f 976/154/36 1059/149/36 1060/153/36
f 988/145/36 1127/157/36 1128/144/36
f 1127/157/36 988/145/36 989/156/36
f 1049/151/36 1050/160/36 836/159/36
f 1051/161/36 836/159/36 1050/160/36
f 835/162/36 836/159/36 1051/161/36
f 977/148/36 978/163/36 1058/147/36
f 979/135/36 1058/147/36 978/163/36
f 1057/131/36 1058/147/36 979/135/36
f 1128/144/36 1129/139/36 987/146/36
f 986/140/36 987/146/36 1129/139/36
f 1051/161/36 1052/164/36 835/162/36
f 1053/165/36 835/162/36 1052/164/36
f 1054/166/36 835/162/36 1053/165/36
f 980/167/36 835/162/36 1054/166/36
f 981/138/36 835/162/36 980/167/36
f 834/134/36 835/162/36 981/138/36
f 1062/168/36 1063/170/36 975/169/36
f 991/171/36 1125/173/36 1126/172/36
f 1125/173/36 991/171/36 992/174/36
f 994/175/36 1124/177/36 993/176/36
f 1124/177/36 994/175/36 995/178/36
f 1063/170/36 974/179/36 975/169/36
f 974/179/36 1063/170/36 1064/180/36
f 1124/177/36 1125/173/36 993/176/36
f 992/174/36 993/176/36 1125/173/36
f 1046/181/36 1047/183/36 839/182/36
f 838/184/36 839/182/36 1047/183/36
f 972/185/36 1067/187/36 1068/186/36
f 972/185/36 1066/188/36 1067/187/36
f 972/185/36 973/189/36 1066/188/36
f 1065/190/36 1066/188/36 973/189/36
f 996/191/36 1122/193/36 1123/192/36
f 997/194/36 1122/193/36 996/191/36
f 1122/193/36 997/194/36 998/195/36
f 1044/196/36 841/198/36 1043/197/36
f 840/199/36 841/198/36 1044/196/36
f 1064/180/36 973/189/36 974/179/36
f 973/189/36 1064/180/36 1065/190/36
f 995/178/36 1123/192/36 1124/177/36
f 1123/192/36 995/178/36 996/191/36
f 1044/196/36 1045/200/36 840/199/36
f 1046/181/36 840/199/36 1045/200/36
f 839/182/36 840/199/36 1046/181/36
f 1061/155/36 975/169/36 976/154/36
f 975/169/36 1061/155/36 1062/168/36
f 990/158/36 1126/172/36 1127/157/36
f 1126/172/36 990/158/36 991/171/36
f 1047/183/36 1048/152/36 838/184/36
f 837/150/36 838/184/36 1048/152/36
f 1069/201/36 970/203/36 971/202/36
f 1070/204/36 970/203/36 1069/201/36
f 1071/205/36 970/203/36 1070/204/36
f 970/203/36 1071/205/36 969/206/36
f 1072/207/36 969/206/36 1071/205/36
f 1072/207/36 968/208/36 969/206/36
f 968/208/36 1072/207/36 967/209/36
f 1073/210/36 967/209/36 1072/207/36
f 1038/211/36 848/213/36 1037/212/36
f 848/213/36 1038/211/36 847/214/36
f 847/214/36 1038/211/36 846/215/36
f 1039/216/36 846/215/36 1038/211/36
f 845/217/36 846/215/36 1039/216/36
f 1068/186/36 971/202/36 972/185/36
f 971/202/36 1068/186/36 1069/201/36
f 998/195/36 1121/218/36 1122/193/36
f 999/219/36 1121/218/36 998/195/36
f 1121/218/36 999/219/36 1120/220/36
f 1120/220/36 999/219/36 1000/221/36
f 1039/216/36 1040/222/36 845/217/36
f 845/217/36 1040/222/36 844/223/36
f 1041/224/36 844/223/36 1040/222/36
f 844/223/36 1041/224/36 843/225/36
f 1042/226/36 843/225/36 1041/224/36
f 843/225/36 1042/226/36 842/227/36
f 1043/197/36 842/227/36 1042/226/36
f 841/198/36 842/227/36 1043/197/36
f 1107/228/36 912/230/36 1106/229/36
f 912/230/36 1107/228/36 911/231/36
f 1108/232/36 911/231/36 1107/228/36
f 911/231/36 1108/232/36 910/233/36
f 1109/234/36 910/233/36 1108/232/36
f 910/233/36 1109/234/36 909/235/36
f 1081/236/36 954/238/36 955/237/36
f 954/238/36 1081/236/36 953/239/36
f 1082/240/36 953/239/36 1081/236/36
f 953/239/36 1082/240/36 952/241/36
f 952/241/36 1082/240/36 951/242/36
f 1083/243/36 951/242/36 1082/240/36
f 951/242/36 1083/243/36 950/244/36
f 950/244/36 1083/243/36 949/245/36
f 1084/246/36 949/245/36 1083/243/36
f 949/245/36 1084/246/36 948/247/36
f 948/247/36 1084/246/36 947/248/36
f 1085/249/36 947/248/36 1084/246/36
f 947/248/36 1085/249/36 946/250/36
f 946/250/36 1085/249/36 945/251/36
f 1086/252/36 945/251/36 1085/249/36
f 945/251/36 1086/252/36 944/253/36
f 944/253/36 1086/252/36 943/254/36
f 1087/255/36 943/254/36 1086/252/36
f 943/254/36 1087/255/36 942/256/36
f 1088/257/36 942/256/36 1087/255/36
f 942/256/36 1088/257/36 941/258/36
f 941/258/36 1088/257/36 940/259/36
f 1089/260/36 940/259/36 1088/257/36
f 940/259/36 1089/260/36 939/261/36
f 939/261/36 1089/260/36 938/262/36
f 1090/263/36 938/262/36 1089/260/36
f 938/262/36 1090/263/36 937/264/36
f 937/264/36 1090/263/36 936/265/36
f 1091/266/36 936/265/36 1090/263/36
f 936/265/36 1091/266/36 935/267/36
f 935/267/36 1091/266/36 934/268/36
f 1092/269/36 934/268/36 1091/266/36
f 934/268/36 1092/269/36 933/270/36
f 933/270/36 1092/269/36 932/271/36
f 1093/272/36 932/271/36 1092/269/36
f 932/271/36 1093/272/36 931/273/36
f 1094/274/36 931/273/36 1093/272/36
f 931/273/36 1094/274/36 930/275/36
f 930/275/36 1094/274/36 929/276/36
f 1095/277/36 929/276/36 1094/274/36
f 929/276/36 1095/277/36 928/278/36
f 1096/279/36 928/278/36 1095/277/36
f 928/278/36 1096/279/36 927/280/36
f 927/280/36 1096/279/36 926/281/36
f 1097/282/36 926/281/36 1096/279/36
f 926/281/36 1097/282/36 925/283/36
f 1098/284/36 925/283/36 1097/282/36
f 925/283/36 1098/284/36 924/285/36
f 924/285/36 1098/284/36 923/286/36
f 1099/287/36 923/286/36 1098/284/36
f 923/286/36 1099/287/36 922/288/36
f 1100/289/36 922/288/36 1099/287/36
f 922/288/36 1100/289/36 921/290/36
f 921/290/36 1100/289/36 920/291/36
f 1101/292/36 920/291/36 1100/289/36
f 920/291/36 1101/292/36 919/293/36
f 1102/294/36 919/293/36 1101/292/36
f 919/293/36 1102/294/36 918/295/36
f 918/295/36 1102/294/36 917/296/36
f 1103/297/36 917/296/36 1102/294/36
f 917/296/36 1103/297/36 916/298/36
f 1104/299/36 916/298/36 1103/297/36
f 916/298/36 1104/299/36 915/300/36
f 915/300/36 1104/299/36 914/301/36
f 1105/302/36 914/301/36 1104/299/36
f 914/301/36 1105/302/36 913/303/36
f 1106/229/36 913/303/36 1105/302/36
f 912/230/36 913/303/36 1106/229/36
f 888/304/36 1019/306/36 887/305/36
f 887/305/36 1019/306/36 886/307/36
f 1020/308/36 886/307/36 1019/306/36
f 886/307/36 1020/308/36 885/309/36
f 885/309/36 1020/308/36 884/310/36
f 1073/210/36 966/311/36 967/209/36
f 1074/312/36 966/311/36 1073/210/36
f 966/311/36 1074/312/36 965/313/36
f 1075/314/36 965/313/36 1074/312/36
f 965/313/36 1075/314/36 964/315/36
f 1076/316/36 964/315/36 1075/314/36
f 964/315/36 1076/316/36 963/317/36
f 963/317/36 1076/316/36 962/318/36
f 1077/319/36 962/318/36 1076/316/36
f 962/318/36 1077/319/36 961/320/36
f 1078/321/36 961/320/36 1077/319/36
f 961/320/36 1078/321/36 960/322/36
f 960/322/36 1078/321/36 959/323/36
f 1079/324/36 959/323/36 1078/321/36
f 959/323/36 1079/324/36 958/325/36
f 958/325/36 1079/324/36 957/326/36
f 1080/327/36 957/326/36 1079/324/36
f 957/326/36 1080/327/36 956/328/36
f 956/328/36 1080/327/36 955/237/36
f 955/237/36 1080/327/36 1081/236/36
f 1109/234/36 1110/329/36 909/235/36
f 909/235/36 1110/329/36 908/330/36
f 1111/331/36 908/330/36 1110/329/36
f 908/330/36 1111/331/36 907/332/36
f 1112/333/36 907/332/36 1111/331/36
f 1113/334/36 907/332/36 1112/333/36
f 1114/335/36 907/332/36 1113/334/36
f 1115/336/36 907/332/36 1114/335/36
f 1116/337/36 907/332/36 1115/336/36
f 1117/338/36 907/332/36 1116/337/36
f 1118/339/36 907/332/36 1117/338/36
f 1119/340/36 907/332/36 1118/339/36
f 1120/220/36 907/332/36 1119/340/36
f 1000/221/36 907/332/36 1120/220/36
f 1001/341/36 907/332/36 1000/221/36
f 1002/342/36 907/332/36 1001/341/36
f 1003/343/36 907/332/36 1002/342/36
f 1004/344/36 907/332/36 1003/343/36
f 1005/345/36 907/332/36 1004/344/36
f 1006/346/36 907/332/36 1005/345/36
f 1007/347/36 907/332/36 1006/346/36
f 1008/348/36 907/332/36 1007/347/36
f 907/332/36 1008/348/36 906/349/36
f 1009/350/36 906/349/36 1008/348/36
f 906/349/36 1009/350/36 905/351/36
f 905/351/36 1009/350/36 904/352/36
f 1010/353/36 904/352/36 1009/350/36
f 904/352/36 1010/353/36 903/354/36
f 1011/355/36 903/354/36 1010/353/36
f 903/354/36 1011/355/36 902/356/36
f 902/356/36 1011/355/36 901/357/36
f 1012/358/36 901/357/36 1011/355/36
f 901/357/36 1012/358/36 900/359/36
f 900/359/36 1012/358/36 899/360/36
f 1013/361/36 899/360/36 1012/358/36
f 899/360/36 1013/361/36 898/362/36
f 898/362/36 1013/361/36 897/363/36
f 1014/364/36 897/363/36 1013/361/36
f 897/363/36 1014/364/36 896/365/36
f 1015/366/36 896/365/36 1014/364/36
f 896/365/36 1015/366/36 895/367/36
f 895/367/36 1015/366/36 894/368/36
f 1016/369/36 894/368/36 1015/366/36
f 894/368/36 1016/369/36 893/370/36
f 893/370/36 1016/369/36 892/371/36
f 1017/372/36 892/371/36 1016/369/36
f 892/371/36 1017/372/36 891/373/36
f 891/373/36 1017/372/36 890/374/36
f 1018/375/36 890/374/36 1017/372/36
f 890/374/36 1018/375/36 889/376/36
f 889/376/36 1018/375/36 888/304/36
f 888/304/36 1018/375/36 1019/306/36
f 1020/308/36 1021/377/36 884/310/36
f 884/310/36 1021/377/36 883/378/36
f 1022/379/36 883/378/36 1021/377/36
f 883/378/36 1022/379/36 882/380/36
f 882/380/36 1022/379/36 881/381/36
f 1023/382/36 881/381/36 1022/379/36
f 881/381/36 1023/382/36 880/383/36
f 880/383/36 1023/382/36 879/384/36
f 1024/385/36 879/384/36 1023/382/36
f 879/384/36 1024/385/36 878/386/36
f 878/386/36 1024/385/36 877/387/36
f 877/387/36 1024/385/36 876/388/36
f 1025/389/36 876/388/36 1024/385/36
f 876/388/36 1025/389/36 875/390/36
f 875/390/36 1025/389/36 874/391/36
f 1026/392/36 874/391/36 1025/389/36
f 874/391/36 1026/392/36 873/393/36
f 873/393/36 1026/392/36 872/394/36
f 1027/395/36 872/394/36 1026/392/36
f 872/394/36 1027/395/36 871/396/36
f 871/396/36 1027/395/36 870/397/36
f 1028/398/36 870/397/36 1027/395/36
f 870/397/36 1028/398/36 869/399/36
f 869/399/36 1028/398/36 868/400/36
f 868/400/36 1028/398/36 867/401/36
f 1029/402/36 867/401/36 1028/398/36
f 867/401/36 1029/402/36 866/403/36
f 866/403/36 1029/402/36 865/404/36
f 1030/405/36 865/404/36 1029/402/36
f 865/404/36 1030/405/36 864/406/36
f 864/406/36 1030/405/36 863/407/36
f 1031/408/36 863/407/36 1030/405/36
f 863/407/36 1031/408/36 862/409/36
f 862/409/36 1031/408/36 861/410/36
f 1032/411/36 861/410/36 1031/408/36
f 861/410/36 1032/411/36 860/412/36
f 860/412/36 1032/411/36 859/413/36
f 859/413/36 1032/411/36 858/414/36
f 1033/415/36 858/414/36 1032/411/36
f 858/414/36 1033/415/36 857/416/36
f 857/416/36 1033/415/36 856/417/36
f 1034/418/36 856/417/36 1033/415/36
f 856/417/36 1034/418/36 855/419/36
f 855/419/36 1034/418/36 854/420/36
f 1035/421/36 854/420/36 1034/418/36
f 854/420/36 1035/421/36 853/422/36
f 853/422/36 1035/421/36 852/423/36
f 1036/424/36 852/423/36 1035/421/36
f 852/423/36 1036/424/36 851/425/36
f 851/425/36 1036/424/36 850/426/36
f 1037/212/36 850/426/36 1036/424/36
f 850/426/36 1037/212/36 849/427/36
f 848/213/36 849/427/36 1037/212/36
f 1354/131/36 1130/133/36 1353/132/36
f 1131/134/36 1353/132/36 1130/133/36
f 1354/131/36 1276/135/36 1130/133/36
f 1280/136/36 1353/132/36 1279/137/36
f 1131/134/36 1279/137/36 1353/132/36
f 1279/137/36 1131/134/36 1278/138/36
f 1426/139/36 1282/141/36 1283/140/36
f 1426/139/36 1352/142/36 1282/141/36
f 1281/143/36 1282/141/36 1352/142/36
f 1280/136/36 1352/142/36 1353/132/36
f 1352/142/36 1280/136/36 1281/143/36
f 1425/144/36 1284/146/36 1285/145/36
f 1355/147/36 1356/149/36 1274/148/36
f 1134/150/36 1345/152/36 1346/151/36
f 1357/153/36 1358/155/36 1273/154/36
f 1286/156/36 1287/158/36 1424/157/36
f 1346/151/36 1133/159/36 1134/150/36
f 1356/149/36 1273/154/36 1274/148/36
f 1273/154/36 1356/149/36 1357/153/36
f 1285/145/36 1424/157/36 1425/144/36
f 1424/157/36 1285/145/36 1286/156/36
f 1346/151/36 1347/160/36 1133/159/36
f 1348/161/36 1133/159/36 1347/160/36
f 1132/162/36 1133/159/36 1348/161/36
f 1274/148/36 1275/163/36 1355/147/36
f 1276/135/36 1355/147/36 1275/163/36
f 1354/131/36 1355/147/36 1276/135/36
f 1425/144/36 1426/139/36 1284/146/36
f 1283/140/36 1284/146/36 1426/139/36
f 1348/161/36 1349/164/36 1132/162/36
f 1350/165/36 1132/162/36 1349/164/36
f 1351/166/36 1132/162/36 1350/165/36
f 1277/167/36 1132/162/36 1351/166/36
f 1278/138/36 1132/162/36 1277/167/36
f 1131/134/36 1132/162/36 1278/138/36
f 1359/168/36 1360/170/36 1272/169/36
f 1288/171/36 1422/173/36 1423/172/36
f 1422/173/36 1288/171/36 1289/174/36
f 1291/175/36 1421/177/36 1290/176/36
f 1421/177/36 1291/175/36 1292/178/36
f 1360/170/36 1271/179/36 1272/169/36
f 1271/179/36 1360/170/36 1361/180/36
f 1421/177/36 1422/173/36 1290/176/36
f 1289/174/36 1290/176/36 1422/173/36
f 1343/181/36 1344/183/36 1136/182/36
f 1135/184/36 1136/182/36 1344/183/36
f 1269/185/36 1364/187/36 1365/186/36
f 1269/185/36 1363/188/36 1364/187/36
f 1269/185/36 1270/189/36 1363/188/36
f 1362/190/36 1363/188/36 1270/189/36
f 1293/191/36 1419/193/36 1420/192/36
f 1294/194/36 1419/193/36 1293/191/36
f 1419/193/36 1294/194/36 1295/195/36
f 1341/196/36 1138/198/36 1340/197/36
f 1137/199/36 1138/198/36 1341/196/36
f 1361/180/36 1270/189/36 1271/179/36
f 1270/189/36 1361/180/36 1362/190/36
f 1292/178/36 1420/192/36 1421/177/36
f 1420/192/36 1292/178/36 1293/191/36
f 1341/196/36 1342/200/36 1137/199/36
f 1343/181/36 1137/199/36 1342/200/36
f 1136/182/36 1137/199/36 1343/181/36
f 1358/155/36 1272/169/36 1273/154/36
f 1272/169/36 1358/155/36 1359/168/36
f 1287/158/36 1423/172/36 1424/157/36
f 1423/172/36 1287/158/36 1288/171/36
f 1344/183/36 1345/152/36 1135/184/36
f 1134/150/36 1135/184/36 1345/152/36
f 1366/201/36 1267/203/36 1268/202/36
f 1367/204/36 1267/203/36 1366/201/36
f 1368/205/36 1267/203/36 1367/204/36
f 1267/203/36 1368/205/36 1266/206/36
f 1369/207/36 1266/206/36 1368/205/36
f 1369/207/36 1265/208/36 1266/206/36
f 1265/208/36 1369/207/36 1264/209/36
f 1370/210/36 1264/209/36 1369/207/36
f 1335/211/36 1145/213/36 1334/212/36
f 1145/213/36 1335/211/36 1144/214/36
f 1144/214/36 1335/211/36 1143/215/36
f 1336/216/36 1143/215/36 1335/211/36
f 1142/217/36 1143/215/36 1336/216/36
f 1365/186/36 1268/202/36 1269/185/36
f 1268/202/36 1365/186/36 1366/201/36
f 1295/195/36 1418/218/36 1419/193/36
f 1296/219/36 1418/218/36 1295/195/36
f 1418/218/36 1296/219/36 1417/220/36
f 1417/220/36 1296/219/36 1297/221/36
f 1336/216/36 1337/222/36 1142/217/36
f 1142/217/36 1337/222/36 1141/223/36
f 1338/224/36 1141/223/36 1337/222/36
f 1141/223/36 1338/224/36 1140/225/36
f 1339/226/36 1140/225/36 1338/224/36
f 1140/225/36 1339/226/36 1139/227/36
f 1340/197/36 1139/227/36 1339/226/36
f 1138/198/36 1139/227/36 1340/197/36
f 1404/228/36 1209/230/36 1403/229/36
f 1209/230/36 1404/228/36 1208/231/36
f 1405/232/36 1208/231/36 1404/228/36
f 1208/231/36 1405/232/36 1207/233/36
f 1406/234/36 1207/233/36 1405/232/36
f 1207/233/36 1406/234/36 1206/235/36
f 1378/236/36 1251/238/36 1252/237/36
f 1251/238/36 1378/236/36 1250/239/36
f 1379/240/36 1250/239/36 1378/236/36
f 1250/239/36 1379/240/36 1249/241/36
f 1249/241/36 1379/240/36 1248/242/36
f 1380/243/36 1248/242/36 1379/240/36
f 1248/242/36 1380/243/36 1247/244/36
f 1247/244/36 1380/243/36 1246/245/36
f 1381/246/36 1246/245/36 1380/243/36
f 1246/245/36 1381/246/36 1245/247/36
f 1245/247/36 1381/246/36 1244/248/36
f 1382/249/36 1244/248/36 1381/246/36
f 1244/248/36 1382/249/36 1243/250/36
f 1243/250/36 1382/249/36 1242/251/36
f 1383/252/36 1242/251/36 1382/249/36
f 1242/251/36 1383/252/36 1241/253/36
f 1241/253/36 1383/252/36 1240/254/36
f 1384/255/36 1240/254/36 1383/252/36
f 1240/254/36 1384/255/36 1239/256/36
f 1385/257/36 1239/256/36 1384/255/36
f 1239/256/36 1385/257/36 1238/258/36
f 1238/258/36 1385/257/36 1237/259/36
f 1386/260/36 1237/259/36 1385/257/36
f 1237/259/36 1386/260/36 1236/261/36
f 1236/261/36 1386/260/36 1235/262/36
f 1387/263/36 1235/262/36 1386/260/36
f 1235/262/36 1387/263/36 1234/264/36
f 1234/264/36 1387/263/36 1233/265/36
f 1388/266/36 1233/265/36 1387/263/36
f 1233/265/36 1388/266/36 1232/267/36
f 1232/267/36 1388/266/36 1231/268/36
f 1389/269/36 1231/268/36 1388/266/36
f 1231/268/36 1389/269/36 1230/270/36
f 1230/270/36 1389/269/36 1229/271/36
f 1390/272/36 1229/271/36 1389/269/36
f 1229/271/36 1390/272/36 1228/273/36
f 1391/274/36 1228/273/36 1390/272/36
f 1228/273/36 1391/274/36 1227/275/36
f 1227/275/36 1391/274/36 1226/276/36
f 1392/277/36 1226/276/36 1391/274/36
f 1226/276/36 1392/277/36 1225/278/36
f 1393/279/36 1225/278/36 1392/277/36
f 1225/278/36 1393/279/36 1224/280/36
f 1224/280/36 1393/279/36 1223/281/36
f 1394/282/36 1223/281/36 1393/279/36
f 1223/281/36 1394/282/36 1222/283/36
f 1395/284/36 1222/283/36 1394/282/36
f 1222/283/36 1395/284/36 1221/285/36
f 1221/285/36 1395/284/36 1220/286/36
f 1396/287/36 1220/286/36 1395/284/36
f 1220/286/36 1396/287/36 1219/288/36
f 1397/289/36 1219/288/36 1396/287/36
f 1219/288/36 1397/289/36 1218/290/36
f 1218/290/36 1397/289/36 1217/291/36
f 1398/292/36 1217/291/36 1397/289/36
f 1217/291/36 1398/292/36 1216/293/36
f 1399/294/36 1216/293/36 1398/292/36
f 1216/293/36 1399/294/36 1215/295/36
f 1215/295/36 1399/294/36 1214/296/36
f 1400/297/36 1214/296/36 1399/294/36
f 1214/296/36 1400/297/36 1213/298/36
f 1401/299/36 1213/298/36 1400/297/36
f 1213/298/36 1401/299/36 1212/300/36
f 1212/300/36 1401/299/36 1211/301/36
f 1402/302/36 1211/301/36 1401/299/36
f 1211/301/36 1402/302/36 1210/303/36
f 1403/229/36 1210/303/36 1402/302/36
f 1209/230/36 1210/303/36 1403/229/36
f 1185/304/36 1316/306/36 1184/305/36
f 1184/305/36 1316/306/36 1183/307/36
f 1317/308/36 1183/307/36 1316/306/36
f 1183/307/36 1317/308/36 1182/309/36
f 1182/309/36 1317/308/36 1181/310/36
f 1370/210/36 1263/311/36 1264/209/36
f 1371/312/36 1263/311/36 1370/210/36
f 1263/311/36 1371/312/36 1262/313/36
f 1372/314/36 1262/313/36 1371/312/36
f 1262/313/36 1372/314/36 1261/315/36
f 1373/316/36 1261/315/36 1372/314/36
f 1261/315/36 1373/316/36 1260/317/36
f 1260/317/36 1373/316/36 1259/318/36
f 1374/319/36 1259/318/36 1373/316/36
f 1259/318/36 1374/319/36 1258/320/36
f 1375/321/36 1258/320/36 1374/319/36
f 1258/320/36 1375/321/36 1257/322/36
f 1257/322/36 1375/321/36 1256/323/36
f 1376/324/36 1256/323/36 1375/321/36
f 1256/323/36 1376/324/36 1255/325/36
f 1255/325/36 1376/324/36 1254/326/36
f 1377/327/36 1254/326/36 1376/324/36
f 1254/326/36 1377/327/36 1253/328/36
f 1253/328/36 1377/327/36 1252/237/36
f 1252/237/36 1377/327/36 1378/236/36
f 1406/234/36 1407/329/36 1206/235/36
f 1206/235/36 1407/329/36 1205/330/36
f 1408/331/36 1205/330/36 1407/329/36
f 1205/330/36 1408/331/36 1204/332/36
f 1409/333/36 1204/332/36 1408/331/36
f 1410/334/36 1204/332/36 1409/333/36
f 1411/335/36 1204/332/36 1410/334/36
f 1412/336/36 1204/332/36 1411/335/36
f 1413/337/36 1204/332/36 1412/336/36
f 1414/338/36 1204/332/36 1413/337/36
f 1415/339/36 1204/332/36 1414/338/36
f 1416/340/36 1204/332/36 1415/339/36
f 1417/220/36 1204/332/36 1416/340/36
f 1297/221/36 1204/332/36 1417/220/36
f 1298/341/36 1204/332/36 1297/221/36
f 1299/342/36 1204/332/36 1298/341/36
f 1300/343/36 1204/332/36 1299/342/36
f 1301/344/36 1204/332/36 1300/343/36
f 1302/345/36 1204/332/36 1301/344/36
f 1303/346/36 1204/332/36 1302/345/36
f 1304/347/36 1204/332/36 1303/346/36
f 1305/348/36 1204/332/36 1304/347/36
f 1204/332/36 1305/348/36 1203/349/36
f 1306/350/36 1203/349/36 1305/348/36
f 1203/349/36 1306/350/36 1202/351/36
f 1202/351/36 1306/350/36 1201/352/36
f 1307/353/36 1201/352/36 1306/350/36
f 1201/352/36 1307/353/36 1200/354/36
f 1308/355/36 1200/354/36 1307/353/36
f 1200/354/36 1308/355/36 1199/356/36
f 1199/356/36 1308/355/36 1198/357/36
f 1309/358/36 1198/357/36 1308/355/36
f 1198/357/36 1309/358/36 1197/359/36
f 1197/359/36 1309/358/36 1196/360/36
f 1310/361/36 1196/360/36 1309/358/36
f 1196/360/36 1310/361/36 1195/362/36
f 1195/362/36 1310/361/36 1194/363/36
f 1311/364/36 1194/363/36 1310/361/36
f 1194/363/36 1311/364/36 1193/365/36
f 1312/366/36 1193/365/36 1311/364/36
f 1193/365/36 1312/366/36 1192/367/36
f 1192/367/36 1312/366/36 1191/368/36
f 1313/369/36 1191/368/36 1312/366/36
f 1191/368/36 1313/369/36 1190/370/36
f 1190/370/36 1313/369/36 1189/371/36
f 1314/372/36 1189/371/36 1313/369/36
f 1189/371/36 1314/372/36 1188/373/36
f 1188/373/36 1314/372/36 1187/374/36
f 1315/375/36 1187/374/36 1314/372/36
f 1187/374/36 1315/375/36 1186/376/36
f 1186/376/36 1315/375/36 1185/304/36
f 1185/304/36 1315/375/36 1316/306/36
f 1317/308/36 1318/377/36 1181/310/36
f 1181/310/36 1318/377/36 1180/378/36
f 1319/379/36 1180/378/36 1318/377/36
f 1180/378/36 1319/379/36 1179/380/36
f 1179/380/36 1319/379/36 1178/381/36
f 1320/382/36 1178/381/36 1319/379/36
f 1178/381/36 1320/382/36 1177/383/36
f 1177/383/36 1320/382/36 1176/384/36
f 1321/385/36 1176/384/36 1320/382/36
f 1176/384/36 1321/385/36 1175/386/36
f 1175/386/36 1321/385/36 1174/387/36
f 1174/387/36 1321/385/36 1173/388/36
f 1322/389/36 1173/388/36 1321/385/36
f 1173/388/36 1322/389/36 1172/390/36
f 1172/390/36 1322/389/36 1171/391/36
f 1323/392/36 1171/391/36 1322/389/36
f 1171/391/36 1323/392/36 1170/393/36
f 1170/393/36 1323/392/36 1169/394/36
f 1324/395/36 1169/394/36 1323/392/36
f 1169/394/36 1324/395/36 1168/396/36
f 1168/396/36 1324/395/36 1167/397/36
f 1325/398/36 1167/397/36 1324/395/36
f 1167/397/36 1325/398/36 1166/399/36
f 1166/399/36 1325/398/36 1165/400/36
f 1165/400/36 1325/398/36 1164/401/36
f 1326/402/36 1164/401/36 1325/398/36
f 1164/401/36 1326/402/36 1163/403/36
f 1163/403/36 1326/402/36 1162/404/36
f 1327/405/36 1162/404/36 1326/402/36
f 1162/404/36 1327/405/36 1161/406/36
f 1161/406/36 1327/405/36 1160/407/36
f 1328/408/36 1160/407/36 1327/405/36
f 1160/407/36 1328/408/36 1159/409/36
f 1159/409/36 1328/408/36 1158/410/36
f 1329/411/36 1158/410/36 1328/408/36
f 1158/410/36 1329/411/36 1157/412/36
f 1157/412/36 1329/411/36 1156/413/36
f 1156/413/36 1329/411/36 1155/414/36
f 1330/415/36 1155/414/36 1329/411/36
f 1155/414/36 1330/415/36 1154/416/36
f 1154/416/36 1330/415/36 1153/417/36
f 1331/418/36 1153/417/36 1330/415/36
f 1153/417/36 1331/418/36 1152/419/36
f 1152/419/36 1331/418/36 1151/420/36
f 1332/421/36 1151/420/36 1331/418/36
f 1151/420/36 1332/421/36 1150/422/36
f 1150/422/36 1332/421/36 1149/423/36
f 1333/424/36 1149/423/36 1332/421/36
f 1149/423/36 1333/424/36 1148/425/36
f 1148/425/36 1333/424/36 1147/426/36
f 1334/212/36 1147/426/36 1333/424/36
f 1147/426/36 1334/212/36 1146/427/36
f 1145/213/36 1146/427/36 1334/212/36
f 1599/428/36 1433/430/36 1598/429/36
f 1433/430/36 1599/428/36 1432/431/36
f 1432/431/36 1599/428/36 1431/432/36
f 1600/139/36 1431/432/36 1599/428/36
f 1431/432/36 1600/139/36 1430/433/36
f 1427/133/36 1430/433/36 1600/139/36
f 1430/433/36 1427/133/36 1429/434/36
f 1428/435/36 1429/434/36 1427/133/36
f 1559/436/36 1560/438/36 1459/437/36
f 1459/437/36 1560/438/36 1458/439/36
f 1556/440/36 1557/442/36 1462/441/36
f 1462/441/36 1557/442/36 1461/443/36
f 1463/444/36 1464/446/36 1555/445/36
f 1465/447/36 1466/449/36 1554/448/36
f 1464/446/36 1554/448/36 1555/445/36
f 1554/448/36 1464/446/36 1465/447/36
f 1555/445/36 1556/440/36 1463/444/36
f 1462/441/36 1463/444/36 1556/440/36
f 1557/442/36 1558/450/36 1461/443/36
f 1461/443/36 1558/450/36 1460/451/36
f 1559/436/36 1460/451/36 1558/450/36
f 1459/437/36 1460/451/36 1559/436/36
f 1560/438/36 1561/452/36 1458/439/36
f 1458/439/36 1561/452/36 1457/453/36
f 1562/454/36 1457/453/36 1561/452/36
f 1563/455/36 1457/453/36 1562/454/36
f 1457/453/36 1563/455/36 1456/456/36
f 1564/457/36 1456/456/36 1563/455/36
f 1564/457/36 1565/458/36 1456/456/36
f 1456/456/36 1565/458/36 1455/459/36
f 1566/460/36 1455/459/36 1565/458/36
f 1455/459/36 1566/460/36 1454/461/36
f 1567/462/36 1454/461/36 1566/460/36
f 1568/463/36 1454/461/36 1567/462/36
f 1454/461/36 1568/463/36 1453/464/36
f 1569/465/36 1453/464/36 1568/463/36
f 1570/466/36 1453/464/36 1569/465/36
f 1453/464/36 1570/466/36 1452/467/36
f 1571/468/36 1452/467/36 1570/466/36
f 1572/469/36 1452/467/36 1571/468/36
f 1452/467/36 1572/469/36 1451/470/36
f 1573/471/36 1451/470/36 1572/469/36
f 1574/472/36 1451/470/36 1573/471/36
f 1451/470/36 1574/472/36 1450/473/36
f 1575/474/36 1450/473/36 1574/472/36
f 1576/475/36 1450/473/36 1575/474/36
f 1450/473/36 1576/475/36 1449/476/36
f 1577/477/36 1449/476/36 1576/475/36
f 1578/478/36 1449/476/36 1577/477/36
f 1449/476/36 1578/478/36 1448/479/36
f 1579/480/36 1448/479/36 1578/478/36
f 1580/481/36 1448/479/36 1579/480/36
f 1581/482/36 1448/479/36 1580/481/36
f 1448/479/36 1581/482/36 1447/483/36
f 1582/484/36 1447/483/36 1581/482/36
f 1583/485/36 1447/483/36 1582/484/36
f 1447/483/36 1583/485/36 1446/486/36
f 1584/487/36 1446/486/36 1583/485/36
f 1585/488/36 1446/486/36 1584/487/36
f 1446/486/36 1585/488/36 1445/489/36
f 1586/490/36 1445/489/36 1585/488/36
f 1587/491/36 1445/489/36 1586/490/36
f 1588/492/36 1445/489/36 1587/491/36
f 1445/489/36 1588/492/36 1444/493/36
f 1589/494/36 1444/493/36 1588/492/36
f 1590/495/36 1444/493/36 1589/494/36
f 1444/493/36 1590/495/36 1443/496/36
f 1591/497/36 1443/496/36 1590/495/36
f 1443/496/36 1591/497/36 1442/498/36
f 1592/499/36 1442/498/36 1591/497/36
f 1442/498/36 1592/499/36 1441/500/36
f 1593/501/36 1441/500/36 1592/499/36
f 1441/500/36 1593/501/36 1440/502/36
f 1594/503/36 1440/502/36 1593/501/36
f 1440/502/36 1594/503/36 1439/504/36
f 1439/504/36 1594/503/36 1438/505/36
f 1595/506/36 1438/505/36 1594/503/36
f 1438/505/36 1595/506/36 1437/507/36
f 1596/508/36 1437/507/36 1595/506/36
f 1437/507/36 1596/508/36 1436/509/36
f 1436/509/36 1596/508/36 1435/510/36
f 1597/511/36 1435/510/36 1596/508/36
f 1435/510/36 1597/511/36 1434/512/36
f 1598/429/36 1434/512/36 1597/511/36
f 1433/430/36 1434/512/36 1598/429/36
f 1467/513/36 1552/515/36 1553/514/36
f 1552/515/36 1467/513/36 1468/516/36
f 1468/516/36 1551/517/36 1552/515/36
f 1469/518/36 1551/517/36 1468/516/36
f 1551/517/36 1469/518/36 1550/519/36
f 1550/519/36 1469/518/36 1470/520/36
f 1470/520/36 1549/521/36 1550/519/36
f 1471/522/36 1549/521/36 1470/520/36
f 1549/521/36 1471/522/36 1548/523/36
f 1472/524/36 1548/523/36 1471/522/36
f 1548/523/36 1472/524/36 1547/525/36
f 1547/525/36 1472/524/36 1546/526/36
f 1546/526/36 1472/524/36 1473/527/36
f 1473/527/36 1545/528/36 1546/526/36
f 1474/529/36 1545/528/36 1473/527/36
f 1545/528/36 1474/529/36 1544/530/36
f 1475/531/36 1544/530/36 1474/529/36
f 1544/530/36 1475/531/36 1543/532/36
f 1543/532/36 1475/531/36 1542/533/36
f 1476/534/36 1542/533/36 1475/531/36
f 1499/535/36 1509/537/36 1498/536/36
f 1509/537/36 1499/535/36 1508/538/36
f 1500/539/36 1508/538/36 1499/535/36
f 1508/538/36 1500/539/36 1507/540/36
f 1501/541/36 1507/540/36 1500/539/36
f 1507/540/36 1501/541/36 1506/542/36
f 1502/543/36 1506/542/36 1501/541/36
f 1506/542/36 1502/543/36 1505/544/36
f 1503/545/36 1505/544/36 1502/543/36
f 1505/544/36 1503/545/36 1504/546/36
f 1476/534/36 1541/547/36 1542/533/36
f 1541/547/36 1476/534/36 1540/548/36
f 1477/549/36 1540/548/36 1476/534/36
f 1540/548/36 1477/549/36 1539/550/36
f 1478/551/36 1539/550/36 1477/549/36
f 1539/550/36 1478/551/36 1538/552/36
f 1538/552/36 1478/551/36 1537/553/36
f 1479/554/36 1537/553/36 1478/551/36
f 1537/553/36 1479/554/36 1536/555/36
f 1536/555/36 1479/554/36 1535/556/36
f 1480/557/36 1535/556/36 1479/554/36
f 1535/556/36 1480/557/36 1534/558/36
f 1534/558/36 1480/557/36 1533/559/36
f 1481/560/36 1533/559/36 1480/557/36
f 1533/559/36 1481/560/36 1532/561/36
f 1532/561/36 1481/560/36 1531/562/36
f 1482/563/36 1531/562/36 1481/560/36
f 1531/562/36 1482/563/36 1530/564/36
f 1530/564/36 1482/563/36 1529/565/36
f 1483/566/36 1529/565/36 1482/563/36
f 1529/565/36 1483/566/36 1528/567/36
f 1528/567/36 1483/566/36 1527/568/36
f 1484/569/36 1527/568/36 1483/566/36
f 1527/568/36 1484/569/36 1526/570/36
f 1526/570/36 1484/569/36 1525/571/36
f 1485/572/36 1525/571/36 1484/569/36
f 1525/571/36 1485/572/36 1524/573/36
f 1524/573/36 1485/572/36 1523/574/36
f 1486/575/36 1523/574/36 1485/572/36
f 1523/574/36 1486/575/36 1522/576/36
f 1522/576/36 1486/575/36 1521/577/36
f 1487/578/36 1521/577/36 1486/575/36
f 1521/577/36 1487/578/36 1520/579/36
f 1520/579/36 1487/578/36 1519/580/36
f 1488/581/36 1519/580/36 1487/578/36
f 1519/580/36 1488/581/36 1518/582/36
f 1518/582/36 1488/581/36 1517/583/36
f 1489/584/36 1517/583/36 1488/581/36
f 1517/583/36 1489/584/36 1516/585/36
f 1490/586/36 1516/585/36 1489/584/36
f 1516/585/36 1490/586/36 1515/587/36
f 1491/588/36 1515/587/36 1490/586/36
f 1515/587/36 1491/588/36 1514/589/36
f 1492/590/36 1514/589/36 1491/588/36
f 1514/589/36 1492/590/36 1513/591/36
f 1493/592/36 1513/591/36 1492/590/36
f 1513/591/36 1493/592/36 1512/593/36
f 1494/594/36 1512/593/36 1493/592/36
f 1495/595/36 1512/593/36 1494/594/36
f 1512/593/36 1495/595/36 1511/596/36
f 1496/597/36 1511/596/36 1495/595/36
f 1511/596/36 1496/597/36 1510/598/36
f 1497/599/36 1510/598/36 1496/597/36
f 1510/598/36 1497/599/36 1509/537/36
f 1509/537/36 1497/599/36 1498/536/36
f 1466/449/36 1553/514/36 1554/448/36
f 1553/514/36 1466/449/36 1467/513/36
s 1
f 659/600/37 660/601/38 1428/602/38 1427/133/37
f 660/601/38 661/603/39 1429/604/39 1428/602/38
f 661/603/39 662/605/40 1430/606/40 1429/604/39
f 662/605/40 663/607/41 1431/608/41 1430/606/40
f 663/607/41 664/609/42 1432/610/42 1431/608/41
f 664/609/42 665/611/43 1433/612/43 1432/610/42
f 665/611/43 666/613/44 1434/614/44 1433/612/43
f 666/613/44 667/615/45 1435/616/45 1434/614/44
f 667/615/45 668/617/46 1436/618/46 1435/616/45
f 668/617/46 669/619/47 1437/620/47 1436/618/46
f 669/619/47 670/621/48 1438/622/48 1437/620/47
f 670/621/48 671/623/49 1439/624/49 1438/622/48
f 671/623/49 672/625/50 1440/626/50 1439/624/49
f 672/625/50 673/627/51 1441/628/51 1440/626/50
f 673/627/51 674/629/52 1442/630/52 1441/628/51
f 674/629/52 675/631/53 1443/632/53 1442/630/52
f 675/631/53 676/633/54 1444/634/54 1443/632/53
f 676/633/54 677/635/55 1445/636/55 1444/634/54
f 677/635/55 678/637/56 1446/638/56 1445/636/55
f 678/637/56 679/639/57 1447/640/57 1446/638/56
f 679/639/57 680/641/58 1448/642/58 1447/640/57
f 680/641/58 681/643/59 1449/644/59 1448/642/58
f 681/643/59 682/645/60 1450/646/60 1449/644/59
f 682/645/60 683/647/61 1451/648/61 1450/646/60
f 683/647/61 684/649/62 1452/650/62 1451/648/61
f 684/649/62 685/651/63 1453/652/63 1452/650/62
f 685/651/63 686/653/64 1454/654/64 1453/652/63
f 686/653/64 687/655/65 1455/656/65 1454/654/64
f 687/655/65 688/657/66 1456/658/66 1455/656/65
f 688/657/66 689/659/67 1457/660/67 1456/658/66
f 689/659/67 690/661/68 1458/662/68 1457/660/67
f 690/661/68 691/663/69 1459/664/69 1458/662/68
f 691/663/69 692/665/70 1460/666/70 1459/664/69
f 692/665/70 693/667/71 1461/668/71 1460/666/70
f 693/667/71 694/669/72 1462/670/72 1461/668/71
f 694/669/72 695/671/73 1463/672/73 1462/670/72
f 695/671/73 696/673/74 1464/674/74 1463/672/73
f 696/673/74 697/675/75 1465/676/75 1464/674/74
f 697/675/75 698/677/76 1466/678/76 1465/676/75
f 698/677/76 699/679/77 1467/680/77 1466/678/76
f 699/679/77 700/681/78 1468/682/78 1467/680/77
f 700/681/78 701/683/79 1469/684/79 1468/682/78
f 701/683/79 702/685/80 1470/686/80 1469/684/79
f 702/685/80 703/687/81 1471/688/81 1470/686/80
f 703/687/81 704/689/82 1472/690/82 1471/688/81
f 704/689/82 705/691/83 1473/692/83 1472/690/82
f 705/691/83 706/693/84 1474/694/84 1473/692/83
f 706/693/84 707/695/85 1475/696/85 1474/694/84
f 707/695/85 708/697/86 1476/698/86 1475/696/85
f 708/697/86 709/699/87 1477/700/87 1476/698/86
f 709/699/87 710/701/88 1478/702/88 1477/700/87
f 710/701/88 711/703/89 1479/704/89 1478/702/88
f 711/703/89 712/705/90 1480/706/90 1479/704/89
f 712/705/90 713/707/91 1481/708/91 1480/706/90
f 713/707/91 714/709/92 1482/710/92 1481/708/91
f 714/709/92 715/711/93 1483/712/93 1482/710/92
f 715/711/93 716/713/94 1484/714/94 1483/712/93
f 716/713/94 717/715/95 1485/716/95 1484/714/94
f 717/715/95 718/717/96 1486/718/96 1485/716/95
f 718/717/96 719/719/97 1487/720/97 1486/718/96
f 719/719/97 720/721/98 1488/722/98 1487/720/97
f 720/721/98 721/723/99 1489/724/99 1488/722/98
f 721/723/99 722/725/100 1490/726/100 1489/724/99
f 722/725/100 723/727/101 1491/728/101 1490/726/100
f 723/727/101 724/729/102 1492/730/102 1491/728/101
f 724/729/102 725/731/103 1493/732/103 1492/730/102
f 725/731/103 726/733/104 1494/734/104 1493/732/103
f 726/733/104 727/735/105 1495/736/105 1494/734/104
f 727/735/105 728/737/106 1496/738/106 1495/736/105
f 728/737/106 729/739/107 1497/740/107 1496/738/106
f 729/739/107 730/741/108 1498/742/108 1497/740/107
f 730/741/108 731/743/109 1499/744/109 1498/742/108
f 731/743/109 732/745/110 1500/746/110 1499/744/109
f 732/745/110 733/747/111 1501/748/111 1500/746/110
f 733/747/111 734/749/112 1502/750/112 1501/748/111
f 734/749/112 735/751/38 1503/752/38 1502/750/112
f 735/751/38 736/753/39 1504/754/39 1503/752/38
f 736/753/39 737/755/113 1505/756/113 1504/754/39
f 737/755/113 738/757/114 1506/758/114 1505/756/113
f 738/757/114 739/759/115 1507/760/115 1506/758/114
f 739/759/115 740/761/116 1508/762/116 1507/760/115
f 740/761/116 741/763/117 1509/764/117 1508/762/116
f 741/763/117 742/765/118 1510/766/118 1509/764/117
f 742/765/118 743/767/119 1511/768/119 1510/766/118
f 743/767/119 744/769/120 1512/770/120 1511/768/119
f 744/769/120 745/771/121 1513/772/121 1512/770/120
f 745/771/121 746/773/122 1514/138/122 1513/772/121
f 746/773/122 747/774/123 1515/775/123 1514/138/122
f 747/774/123 748/776/124 1516/777/124 1515/775/123
f 748/776/124 749/778/125 1517/779/125 1516/777/124
f 749/778/125 750/780/126 1518/781/126 1517/779/125
f 750/780/126 751/782/127 1519/783/127 1518/781/126
f 751/782/127 752/784/128 1520/785/128 1519/783/127
f 752/784/128 753/786/129 1521/787/129 1520/785/128
f 753/786/129 754/788/130 1522/789/130 1521/787/129
f 754/788/130 755/790/131 1523/791/131 1522/789/130
f 755/790/131 756/792/132 1524/793/132 1523/791/131
f 756/792/132 757/794/133 1525/795/133 1524/793/132
f 757/794/133 758/796/134 1526/797/134 1525/795/133
f 758/796/134 759/798/135 1527/799/135 1526/797/134
f 759/798/135 760/800/136 1528/801/136 1527/799/135
f 760/800/136 761/802/137 1529/803/137 1528/801/136
f 761/802/137 762/804/138 1530/805/138 1529/803/137
f 762/804/138 763/806/139 1531/807/139 1530/805/138
f 763/806/139 764/808/140 1532/809/140 1531/807/139
f 764/808/140 765/810/141 1533/811/141 1532/809/140
f 765/810/141 766/812/142 1534/813/142 1533/811/141
f 766/812/142 767/814/143 1535/815/143 1534/813/142
f 767/814/143 768/816/144 1536/817/144 1535/815/143
f 768/816/144 769/818/145 1537/819/145 1536/817/144
f 769/818/145 770/820/146 1538/821/146 1537/819/145
f 770/820/146 771/822/147 1539/823/147 1538/821/146
f 771/822/147 772/824/148 1540/825/148 1539/823/147
f 772/824/148 773/826/149 1541/827/149 1540/825/148
f 773/826/149 774/828/150 1542/829/150 1541/827/149
f 774/828/150 775/830/151 1543/831/151 1542/829/150
f 775/830/151 776/832/152 1544/833/152 1543/831/151
f 776/832/152 777/834/153 1545/835/153 1544/833/152
f 777/834/153 778/836/154 1546/837/154 1545/835/153
f 778/836/154 779/838/155 1547/839/155 1546/837/154
f 779/838/155 780/840/156 1548/841/156 1547/839/155
f 780/840/156 781/842/157 1549/843/157 1548/841/156
f 781/842/157 782/844/158 1550/845/158 1549/843/157
f 782/844/158 783/846/159 1551/847/159 1550/845/158
f 783/846/159 784/848/160 1552/849/160 1551/847/159
f 784/848/160 785/850/161 1553/851/161 1552/849/160
f 785/850/161 786/852/162 1554/853/162 1553/851/161
f 786/852/162 787/854/163 1555/855/163 1554/853/162
f 787/854/163 788/856/164 1556/857/164 1555/855/163
f 788/856/164 789/858/165 1557/859/165 1556/857/164
f 789/858/165 790/860/166 1558/861/166 1557/859/165
f 790/860/166 791/862/167 1559/863/167 1558/861/166
f 791/862/167 792/864/168 1560/865/168 1559/863/167
f 792/864/168 793/866/169 1561/867/169 1560/865/168
f 793/866/169 794/868/170 1562/869/170 1561/867/169
f 794/868/170 795/870/171 1563/871/171 1562/869/170
f 795/870/171 796/872/172 1564/873/172 1563/871/171
f 796/872/172 797/874/173 1565/875/173 1564/873/172
f 797/874/173 798/876/174 1566/877/174 1565/875/173
f 798/876/174 799/878/175 1567/879/175 1566/877/174
f 799/878/175 800/880/176 1568/881/176 1567/879/175
f 800/880/176 801/882/177 1569/883/177 1568/881/176
f 801/882/177 802/884/178 1570/885/178 1569/883/177
f 802/884/178 803/886/179 1571/887/179 1570/885/178
f 803/886/179 804/888/180 1572/889/180 1571/887/179
f 804/888/180 805/890/181 1573/891/181 1572/889/180
f 805/890/181 806/892/182 1574/893/182 1573/891/181
f 806/892/182 807/894/183 1575/895/183 1574/893/182
f 807/894/183 808/896/184 1576/897/184 1575/895/183
f 808/896/184 809/898/185 1577/899/185 1576/897/184
f 809/898/185 810/900/186 1578/901/186 1577/899/185
f 810/900/186 811/902/187 1579/903/187 1578/901/186
f 811/902/187 812/904/188 1580/905/188 1579/903/187
f 812/904/188 813/906/189 1581/907/189 1580/905/188
f 813/906/189 814/908/190 1582/909/190 1581/907/189
f 814/908/190 815/910/191 1583/911/191 1582/909/190
f 815/910/191 816/912/192 1584/913/192 1583/911/191
f 816/912/192 817/914/193 1585/915/193 1584/913/192
f 817/914/193 818/916/194 1586/917/194 1585/915/193
f 818/916/194 819/918/195 1587/919/195 1586/917/194
f 819/918/195 820/920/196 1588/921/196 1587/919/195
f 820/920/196 821/922/197 1589/923/197 1588/921/196
f 821/922/197 822/924/198 1590/925/198 1589/923/197
f 822/924/198 823/926/199 1591/927/199 1590/925/198
f 823/926/199 824/928/200 1592/929/200 1591/927/199
f 824/928/200 825/930/201 1593/931/201 1592/929/200
f 825/930/201 826/932/202 1594/933/202 1593/931/201
f 826/932/202 827/934/203 1595/935/203 1594/933/202
f 827/934/203 828/936/204 1596/937/204 1595/935/203
f 828/936/204 829/938/205 1597/939/205 1596/937/204
f 829/938/205 830/940/206 1598/941/206 1597/939/205
f 830/940/206 831/942/207 1599/943/207 1598/941/206
f 831/942/207 832/944/208 1600/945/208 1599/943/207
f 832/944/208 659/946/37 1427/139/37 1600/945/208
f 362/600/209 363/947/38 1131/948/38 1130/133/209
f 363/947/38 364/949/210 1132/950/210 1131/948/38
f 364/949/210 365/951/211 1133/952/211 1132/950/210
f 365/951/211 366/953/212 1134/954/212 1133/952/211
f 366/953/212 367/955/213 1135/956/213 1134/954/212
f 367/955/213 368/957/214 1136/958/214 1135/956/213
f 368/957/214 369/959/215 1137/960/215 1136/958/214
f 369/959/215 370/961/216 1138/962/216 1137/960/215
f 370/961/216 371/963/217 1139/964/217 1138/962/216
f 371/963/217 372/965/218 1140/966/218 1139/964/217
f 372/965/218 373/967/219 1141/968/219 1140/966/218
f 373/967/219 374/969/220 1142/970/220 1141/968/219
f 374/969/220 375/971/221 1143/972/221 1142/970/220
f 375/971/221 376/973/222 1144/974/222 1143/972/221
f 376/973/222 377/975/223 1145/976/223 1144/974/222
f 377/975/223 378/977/224 1146/978/224 1145/976/223
f 378/977/224 379/979/225 1147/980/225 1146/978/224
f 379/979/225 380/981/226 1148/982/226 1147/980/225
f 380/981/226 381/983/227 1149/984/227 1148/982/226
f 381/983/227 382/985/228 1150/986/228 1149/984/227
f 382/985/228 383/987/229 1151/988/229 1150/986/228
f 383/987/229 384/989/230 1152/990/230 1151/988/229
f 384/989/230 385/991/231 1153/992/231 1152/990/230
f 385/991/231 386/993/232 1154/994/232 1153/992/231
f 386/993/232 387/995/233 1155/996/233 1154/994/232
f 387/995/233 388/997/234 1156/998/234 1155/996/233
f 388/997/234 389/999/235 1157/1000/235 1156/998/234
f 389/999/235 390/1001/236 1158/1002/236 1157/1000/235
f 390/1001/236 391/1003/237 1159/1004/237 1158/1002/236
f 391/1003/237 392/1005/238 1160/1006/238 1159/1004/237
f 392/1005/238 393/1007/239 1161/1008/239 1160/1006/238
f 393/1007/239 394/1009/240 1162/1010/240 1161/1008/239
f 394/1009/240 395/1011/241 1163/1012/241 1162/1010/240
f 395/1011/241 396/1013/242 1164/1014/242 1163/1012/241
f 396/1013/242 397/1015/243 1165/1016/243 1164/1014/242
f 397/1015/243 398/1017/244 1166/1018/244 1165/1016/243
f 398/1017/244 399/1019/245 1167/1020/245 1166/1018/244
f 399/1019/245 400/1021/246 1168/1022/246 1167/1020/245
f 400/1021/246 401/1023/247 1169/1024/247 1168/1022/246
f 401/1023/247 402/1025/248 1170/1026/248 1169/1024/247
f 402/1025/248 403/1027/249 1171/1028/249 1170/1026/248
f 403/1027/249 404/1029/250 1172/1030/250 1171/1028/249
f 404/1029/250 405/1031/251 1173/1032/251 1172/1030/250
f 405/1031/251 406/1033/252 1174/1034/252 1173/1032/251
f 406/1033/252 407/1035/253 1175/1036/253 1174/1034/252
f 407/1035/253 408/1037/254 1176/1038/254 1175/1036/253
f 408/1037/254 409/1039/255 1177/1040/255 1176/1038/254
f 409/1039/255 410/1041/256 1178/1042/256 1177/1040/255
f 410/1041/256 411/715/257 1179/716/257 1178/1042/256
f 411/715/257 412/1043/258 1180/1044/258 1179/716/257
f 412/1043/258 413/1045/259 1181/1046/259 1180/1044/258
f 413/1045/259 414/1047/260 1182/1048/260 1181/1046/259
f 414/1047/260 415/1049/261 1183/1050/261 1182/1048/260
f 415/1049/261 416/1051/262 1184/1052/262 1183/1050/261
f 416/1051/262 417/1053/263 1185/1054/263 1184/1052/262
f 417/1053/263 418/1055/264 1186/1056/264 1185/1054/263
f 418/1055/264 419/1057/265 1187/1058/265 1186/1056/264
f 419/1057/265 420/1059/266 1188/1060/266 1187/1058/265
f 420/1059/266 421/1061/267 1189/1062/267 1188/1060/266
f 421/1061/267 422/1063/268 1190/1064/268 1189/1062/267
f 422/1063/268 423/1065/269 1191/1066/269 1190/1064/268
f 423/1065/269 424/1067/270 1192/1068/270 1191/1066/269
f 424/1067/270 425/1069/271 1193/1070/271 1192/1068/270
f 425/1069/271 426/1071/272 1194/1072/272 1193/1070/271
f 426/1071/272 427/1073/273 1195/1074/273 1194/1072/272
f 427/1073/273 428/1075/274 1196/1076/274 1195/1074/273
f 428/1075/274 429/1077/275 1197/1078/275 1196/1076/274
f 429/1077/275 430/1079/276 1198/1080/276 1197/1078/275
f 430/1079/276 431/1081/277 1199/1082/277 1198/1080/276
f 431/1081/277 432/1083/278 1200/1084/278 1199/1082/277
f 432/1083/278 433/1085/279 1201/1086/279 1200/1084/278
f 433/1085/279 434/1087/280 1202/1088/280 1201/1086/279
f 434/1087/280 435/1089/281 1203/1090/281 1202/1088/280
f 435/1089/281 436/1091/282 1204/1092/282 1203/1090/281
f 436/1091/282 437/1093/283 1205/1094/283 1204/1092/282
f 437/1093/283 438/1095/284 1206/1096/284 1205/1094/283
f 438/1095/284 439/1097/285 1207/1098/285 1206/1096/284
f 439/1097/285 440/1099/286 1208/1100/286 1207/1098/285
f 440/1099/286 441/1101/287 1209/1102/287 1208/1100/286
f 441/1101/287 442/1103/288 1210/1104/288 1209/1102/287
f 442/1103/288 443/1105/289 1211/1106/289 1210/1104/288
f 443/1105/289 444/1107/290 1212/1108/290 1211/1106/289
f 444/1107/290 445/1109/291 1213/1110/291 1212/1108/290
f 445/1109/291 446/1111/292 1214/1112/292 1213/1110/291
f 446/1111/292 447/1113/293 1215/1114/293 1214/1112/292
f 447/1113/293 448/1115/294 1216/1116/294 1215/1114/293
f 448/1115/294 449/1117/295 1217/1118/295 1216/1116/294
f 449/1117/295 450/1119/296 1218/1120/296 1217/1118/295
f 450/1119/296 451/1121/297 1219/1122/297 1218/1120/296
f 451/1121/297 452/1123/298 1220/1124/298 1219/1122/297
f 452/1123/298 453/1125/299 1221/1126/299 1220/1124/298
f 453/1125/299 454/1127/300 1222/1128/300 1221/1126/299
f 454/1127/300 455/1129/301 1223/1130/301 1222/1128/300
f 455/1129/301 456/1131/302 1224/1132/302 1223/1130/301
f 456/1131/302 457/1133/51 1225/1134/51 1224/1132/302
f 457/1133/51 458/1135/303 1226/1136/303 1225/1134/51
f 458/1135/303 459/1137/304 1227/1138/304 1226/1136/303
f 459/1137/304 460/830/305 1228/831/305 1227/1138/304
f 460/830/305 461/1139/306 1229/1140/306 1228/831/305
f 461/1139/306 462/1141/307 1230/1142/307 1229/1140/306
f 462/1141/307 463/1143/308 1231/1144/308 1230/1142/307
f 463/1143/308 464/1145/309 1232/1146/309 1231/1144/308
f 464/1145/309 465/1147/310 1233/1148/310 1232/1146/309
f 465/1147/310 466/1149/311 1234/1150/311 1233/1148/310
f 466/1149/311 467/1151/312 1235/1152/312 1234/1150/311
f 467/1151/312 468/1153/313 1236/1154/313 1235/1152/312
f 468/1153/313 469/1155/314 1237/1156/314 1236/1154/313
f 469/1155/314 470/1157/315 1238/1158/315 1237/1156/314
f 470/1157/315 471/1159/316 1239/1160/316 1238/1158/315
f 471/1159/316 472/1161/317 1240/1162/317 1239/1160/316
f 472/1161/317 473/1163/318 1241/1164/318 1240/1162/317
f 473/1163/318 474/1165/319 1242/1166/319 1241/1164/318
f 474/1165/319 475/1167/320 1243/1168/320 1242/1166/319
f 475/1167/320 476/1169/321 1244/1170/321 1243/1168/320
f 476/1169/321 477/1171/322 1245/1172/322 1244/1170/321
f 477/1171/322 478/1173/323 1246/1174/323 1245/1172/322
f 478/1173/323 479/1175/324 1247/1176/324 1246/1174/323
f 479/1175/324 480/1177/325 1248/1178/325 1247/1176/324
f 480/1177/325 481/1179/326 1249/1180/326 1248/1178/325
f 481/1179/326 482/1181/327 1250/1182/327 1249/1180/326
f 482/1181/327 483/1183/328 1251/1184/328 1250/1182/327
f 483/1183/328 484/1185/329 1252/1186/329 1251/1184/328
f 484/1185/329 485/1187/330 1253/1188/330 1252/1186/329
f 485/1187/330 486/1189/331 1254/1190/331 1253/1188/330
f 486/1189/331 487/1191/332 1255/1192/332 1254/1190/331
f 487/1191/332 488/1193/333 1256/1194/333 1255/1192/332
f 488/1193/333 489/1195/334 1257/1196/334 1256/1194/333
f 489/1195/334 490/1197/335 1258/1198/335 1257/1196/334
f 490/1197/335 491/1199/336 1259/1200/336 1258/1198/335
f 491/1199/336 492/1201/337 1260/1202/337 1259/1200/336
f 492/1201/337 493/1203/338 1261/1204/338 1260/1202/337
f 493/1203/338 494/1205/339 1262/1206/339 1261/1204/338
f 494/1205/339 495/1207/340 1263/1208/340 1262/1206/339
f 495/1207/340 496/1209/341 1264/1210/341 1263/1208/340
f 496/1209/341 497/1211/342 1265/1212/342 1264/1210/341
f 497/1211/342 498/1213/343 1266/1214/343 1265/1212/342
f 498/1213/343 499/1215/344 1267/1216/344 1266/1214/343
f 499/1215/344 500/1217/345 1268/1218/345 1267/1216/344
f 500/1217/345 501/1219/346 1269/1220/346 1268/1218/345
f 501/1219/346 502/1221/347 1270/1222/347 1269/1220/346
f 502/1221/347 503/1223/348 1271/1224/348 1270/1222/347
f 503/1223/348 504/1225/349 1272/1226/349 1271/1224/348
f 504/1225/349 505/1227/350 1273/1228/350 1272/1226/349
f 505/1227/350 506/1229/351 1274/1230/351 1273/1228/350
f 506/1229/351 507/1231/352 1275/1232/352 1274/1230/351
f 507/1231/352 508/1233/353 1276/1234/353 1275/1232/352
f 508/1233/353 362/946/209 1130/139/209 1276/1234/353
f 509/600/354 510/1235/325 1278/1236/325 1277/133/354
f 510/1235/325 511/1237/39 1279/1238/39 1278/1236/325
f 511/1237/39 512/1239/355 1280/1240/355 1279/1238/39
f 512/1239/355 513/1241/356 1281/1242/356 1280/1240/355
f 513/1241/356 514/1243/357 1282/1244/357 1281/1242/356
f 514/1243/357 515/1245/358 1283/1246/358 1282/1244/357
f 515/1245/358 516/1247/359 1284/1248/359 1283/1246/358
f 516/1247/359 517/1249/360 1285/1250/360 1284/1248/359
f 517/1249/360 518/1251/361 1286/1252/361 1285/1250/360
f 518/1251/361 519/1253/362 1287/1254/362 1286/1252/361
f 519/1253/362 520/1255/363 1288/1256/363 1287/1254/362
f 520/1255/363 521/1257/364 1289/1258/364 1288/1256/363
f 521/1257/364 522/1259/365 1290/1260/365 1289/1258/364
f 522/1259/365 523/1261/366 1291/1262/366 1290/1260/365
f 523/1261/366 524/1263/367 1292/1264/367 1291/1262/366
f 524/1263/367 525/1265/368 1293/1266/368 1292/1264/367
f 525/1265/368 526/1267/369 1294/1268/369 1293/1266/368
f 526/1267/369 527/1269/370 1295/1270/370 1294/1268/369
f 527/1269/370 528/1271/371 1296/1272/371 1295/1270/370
f 528/1271/371 529/1273/372 1297/1274/372 1296/1272/371
f 529/1273/372 530/1275/373 1298/1276/373 1297/1274/372
f 530/1275/373 531/1277/374 1299/1278/374 1298/1276/373
f 531/1277/374 532/1279/375 1300/1280/375 1299/1278/374
f 532/1279/375 533/1281/376 1301/1282/376 1300/1280/375
f 533/1281/376 534/715/377 1302/716/377 1301/1282/376
f 534/715/377 535/1283/378 1303/1284/378 1302/716/377
f 535/1283/378 536/1285/379 1304/1286/379 1303/1284/378
f 536/1285/379 537/1287/380 1305/1288/380 1304/1286/379
f 537/1287/380 538/1289/381 1306/1290/381 1305/1288/380
f 538/1289/381 539/1291/382 1307/1292/382 1306/1290/381
f 539/1291/382 540/1293/383 1308/1294/383 1307/1292/382
f 540/1293/383 541/1295/384 1309/1296/384 1308/1294/383
f 541/1295/384 542/1297/385 1310/1298/385 1309/1296/384
f 542/1297/385 543/1299/386 1311/1300/386 1310/1298/385
f 543/1299/386 544/1301/387 1312/1302/387 1311/1300/386
f 544/1301/387 545/1303/388 1313/1304/388 1312/1302/387
f 545/1303/388 546/1305/389 1314/1306/389 1313/1304/388
f 546/1305/389 547/1307/390 1315/1308/390 1314/1306/389
f 547/1307/390 548/1309/391 1316/1310/391 1315/1308/390
f 548/1309/391 549/1311/392 1317/1312/392 1316/1310/391
f 549/1311/392 550/1313/393 1318/1314/393 1317/1312/392
f 550/1313/393 551/1315/394 1319/1316/394 1318/1314/393
f 551/1315/394 552/1317/395 1320/1318/395 1319/1316/394
f 552/1317/395 553/1319/396 1321/1320/396 1320/1318/395
f 553/1319/396 554/1321/397 1322/1322/397 1321/1320/396
f 554/1321/397 555/1323/398 1323/1324/398 1322/1322/397
f 555/1323/398 556/1325/399 1324/1326/399 1323/1324/398
f 556/1325/399 557/1327/400 1325/1328/400 1324/1326/399
f 557/1327/400 558/1329/401 1326/1330/401 1325/1328/400
f 558/1329/401 559/830/402 1327/831/402 1326/1330/401
f 559/830/402 560/1331/403 1328/1332/403 1327/831/402
f 560/1331/403 561/1333/404 1329/1334/404 1328/1332/403
f 561/1333/404 562/1335/405 1330/1336/405 1329/1334/404
f 562/1335/405 563/1337/406 1331/1338/406 1330/1336/405
f 563/1337/406 564/1339/407 1332/1340/407 1331/1338/406
f 564/1339/407 565/1341/408 1333/1342/408 1332/1340/407
f 565/1341/408 566/1343/409 1334/1344/409 1333/1342/408
f 566/1343/409 567/1345/410 1335/1346/410 1334/1344/409
f 567/1345/410 568/1347/411 1336/1348/411 1335/1346/410
f 568/1347/411 569/1349/412 1337/1350/412 1336/1348/411
f 569/1349/412 570/1351/413 1338/1352/413 1337/1350/412
f 570/1351/413 571/1353/414 1339/1354/414 1338/1352/413
f 571/1353/414 572/1355/415 1340/1356/415 1339/1354/414
f 572/1355/415 573/1357/416 1341/1358/416 1340/1356/415
f 573/1357/416 574/1359/417 1342/1360/417 1341/1358/416
f 574/1359/417 575/1361/418 1343/1362/418 1342/1360/417
f 575/1361/418 576/1363/419 1344/1364/419 1343/1362/418
f 576/1363/419 577/1365/420 1345/1366/420 1344/1364/419
f 577/1365/420 578/1367/421 1346/1368/421 1345/1366/420
f 578/1367/421 579/1369/422 1347/1370/422 1346/1368/421
f 579/1369/422 580/1371/423 1348/1372/423 1347/1370/422
f 580/1371/423 581/1373/424 1349/1374/424 1348/1372/423
f 581/1373/424 582/1375/425 1350/1376/425 1349/1374/424
f 582/1375/425 583/1377/426 1351/1378/426 1350/1376/425
f 583/1377/426 509/946/354 1277/139/354 1351/1378/426
f 584/600/426 585/1235/325 1353/1236/325 1352/133/426
f 585/1235/325 586/1237/39 1354/1238/39 1353/1236/325
f 586/1237/39 587/1239/427 1355/1240/427 1354/1238/39
f 587/1239/427 588/1241/428 1356/1242/428 1355/1240/427
f 588/1241/428 589/1243/429 1357/1244/429 1356/1242/428
f 589/1243/429 590/1245/430 1358/1246/430 1357/1244/429
f 590/1245/430 591/1247/431 1359/1248/431 1358/1246/430
f 591/1247/431 592/1249/432 1360/1250/432 1359/1248/431
f 592/1249/432 593/1251/433 1361/1252/433 1360/1250/432
f 593/1251/433 594/1253/434 1362/1254/434 1361/1252/433
f 594/1253/434 595/1255/435 1363/1256/435 1362/1254/434
f 595/1255/435 596/1257/436 1364/1258/436 1363/1256/435
f 596/1257/436 597/1259/437 1365/1260/437 1364/1258/436
f 597/1259/437 598/1261/438 1366/1262/438 1365/1260/437
f 598/1261/438 599/1263/439 1367/1264/439 1366/1262/438
f 599/1263/439 600/1265/440 1368/1266/440 1367/1264/439
f 600/1265/440 601/1267/441 1369/1268/441 1368/1266/440
f 601/1267/441 602/1269/442 1370/1270/442 1369/1268/441
f 602/1269/442 603/1271/443 1371/1272/443 1370/1270/442
f 603/1271/443 604/1273/444 1372/1274/444 1371/1272/443
f 604/1273/444 605/1275/445 1373/1276/445 1372/1274/444
f 605/1275/445 606/1277/446 1374/1278/446 1373/1276/445
f 606/1277/446 607/1279/447 1375/1280/447 1374/1278/446
f 607/1279/447 608/1281/448 1376/1282/448 1375/1280/447
f 608/1281/448 609/715/449 1377/716/449 1376/1282/448
f 609/715/449 610/1283/450 1378/1284/450 1377/716/449
f 610/1283/450 611/1285/451 1379/1286/451 1378/1284/450
f 611/1285/451 612/1287/452 1380/1288/452 1379/1286/451
f 612/1287/452 613/1289/453 1381/1290/453 1380/1288/452
f 613/1289/453 614/1291/454 1382/1292/454 1381/1290/453
f 614/1291/454 615/1293/455 1383/1294/455 1382/1292/454
f 615/1293/455 616/1295/456 1384/1296/456 1383/1294/455
f 616/1295/456 617/1297/457 1385/1298/457 1384/1296/456
f 617/1297/457 618/1299/458 1386/1300/458 1385/1298/457
f 618/1299/458 619/1301/459 1387/1302/459 1386/1300/458
f 619/1301/459 620/1303/460 1388/1304/460 1387/1302/459
f 620/1303/460 621/1305/461 1389/1306/461 1388/1304/460
f 621/1305/461 622/1307/462 1390/1308/462 1389/1306/461
f 622/1307/462 623/1309/463 1391/1310/463 1390/1308/462
f 623/1309/463 624/1311/464 1392/1312/464 1391/1310/463
f 624/1311/464 625/1313/465 1393/1314/465 1392/1312/464
f 625/1313/465 626/1315/466 1394/1316/466 1393/1314/465
f 626/1315/466 627/1317/467 1395/1318/467 1394/1316/466
f 627/1317/467 628/1319/468 1396/1320/468 1395/1318/467
f 628/1319/468 629/1321/469 1397/1322/469 1396/1320/468
f 629/1321/469 630/1323/470 1398/1324/470 1397/1322/469
f 630/1323/470 631/1325/471 1399/1326/471 1398/1324/470
f 631/1325/471 632/1327/472 1400/1328/472 1399/1326/471
f 632/1327/472 633/1329/473 1401/1330/473 1400/1328/472
f 633/1329/473 634/830/474 1402/831/474 1401/1330/473
f 634/830/474 635/1331/475 1403/1332/475 1402/831/474
f 635/1331/475 636/1333/476 1404/1334/476 1403/1332/475
f 636/1333/476 637/1335/477 1405/1336/477 1404/1334/476
f 637/1335/477 638/1337/478 1406/1338/478 1405/1336/477
f 638/1337/478 639/1339/479 1407/1340/479 1406/1338/478
f 639/1339/479 640/1341/480 1408/1342/480 1407/1340/479
f 640/1341/480 641/1343/481 1409/1344/481 1408/1342/480
f 641/1343/481 642/1345/482 1410/1346/482 1409/1344/481
f 642/1345/482 643/1347/483 1411/1348/483 1410/1346/482
f 643/1347/483 644/1349/484 1412/1350/484 1411/1348/483
f 644/1349/484 645/1351/485 1413/1352/485 1412/1350/484
f 645/1351/485 646/1353/486 1414/1354/486 1413/1352/485
f 646/1353/486 647/1355/487 1415/1356/487 1414/1354/486
f 647/1355/487 648/1357/488 1416/1358/488 1415/1356/487
f 648/1357/488 649/1359/489 1417/1360/489 1416/1358/488
f 649/1359/489 650/1361/490 1418/1362/490 1417/1360/489
f 650/1361/490 651/1363/491 1419/1364/491 1418/1362/490
f 651/1363/491 652/1365/492 1420/1366/492 1419/1364/491
f 652/1365/492 653/1367/493 1421/1368/493 1420/1366/492
f 653/1367/493 654/1369/494 1422/1370/494 1421/1368/493
f 654/1369/494 655/1371/495 1423/1372/495 1422/1370/494
f 655/1371/495 656/1373/496 1424/1374/496 1423/1372/495
f 656/1373/496 657/1375/497 1425/1376/497 1424/1374/496
f 657/1375/497 658/1377/498 1426/1378/498 1425/1376/497
f 658/1377/498 584/946/426 1352/139/426 1426/1378/498
f 65/600/209 66/947/38 834/948/38 833/133/209
f 66/947/38 67/949/210 835/950/210 834/948/38
f 67/949/210 68/951/211 836/952/211 835/950/210
f 68/951/211 69/953/212 837/954/212 836/952/211
f 69/953/212 70/955/213 838/956/213 837/954/212
f 70/955/213 71/957/214 839/958/214 838/956/213
f 71/957/214 72/959/215 840/960/215 839/958/214
f 72/959/215 73/961/216 841/962/216 840/960/215
f 73/961/216 74/963/217 842/964/217 841/962/216
f 74/963/217 75/965/218 843/966/218 842/964/217
f 75/965/218 76/967/219 844/968/219 843/966/218
f 76/967/219 77/969/220 845/970/220 844/968/219
f 77/969/220 78/971/221 846/972/221 845/970/220
f 78/971/221 79/973/222 847/974/222 846/972/221
f 79/973/222 80/975/499 848/976/499 847/974/222
f 80/975/499 81/977/224 849/978/224 848/976/499
f 81/977/224 82/979/225 850/980/225 849/978/224
f 82/979/225 83/981/500 851/982/500 850/980/225
f 83/981/500 84/983/227 852/984/227 851/982/500
f 84/983/227 85/985/228 853/986/228 852/984/227
f 85/985/228 86/987/229 854/988/229 853/986/228
f 86/987/229 87/989/230 855/990/230 854/988/229
f 87/989/230 88/991/231 856/992/231 855/990/230
f 88/991/231 89/993/232 857/994/232 856/992/231
f 89/993/232 90/995/233 858/996/233 857/994/232
f 90/995/233 91/997/234 859/998/234 858/996/233
f 91/997/234 92/999/235 860/1000/235 859/998/234
f 92/999/235 93/1001/236 861/1002/236 860/1000/235
f 93/1001/236 94/1003/237 862/1004/237 861/1002/236
f 94/1003/237 95/1005/238 863/1006/238 862/1004/237
f 95/1005/238 96/1007/239 864/1008/239 863/1006/238
f 96/1007/239 97/1009/501 865/1010/501 864/1008/239
f 97/1009/501 98/1011/241 866/1012/241 865/1010/501
f 98/1011/241 99/1013/242 867/1014/242 866/1012/241
f 99/1013/242 100/1015/243 868/1016/243 867/1014/242
f 100/1015/243 101/1017/244 869/1018/244 868/1016/243
f 101/1017/244 102/1019/245 870/1020/245 869/1018/244
f 102/1019/245 103/1021/246 871/1022/246 870/1020/245
f 103/1021/246 104/1023/502 872/1024/502 871/1022/246
f 104/1023/502 105/1025/248 873/1026/248 872/1024/502
f 105/1025/248 106/1027/249 874/1028/249 873/1026/248
f 106/1027/249 107/1029/503 875/1030/503 874/1028/249
f 107/1029/503 108/1031/504 876/1032/504 875/1030/503
f 108/1031/504 109/1033/252 877/1034/252 876/1032/504
f 109/1033/252 110/1035/253 878/1036/253 877/1034/252
f 110/1035/253 111/1037/254 879/1038/254 878/1036/253
f 111/1037/254 112/1039/255 880/1040/255 879/1038/254
f 112/1039/255 113/1041/256 881/1042/256 880/1040/255
f 113/1041/256 114/715/257 882/716/257 881/1042/256
f 114/715/257 115/1043/505 883/1044/505 882/716/257
f 115/1043/505 116/1045/259 884/1046/259 883/1044/505
f 116/1045/259 117/1047/260 885/1048/260 884/1046/259
f 117/1047/260 118/1049/261 886/1050/261 885/1048/260
f 118/1049/261 119/1051/262 887/1052/262 886/1050/261
f 119/1051/262 120/1053/263 888/1054/263 887/1052/262
f 120/1053/263 121/1055/264 889/1056/264 888/1054/263
f 121/1055/264 122/1057/265 890/1058/265 889/1056/264
f 122/1057/265 123/1059/506 891/1060/506 890/1058/265
f 123/1059/506 124/1061/267 892/1062/267 891/1060/506
f 124/1061/267 125/1063/268 893/1064/268 892/1062/267
f 125/1063/268 126/1065/269 894/1066/269 893/1064/268
f 126/1065/269 127/1067/507 895/1068/507 894/1066/269
f 127/1067/507 128/1069/271 896/1070/271 895/1068/507
f 128/1069/271 129/1071/272 897/1072/272 896/1070/271
f 129/1071/272 130/1073/273 898/1074/273 897/1072/272
f 130/1073/273 131/1075/274 899/1076/274 898/1074/273
f 131/1075/274 132/1077/275 900/1078/275 899/1076/274
f 132/1077/275 133/1079/276 901/1080/276 900/1078/275
f 133/1079/276 134/1081/277 902/1082/277 901/1080/276
f 134/1081/277 135/1083/278 903/1084/278 902/1082/277
f 135/1083/278 136/1085/279 904/1086/279 903/1084/278
f 136/1085/279 137/1087/280 905/1088/280 904/1086/279
f 137/1087/280 138/1089/281 906/1090/281 905/1088/280
f 138/1089/281 139/1091/282 907/1092/282 906/1090/281
f 139/1091/282 140/1093/283 908/1094/283 907/1092/282
f 140/1093/283 141/1095/284 909/1096/284 908/1094/283
f 141/1095/284 142/1097/285 910/1098/285 909/1096/284
f 142/1097/285 143/1099/286 911/1100/286 910/1098/285
f 143/1099/286 144/1101/287 912/1102/287 911/1100/286
f 144/1101/287 145/1103/288 913/1104/288 912/1102/287
f 145/1103/288 146/1105/289 914/1106/289 913/1104/288
f 146/1105/289 147/1107/290 915/1108/290 914/1106/289
f 147/1107/290 148/1109/291 916/1110/291 915/1108/290
f 148/1109/291 149/1111/292 917/1112/292 916/1110/291
f 149/1111/292 150/1113/508 918/1114/508 917/1112/292
f 150/1113/508 151/1115/294 919/1116/294 918/1114/508
f 151/1115/294 152/1117/295 920/1118/295 919/1116/294
f 152/1117/295 153/1119/296 921/1120/296 920/1118/295
f 153/1119/296 154/1121/509 922/1122/509 921/1120/296
f 154/1121/509 155/1123/298 923/1124/298 922/1122/509
f 155/1123/298 156/1125/299 924/1126/299 923/1124/298
f 156/1125/299 157/1127/300 925/1128/300 924/1126/299
f 157/1127/300 158/1129/301 926/1130/301 925/1128/300
f 158/1129/301 159/1131/302 927/1132/302 926/1130/301
f 159/1131/302 160/1133/51 928/1134/51 927/1132/302
f 160/1133/51 161/1135/303 929/1136/303 928/1134/51
f 161/1135/303 162/1137/304 930/1138/304 929/1136/303
f 162/1137/304 163/830/305 931/831/305 930/1138/304
f 163/830/305 164/1139/306 932/1140/306 931/831/305
f 164/1139/306 165/1141/307 933/1142/307 932/1140/306
f 165/1141/307 166/1143/308 934/1144/308 933/1142/307
f 166/1143/308 167/1145/510 935/1146/510 934/1144/308
f 167/1145/510 168/1147/310 936/1148/310 935/1146/510
f 168/1147/310 169/1149/311 937/1150/311 936/1148/310
f 169/1149/311 170/1151/312 938/1152/312 937/1150/311
f 170/1151/312 171/1153/313 939/1154/313 938/1152/312
f 171/1153/313 172/1155/314 940/1156/314 939/1154/313
f 172/1155/314 173/1157/315 941/1158/315 940/1156/314
f 173/1157/315 174/1159/316 942/1160/316 941/1158/315
f 174/1159/316 175/1161/317 943/1162/317 942/1160/316
f 175/1161/317 176/1163/318 944/1164/318 943/1162/317
f 176/1163/318 177/1165/319 945/1166/319 944/1164/318
f 177/1165/319 178/1167/511 946/1168/511 945/1166/319
f 178/1167/511 179/1169/321 947/1170/321 946/1168/511
f 179/1169/321 180/1171/322 948/1172/322 947/1170/321
f 180/1171/322 181/1173/323 949/1174/323 948/1172/322
f 181/1173/323 182/1175/324 950/1176/324 949/1174/323
f 182/1175/324 183/1177/325 951/1178/325 950/1176/324
f 183/1177/325 184/1179/512 952/1180/512 951/1178/325
f 184/1179/512 185/1181/327 953/1182/327 952/1180/512
f 185/1181/327 186/1183/328 954/1184/328 953/1182/327
f 186/1183/328 187/1185/329 955/1186/329 954/1184/328
f 187/1185/329 188/1187/330 956/1188/330 955/1186/329
f 188/1187/330 189/1189/331 957/1190/331 956/1188/330
f 189/1189/331 190/1191/332 958/1192/332 957/1190/331
f 190/1191/332 191/1193/333 959/1194/333 958/1192/332
f 191/1193/333 192/1195/334 960/1196/334 959/1194/333
f 192/1195/334 193/1197/335 961/1198/335 960/1196/334
f 193/1197/335 194/1199/336 962/1200/336 961/1198/335
f 194/1199/336 195/1201/337 963/1202/337 962/1200/336
f 195/1201/337 196/1203/338 964/1204/338 963/1202/337
f 196/1203/338 197/1205/339 965/1206/339 964/1204/338
f 197/1205/339 198/1207/340 966/1208/340 965/1206/339
f 198/1207/340 199/1209/341 967/1210/341 966/1208/340
f 199/1209/341 200/1211/342 968/1212/342 967/1210/341
f 200/1211/342 201/1213/343 969/1214/343 968/1212/342
f 201/1213/343 202/1215/344 970/1216/344 969/1214/343
f 202/1215/344 203/1217/345 971/1218/345 970/1216/344
f 203/1217/345 204/1219/346 972/1220/346 971/1218/345
f 204/1219/346 205/1221/347 973/1222/347 972/1220/346
f 205/1221/347 206/1223/348 974/1224/348 973/1222/347
f 206/1223/348 207/1225/349 975/1226/349 974/1224/348
f 207/1225/349 208/1227/350 976/1228/350 975/1226/349
f 208/1227/350 209/1229/351 977/1230/351 976/1228/350
f 209/1229/351 210/1231/352 978/1232/352 977/1230/351
f 210/1231/352 211/1233/353 979/1234/353 978/1232/352
f 211/1233/353 65/946/209 833/139/209 979/1234/353
f 212/600/354 213/1235/325 981/1236/325 980/133/354
f 213/1235/325 214/1237/39 982/1238/39 981/1236/325
f 214/1237/39 215/1239/355 983/1240/355 982/1238/39
f 215/1239/355 216/1241/356 984/1242/356 983/1240/355
f 216/1241/356 217/1243/357 985/1244/357 984/1242/356
f 217/1243/357 218/1245/358 986/1246/358 985/1244/357
f 218/1245/358 219/1247/359 987/1248/359 986/1246/358
f 219/1247/359 220/1249/360 988/1250/360 987/1248/359
f 220/1249/360 221/1251/361 989/1252/361 988/1250/360
f 221/1251/361 222/1253/362 990/1254/362 989/1252/361
f 222/1253/362 223/1255/363 991/1256/363 990/1254/362
f 223/1255/363 224/1257/364 992/1258/364 991/1256/363
f 224/1257/364 225/1259/365 993/1260/365 992/1258/364
f 225/1259/365 226/1261/366 994/1262/366 993/1260/365
f 226/1261/366 227/1263/367 995/1264/367 994/1262/366
f 227/1263/367 228/1265/368 996/1266/368 995/1264/367
f 228/1265/368 229/1267/369 997/1268/369 996/1266/368
f 229/1267/369 230/1269/370 998/1270/370 997/1268/369
f 230/1269/370 231/1271/371 999/1272/371 998/1270/370
f 231/1271/371 232/1273/513 1000/1274/513 999/1272/371
f 232/1273/513 233/1275/373 1001/1276/373 1000/1274/513
f 233/1275/373 234/1277/374 1002/1278/374 1001/1276/373
f 234/1277/374 235/1279/514 1003/1280/514 1002/1278/374
f 235/1279/514 236/1281/515 1004/1282/515 1003/1280/514
f 236/1281/515 237/715/377 1005/716/377 1004/1282/515
f 237/715/377 238/1283/378 1006/1284/378 1005/716/377
f 238/1283/378 239/1285/516 1007/1286/516 1006/1284/378
f 239/1285/516 240/1287/380 1008/1288/380 1007/1286/516
f 240/1287/380 241/1289/381 1009/1290/381 1008/1288/380
f 241/1289/381 242/1291/517 1010/1292/517 1009/1290/381
f 242/1291/517 243/1293/383 1011/1294/383 1010/1292/517
f 243/1293/383 244/1295/518 1012/1296/518 1011/1294/383
f 244/1295/518 245/1297/385 1013/1298/385 1012/1296/518
f 245/1297/385 246/1299/386 1014/1300/386 1013/1298/385
f 246/1299/386 247/1301/387 1015/1302/387 1014/1300/386
f 247/1301/387 248/1303/388 1016/1304/388 1015/1302/387
f 248/1303/388 249/1305/519 1017/1306/519 1016/1304/388
f 249/1305/519 250/1307/390 1018/1308/390 1017/1306/519
f 250/1307/390 251/1309/391 1019/1310/391 1018/1308/390
f 251/1309/391 252/1311/520 1020/1312/520 1019/1310/391
f 252/1311/520 253/1313/521 1021/1314/521 1020/1312/520
f 253/1313/521 254/1315/522 1022/1316/522 1021/1314/521
f 254/1315/522 255/1317/395 1023/1318/395 1022/1316/522
f 255/1317/395 256/1319/396 1024/1320/396 1023/1318/395
f 256/1319/396 257/1321/397 1025/1322/397 1024/1320/396
f 257/1321/397 258/1323/398 1026/1324/398 1025/1322/397
f 258/1323/398 259/1325/523 1027/1326/523 1026/1324/398
f 259/1325/523 260/1327/400 1028/1328/400 1027/1326/523
f 260/1327/400 261/1329/524 1029/1330/524 1028/1328/400
f 261/1329/524 262/830/402 1030/831/402 1029/1330/524
f 262/830/402 263/1331/403 1031/1332/403 1030/831/402
f 263/1331/403 264/1333/404 1032/1334/404 1031/1332/403
f 264/1333/404 265/1335/405 1033/1336/405 1032/1334/404
f 265/1335/405 266/1337/406 1034/1338/406 1033/1336/405
f 266/1337/406 267/1339/407 1035/1340/407 1034/1338/406
f 267/1339/407 268/1341/408 1036/1342/408 1035/1340/407
f 268/1341/408 269/1343/409 1037/1344/409 1036/1342/408
f 269/1343/409 270/1345/410 1038/1346/410 1037/1344/409
f 270/1345/410 271/1347/411 1039/1348/411 1038/1346/410
f 271/1347/411 272/1349/412 1040/1350/412 1039/1348/411
f 272/1349/412 273/1351/413 1041/1352/413 1040/1350/412
f 273/1351/413 274/1353/414 1042/1354/414 1041/1352/413
f 274/1353/414 275/1355/415 1043/1356/415 1042/1354/414
f 275/1355/415 276/1357/416 1044/1358/416 1043/1356/415
f 276/1357/416 277/1359/417 1045/1360/417 1044/1358/416
f 277/1359/417 278/1361/418 1046/1362/418 1045/1360/417
f 278/1361/418 279/1363/419 1047/1364/419 1046/1362/418
f 279/1363/419 280/1365/420 1048/1366/420 1047/1364/419
f 280/1365/420 281/1367/421 1049/1368/421 1048/1366/420
f 281/1367/421 282/1369/422 1050/1370/422 1049/1368/421
f 282/1369/422 283/1371/423 1051/1372/423 1050/1370/422
f 283/1371/423 284/1373/424 1052/1374/424 1051/1372/423
f 284/1373/424 285/1375/425 1053/1376/425 1052/1374/424
f 285/1375/425 286/1377/426 1054/1378/426 1053/1376/425
f 286/1377/426 212/946/354 980/139/354 1054/1378/426
f 287/600/426 288/1235/325 1056/1236/325 1055/133/426
f 288/1235/325 289/1237/39 1057/1238/39 1056/1236/325
f 289/1237/39 290/1239/427 1058/1240/427 1057/1238/39
f 290/1239/427 291/1241/428 1059/1242/428 1058/1240/427
f 291/1241/428 292/1243/429 1060/1244/429 1059/1242/428
f 292/1243/429 293/1245/430 1061/1246/430 1060/1244/429
f 293/1245/430 294/1247/431 1062/1248/431 1061/1246/430
f 294/1247/431 295/1249/432 1063/1250/432 1062/1248/431
f 295/1249/432 296/1251/433 1064/1252/433 1063/1250/432
f 296/1251/433 297/1253/434 1065/1254/434 1064/1252/433
f 297/1253/434 298/1255/435 1066/1256/435 1065/1254/434
f 298/1255/435 299/1257/436 1067/1258/436 1066/1256/435
f 299/1257/436 300/1259/437 1068/1260/437 1067/1258/436
f 300/1259/437 301/1261/438 1069/1262/438 1068/1260/437
f 301/1261/438 302/1263/439 1070/1264/439 1069/1262/438
f 302/1263/439 303/1265/440 1071/1266/440 1070/1264/439
f 303/1265/440 304/1267/441 1072/1268/441 1071/1266/440
f 304/1267/441 305/1269/442 1073/1270/442 1072/1268/441
f 305/1269/442 306/1271/443 1074/1272/443 1073/1270/442
f 306/1271/443 307/1273/444 1075/1274/444 1074/1272/443
f 307/1273/444 308/1275/445 1076/1276/445 1075/1274/444
f 308/1275/445 309/1277/446 1077/1278/446 1076/1276/445
f 309/1277/446 310/1279/447 1078/1280/447 1077/1278/446
f 310/1279/447 311/1281/448 1079/1282/448 1078/1280/447
f 311/1281/448 312/715/449 1080/716/449 1079/1282/448
f 312/715/449 313/1283/450 1081/1284/450 1080/716/449
f 313/1283/450 314/1285/451 1082/1286/451 1081/1284/450
f 314/1285/451 315/1287/452 1083/1288/452 1082/1286/451
f 315/1287/452 316/1289/453 1084/1290/453 1083/1288/452
f 316/1289/453 317/1291/454 1085/1292/454 1084/1290/453
f 317/1291/454 318/1293/455 1086/1294/455 1085/1292/454
f 318/1293/455 319/1295/525 1087/1296/525 1086/1294/455
f 319/1295/525 320/1297/526 1088/1298/526 1087/1296/525
f 320/1297/526 321/1299/458 1089/1300/458 1088/1298/526
f 321/1299/458 322/1301/459 1090/1302/459 1089/1300/458
f 322/1301/459 323/1303/527 1091/1304/527 1090/1302/459
f 323/1303/527 324/1305/461 1092/1306/461 1091/1304/527
f 324/1305/461 325/1307/462 1093/1308/462 1092/1306/461
f 325/1307/462 326/1309/528 1094/1310/528 1093/1308/462
f 326/1309/528 327/1311/464 1095/1312/464 1094/1310/528
f 327/1311/464 328/1313/465 1096/1314/465 1095/1312/464
f 328/1313/465 329/1315/466 1097/1316/466 1096/1314/465
f 329/1315/466 330/1317/529 1098/1318/529 1097/1316/466
f 330/1317/529 331/1319/468 1099/1320/468 1098/1318/529
f 331/1319/468 332/1321/469 1100/1322/469 1099/1320/468
f 332/1321/469 333/1323/470 1101/1324/470 1100/1322/469
f 333/1323/470 334/1325/530 1102/1326/530 1101/1324/470
f 334/1325/530 335/1327/472 1103/1328/472 1102/1326/530
f 335/1327/472 336/1329/473 1104/1330/473 1103/1328/472
f 336/1329/473 337/830/531 1105/831/531 1104/1330/473
f 337/830/531 338/1331/475 1106/1332/475 1105/831/531
f 338/1331/475 339/1333/476 1107/1334/476 1106/1332/475
f 339/1333/476 340/1335/477 1108/1336/477 1107/1334/476
f 340/1335/477 341/1337/532 1109/1338/532 1108/1336/477
f 341/1337/532 342/1339/479 1110/1340/479 1109/1338/532
f 342/1339/479 343/1341/480 1111/1342/480 1110/1340/479
f 343/1341/480 344/1343/481 1112/1344/481 1111/1342/480
f 344/1343/481 345/1345/482 1113/1346/482 1112/1344/481
f 345/1345/482 346/1347/483 1114/1348/483 1113/1346/482
f 346/1347/483 347/1349/484 1115/1350/484 1114/1348/483
f 347/1349/484 348/1351/485 1116/1352/485 1115/1350/484
f 348/1351/485 349/1353/486 1117/1354/486 1116/1352/485
f 349/1353/486 350/1355/487 1118/1356/487 1117/1354/486
f 350/1355/487 351/1357/488 1119/1358/488 1118/1356/487
f 351/1357/488 352/1359/489 1120/1360/489 1119/1358/488
f 352/1359/489 353/1361/490 1121/1362/490 1120/1360/489
f 353/1361/490 354/1363/491 1122/1364/491 1121/1362/490
f 354/1363/491 355/1365/492 1123/1366/492 1122/1364/491
f 355/1365/492 356/1367/493 1124/1368/493 1123/1366/492
f 356/1367/493 357/1369/494 1125/1370/494 1124/1368/493
f 357/1369/494 358/1371/495 1126/1372/495 1125/1370/494
f 358/1371/495 359/1373/496 1127/1374/496 1126/1372/495
f 359/1373/496 360/1375/497 1128/1376/497 1127/1374/496
f 360/1375/497 361/1377/498 1129/1378/498 1128/1376/497
f 361/1377/498 287/946/426 1055/139/426 1129/1378/498
