# Blender 3.6.4
# www.blender.org
mtllib hollow knight.mtl
o Untitled
v -1.100000 0.000000 2.600000
v -1.100000 0.000000 0.500000
v -1.100000 0.640000 2.600000
v -1.100000 0.640000 0.500000
v -1.000000 0.000000 2.700000
v -1.000000 0.000000 2.600000
v -1.000000 0.000000 0.500000
v -1.000000 0.000000 0.400000
v -1.000000 0.640000 2.700000
v -1.000000 0.640000 2.600000
v -1.000000 0.640000 0.500000
v -1.000000 0.640000 0.400000
v -0.900000 0.000000 2.800000
v -0.900000 0.000000 2.700000
v -0.900000 0.000000 0.400000
v -0.900000 0.000000 0.300000
v -0.900000 0.640000 2.800000
v -0.900000 0.640000 2.700000
v -0.900000 0.640000 0.400000
v -0.900000 0.640000 0.300000
v -0.500000 2.320000 1.700000
v -0.500000 2.320000 1.500000
v -0.500000 2.960000 1.700000
v -0.500000 2.960000 1.500000
v -0.400000 0.800000 1.700000
v -0.400000 0.800000 1.600000
v -0.400000 1.200000 1.700000
v -0.400000 1.200000 1.600000
v -0.400000 1.680000 1.700000
v -0.400000 1.680000 1.500000
v -0.400000 1.760000 1.800000
v -0.400000 1.760000 1.700000
v -0.400000 1.760000 1.500000
v -0.400000 1.760000 1.400000
v -0.400000 1.840000 1.900000
v -0.400000 1.840000 1.800000
v -0.400000 1.840000 1.400000
v -0.400000 1.840000 1.300000
v -0.400000 2.240000 1.900000
v -0.400000 2.240000 1.800000
v -0.400000 2.240000 1.400000
v -0.400000 2.240000 1.300000
v -0.400000 2.320000 1.700000
v -0.400000 2.320000 1.500000
v -0.400000 2.400000 1.800000
v -0.400000 2.400000 1.700000
v -0.400000 2.400000 1.500000
v -0.400000 2.400000 1.400000
v -0.400000 2.960000 1.700000
v -0.400000 2.960000 1.500000
v -0.400000 3.040000 1.700000
v -0.400000 3.040000 1.500000
v -0.300000 0.720000 1.800000
v -0.300000 0.720000 1.500000
v -0.300000 0.800000 1.700000
v -0.300000 0.800000 1.600000
v -0.300000 1.200000 1.700000
v -0.300000 1.200000 1.600000
v -0.300000 1.280000 1.800000
v -0.300000 1.280000 1.700000
v -0.300000 1.360000 1.700000
v -0.300000 1.360000 1.500000
v -0.300000 1.600000 1.800000
v -0.300000 1.600000 1.400000
v -0.300000 1.680000 1.900000
v -0.300000 1.680000 1.800000
v -0.300000 1.680000 1.700000
v -0.300000 1.680000 1.500000
v -0.300000 1.680000 1.400000
v -0.300000 1.680000 1.300000
v -0.300000 1.760000 2.000000
v -0.300000 1.760000 1.900000
v -0.300000 1.760000 1.800000
v -0.300000 1.760000 1.700000
v -0.300000 1.760000 1.500000
v -0.300000 1.760000 1.400000
v -0.300000 1.760000 1.300000
v -0.300000 1.760000 1.200000
v -0.300000 1.840000 1.900000
v -0.300000 1.840000 1.800000
v -0.300000 1.840000 1.400000
v -0.300000 1.840000 1.300000
v -0.300000 2.240000 2.000000
v -0.300000 2.240000 1.900000
v -0.300000 2.240000 1.800000
v -0.300000 2.240000 1.400000
v -0.300000 2.240000 1.300000
v -0.300000 2.240000 1.200000
v -0.300000 2.320000 1.400000
v -0.300000 2.320000 1.300000
v -0.300000 2.400000 1.900000
v -0.300000 2.400000 1.800000
v -0.300000 2.400000 1.700000
v -0.300000 2.400000 1.500000
v -0.300000 2.400000 1.400000
v -0.300000 2.480000 1.800000
v -0.300000 2.480000 1.700000
v -0.300000 2.480000 1.500000
v -0.300000 2.480000 1.400000
v -0.200000 0.720000 1.900000
v -0.200000 0.720000 1.800000
v -0.200000 0.880000 1.500000
v -0.200000 0.880000 1.400000
v -0.200000 1.280000 1.800000
v -0.200000 1.280000 1.700000
v -0.200000 1.360000 1.900000
v -0.200000 1.360000 1.800000
v -0.200000 1.360000 1.700000
v -0.200000 1.360000 1.500000
v -0.200000 1.440000 1.800000
v -0.200000 1.440000 1.700000
v -0.200000 1.440000 1.500000
v -0.200000 1.440000 1.400000
v -0.200000 1.520000 1.700000
v -0.200000 1.520000 1.500000
v -0.200000 1.600000 1.900000
v -0.200000 1.600000 1.800000
v -0.200000 1.600000 1.400000
v -0.200000 1.600000 1.300000
v -0.200000 1.680000 2.000000
v -0.200000 1.680000 1.900000
v -0.200000 1.680000 1.800000
v -0.200000 1.680000 1.400000
v -0.200000 1.680000 1.300000
v -0.200000 1.680000 1.200000
v -0.200000 1.760000 2.000000
v -0.200000 1.760000 1.900000
v -0.200000 1.760000 1.300000
v -0.200000 1.760000 1.200000
v -0.200000 1.760000 1.100000
v -0.200000 2.240000 2.000000
v -0.200000 2.240000 1.900000
v -0.200000 2.240000 1.300000
v -0.200000 2.240000 1.200000
v -0.200000 2.240000 1.100000
v -0.200000 2.320000 2.000000
v -0.200000 2.320000 1.900000
v -0.200000 2.320000 1.400000
v -0.200000 2.320000 1.300000
v -0.200000 2.320000 1.200000
v -0.200000 2.400000 1.900000
v -0.200000 2.400000 1.800000
v -0.200000 2.400000 1.400000
v -0.200000 2.400000 1.300000
v -0.200000 2.480000 1.900000
v -0.200000 2.480000 1.800000
v -0.100000 0.640000 1.900000
v -0.100000 0.640000 1.500000
v -0.100000 0.720000 1.900000
v -0.100000 0.720000 1.700000
v -0.100000 0.720000 1.500000
v -0.100000 0.720000 1.400000
v -0.100000 0.800000 1.700000
v -0.100000 0.800000 1.600000
v -0.100000 0.800000 1.500000
v -0.100000 0.880000 1.500000
v -0.100000 0.880000 1.400000
v -0.100000 0.880000 1.300000
v -0.100000 0.960000 1.700000
v -0.100000 0.960000 1.600000
v -0.100000 1.360000 1.900000
v -0.100000 1.360000 1.800000
v -0.100000 1.440000 1.900000
v -0.100000 1.440000 1.800000
v -0.100000 1.440000 1.700000
v -0.100000 1.440000 1.500000
v -0.100000 1.440000 1.400000
v -0.100000 1.440000 1.300000
v -0.100000 1.520000 1.700000
v -0.100000 1.520000 1.500000
v -0.100000 1.520000 1.400000
v -0.100000 1.600000 2.000000
v -0.100000 1.600000 1.900000
v -0.100000 1.600000 1.800000
v -0.100000 1.600000 1.500000
v -0.100000 1.600000 1.300000
v -0.100000 1.600000 1.200000
v -0.100000 1.680000 2.000000
v -0.100000 1.680000 1.900000
v -0.100000 1.680000 1.300000
v -0.100000 1.680000 1.200000
v -0.100000 1.680000 1.100000
v -0.100000 1.760000 1.200000
v -0.100000 1.760000 1.100000
v -0.100000 2.240000 1.200000
v -0.100000 2.240000 1.100000
v -0.100000 2.320000 2.000000
v -0.100000 2.320000 1.900000
v -0.100000 2.320000 1.300000
v -0.100000 2.320000 1.200000
v -0.100000 2.320000 1.100000
v -0.100000 2.400000 2.000000
v -0.100000 2.400000 1.900000
v -0.100000 2.400000 1.400000
v -0.100000 2.400000 1.300000
v -0.100000 2.400000 1.200000
v -0.100000 2.480000 1.700000
v -0.100000 2.480000 1.500000
v -0.100000 2.480000 1.400000
v -0.100000 2.480000 1.300000
v -0.100000 2.560000 1.700000
v -0.100000 2.560000 1.500000
v 0.000000 1.440000 1.900000
v 0.000000 1.440000 1.800000
v 0.000000 1.440000 1.400000
v 0.000000 1.440000 1.300000
v 0.000000 1.520000 1.500000
v 0.000000 1.520000 1.400000
v 0.000000 1.520000 1.300000
v 0.000000 1.600000 1.900000
v 0.000000 1.600000 1.800000
v 0.000000 1.600000 1.500000
v 0.000000 1.600000 1.400000
v 0.000000 1.760000 2.000000
v 0.000000 1.760000 1.900000
v 0.000000 2.080000 2.000000
v 0.000000 2.080000 1.900000
v 0.000000 2.480000 1.800000
v 0.000000 2.480000 1.700000
v 0.000000 2.480000 1.500000
v 0.000000 2.480000 1.400000
v 0.000000 2.560000 1.800000
v 0.000000 2.560000 1.700000
v 0.000000 2.560000 1.500000
v 0.000000 2.560000 1.400000
v 0.100000 0.720000 1.400000
v 0.100000 0.720000 1.300000
v 0.100000 0.880000 1.400000
v 0.100000 0.960000 1.400000
v 0.100000 0.960000 1.300000
v 0.200000 0.640000 1.900000
v 0.200000 0.640000 1.500000
v 0.200000 0.720000 1.500000
v 0.200000 0.720000 1.400000
v 0.200000 0.800000 1.900000
v 0.200000 0.800000 1.800000
v 0.200000 0.880000 1.900000
v 0.200000 0.880000 1.800000
v 0.200000 0.880000 1.500000
v 0.200000 0.880000 1.400000
v 0.200000 1.120000 1.900000
v 0.200000 1.120000 1.800000
v 0.200000 1.360000 1.700000
v 0.200000 1.360000 1.600000
v 0.200000 1.600000 1.700000
v 0.200000 1.600000 1.600000
v 0.300000 0.800000 1.900000
v 0.300000 0.800000 1.800000
v 0.300000 0.880000 1.900000
v 0.300000 0.880000 1.800000
v 0.300000 1.040000 1.700000
v 0.300000 1.040000 1.600000
v 0.300000 1.120000 1.900000
v 0.300000 1.120000 1.800000
v 0.300000 1.360000 1.900000
v 0.300000 1.360000 1.800000
v 0.300000 1.360000 1.700000
v 0.300000 1.360000 1.600000
v 0.400000 0.720000 1.500000
v 0.400000 0.720000 1.400000
v 0.400000 0.800000 1.500000
v 0.400000 0.800000 1.400000
v 0.400000 2.880000 1.700000
v 0.400000 2.880000 1.500000
v 0.400000 3.040000 1.700000
v 0.400000 3.040000 1.500000
v 0.500000 0.640000 1.800000
v 0.500000 0.640000 1.700000
v 0.500000 0.640000 1.600000
v 0.500000 0.640000 1.500000
v 0.500000 0.720000 1.800000
v 0.500000 0.720000 1.700000
v 0.500000 0.720000 1.600000
v 0.500000 0.720000 1.500000
v 0.500000 0.960000 1.700000
v 0.500000 0.960000 1.600000
v 0.500000 1.760000 2.000000
v 0.500000 1.760000 1.900000
v 0.500000 2.080000 2.000000
v 0.500000 2.080000 1.900000
v 0.500000 2.480000 1.700000
v 0.500000 2.480000 1.500000
v 0.500000 2.560000 1.700000
v 0.500000 2.560000 1.500000
v 0.500000 2.800000 1.700000
v 0.500000 2.800000 1.500000
v 0.500000 2.880000 1.700000
v 0.500000 2.880000 1.500000
v 0.600000 2.560000 1.700000
v 0.600000 2.560000 1.500000
v 0.600000 2.800000 1.700000
v 0.600000 2.800000 1.500000
v 1.800000 0.000000 2.600000
v 1.800000 0.000000 0.500000
v 1.800000 0.640000 2.600000
v 1.800000 0.640000 0.500000
v 1.900000 0.000000 2.700000
v 1.900000 0.000000 2.600000
v 1.900000 0.000000 0.500000
v 1.900000 0.000000 0.400000
v 1.900000 0.640000 2.700000
v 1.900000 0.640000 2.600000
v 1.900000 0.640000 0.500000
v 1.900000 0.640000 0.400000
v 2.000000 0.000000 2.800000
v 2.000000 0.000000 2.700000
v 2.000000 0.000000 0.400000
v 2.000000 0.000000 0.300000
v 2.000000 0.640000 2.800000
v 2.000000 0.640000 2.700000
v 2.000000 0.640000 0.400000
v 2.000000 0.640000 0.300000
v 2.100000 1.440000 1.700000
v 2.100000 1.440000 1.500000
v 2.100000 1.520000 1.500000
v 2.100000 1.520000 1.300000
v 2.100000 1.600000 1.700000
v 2.100000 1.600000 1.600000
v 2.100000 1.600000 1.400000
v 2.100000 1.600000 1.300000
v 2.100000 1.680000 1.600000
v 2.100000 1.680000 1.400000
v 2.200000 1.360000 1.800000
v 2.200000 1.360000 1.600000
v 2.200000 1.440000 1.700000
v 2.200000 1.440000 1.600000
v 2.200000 1.520000 1.800000
v 2.200000 1.520000 1.700000
v 2.200000 1.600000 1.700000
v 2.200000 1.600000 1.600000
v 2.200000 1.600000 1.400000
v 2.200000 1.600000 1.300000
v 2.200000 1.680000 1.700000
v 2.200000 1.680000 1.600000
v 2.200000 1.680000 1.400000
v 2.200000 1.760000 1.600000
v 2.200000 1.760000 1.300000
v 2.300000 1.280000 1.900000
v 2.300000 1.280000 1.700000
v 2.300000 1.360000 1.800000
v 2.300000 1.360000 1.700000
v 2.300000 1.520000 1.900000
v 2.300000 1.520000 1.800000
v 2.300000 1.520000 1.700000
v 2.300000 1.520000 1.300000
v 2.300000 1.520000 1.200000
v 2.300000 1.600000 1.800000
v 2.300000 1.600000 1.700000
v 2.300000 1.680000 1.700000
v 2.300000 1.680000 1.600000
v 2.300000 1.760000 1.700000
v 2.300000 1.760000 1.600000
v 2.300000 1.760000 1.400000
v 2.300000 1.760000 1.300000
v 2.300000 1.760000 1.200000
v 2.300000 1.840000 1.600000
v 2.300000 1.840000 1.400000
v 2.400000 1.200000 2.100000
v 2.400000 1.200000 1.900000
v 2.400000 1.280000 1.900000
v 2.400000 1.440000 2.100000
v 2.400000 1.440000 2.000000
v 2.400000 1.520000 2.000000
v 2.400000 1.520000 1.900000
v 2.400000 1.520000 1.800000
v 2.400000 1.520000 1.200000
v 2.400000 1.520000 1.000000
v 2.400000 1.600000 1.900000
v 2.400000 1.600000 1.800000
v 2.400000 1.600000 1.700000
v 2.400000 1.760000 1.800000
v 2.400000 1.760000 1.700000
v 2.400000 1.760000 1.600000
v 2.400000 1.760000 1.400000
v 2.400000 1.760000 1.200000
v 2.400000 1.760000 1.000000
v 2.400000 1.840000 1.700000
v 2.400000 1.840000 1.600000
v 2.400000 1.840000 1.400000
v 2.400000 1.840000 1.200000
v 2.400000 1.920000 1.600000
v 2.400000 1.920000 1.400000
v 2.500000 1.200000 2.200000
v 2.500000 1.200000 2.100000
v 2.500000 1.440000 2.200000
v 2.500000 1.440000 2.100000
v 2.500000 1.440000 2.000000
v 2.500000 1.520000 2.000000
v 2.500000 1.520000 1.900000
v 2.500000 1.520000 1.000000
v 2.500000 1.520000 0.900000
v 2.500000 1.600000 2.100000
v 2.500000 1.600000 2.000000
v 2.500000 1.600000 1.900000
v 2.500000 1.600000 1.800000
v 2.500000 1.680000 2.000000
v 2.500000 1.680000 1.900000
v 2.500000 1.680000 1.000000
v 2.500000 1.680000 0.900000
v 2.500000 1.760000 1.900000
v 2.500000 1.760000 1.800000
v 2.500000 1.760000 1.700000
v 2.500000 1.760000 1.200000
v 2.500000 1.760000 1.000000
v 2.500000 1.840000 1.800000
v 2.500000 1.840000 1.700000
v 2.500000 1.840000 1.600000
v 2.500000 1.840000 1.400000
v 2.500000 1.840000 1.200000
v 2.500000 1.840000 1.100000
v 2.500000 1.840000 1.000000
v 2.500000 1.920000 1.700000
v 2.500000 1.920000 1.600000
v 2.500000 1.920000 1.400000
v 2.500000 1.920000 1.100000
v 2.500000 2.000000 1.600000
v 2.500000 2.000000 1.400000
v 2.600000 1.440000 2.200000
v 2.600000 1.440000 2.100000
v 2.600000 1.520000 2.200000
v 2.600000 1.520000 2.100000
v 2.600000 1.600000 2.100000
v 2.600000 1.600000 2.000000
v 2.600000 1.680000 2.100000
v 2.600000 1.680000 2.000000
v 2.600000 1.680000 1.900000
v 2.600000 1.680000 1.000000
v 2.600000 1.680000 0.900000
v 2.600000 1.760000 1.900000
v 2.600000 1.760000 1.800000
v 2.600000 1.760000 1.000000
v 2.600000 1.760000 0.900000
v 2.600000 1.840000 2.000000
v 2.600000 1.840000 1.800000
v 2.600000 1.840000 1.700000
v 2.600000 1.840000 1.100000
v 2.600000 1.840000 1.000000
v 2.600000 1.920000 1.800000
v 2.600000 1.920000 1.700000
v 2.600000 1.920000 1.600000
v 2.600000 1.920000 1.400000
v 2.600000 1.920000 1.200000
v 2.600000 1.920000 1.100000
v 2.600000 1.920000 1.000000
v 2.600000 2.000000 1.700000
v 2.600000 2.000000 1.600000
v 2.600000 2.000000 1.400000
v 2.600000 2.000000 1.200000
v 2.600000 2.080000 1.600000
v 2.600000 2.080000 1.400000
v 2.600000 2.720000 1.500000
v 2.600000 2.720000 1.200000
v 2.600000 2.800000 1.600000
v 2.600000 2.800000 1.500000
v 2.600000 2.800000 1.200000
v 2.600000 2.800000 1.100000
v 2.600000 2.960000 1.100000
v 2.600000 2.960000 1.000000
v 2.600000 3.040000 1.600000
v 2.600000 3.040000 1.500000
v 2.600000 3.120000 1.500000
v 2.600000 3.120000 1.400000
v 2.600000 3.120000 1.000000
v 2.600000 3.120000 0.900000
v 2.600000 3.200000 1.400000
v 2.600000 3.200000 1.300000
v 2.600000 3.280000 1.300000
v 2.600000 3.280000 1.200000
v 2.600000 3.360000 1.200000
v 2.600000 3.360000 1.100000
v 2.600000 3.440000 1.100000
v 2.600000 3.440000 0.900000
v 2.700000 1.520000 2.200000
v 2.700000 1.520000 2.100000
v 2.700000 1.600000 2.200000
v 2.700000 1.600000 2.100000
v 2.700000 1.680000 2.100000
v 2.700000 1.680000 2.000000
v 2.700000 1.680000 1.600000
v 2.700000 1.680000 1.500000
v 2.700000 1.760000 2.100000
v 2.700000 1.760000 2.000000
v 2.700000 1.760000 1.000000
v 2.700000 1.760000 0.900000
v 2.700000 1.840000 2.000000
v 2.700000 1.840000 1.800000
v 2.700000 1.840000 1.600000
v 2.700000 1.840000 1.500000
v 2.700000 1.840000 1.000000
v 2.700000 1.840000 0.900000
v 2.700000 1.920000 2.000000
v 2.700000 1.920000 1.900000
v 2.700000 1.920000 1.800000
v 2.700000 1.920000 1.700000
v 2.700000 1.920000 1.200000
v 2.700000 1.920000 1.100000
v 2.700000 2.000000 1.900000
v 2.700000 2.000000 1.700000
v 2.700000 2.000000 1.600000
v 2.700000 2.000000 1.400000
v 2.700000 2.000000 1.200000
v 2.700000 2.000000 1.100000
v 2.700000 2.080000 1.700000
v 2.700000 2.080000 1.600000
v 2.700000 2.080000 1.400000
v 2.700000 2.080000 1.200000
v 2.700000 2.160000 1.600000
v 2.700000 2.160000 1.400000
v 2.700000 2.240000 1.700000
v 2.700000 2.240000 1.300000
v 2.700000 2.320000 1.700000
v 2.700000 2.320000 1.300000
v 2.700000 2.400000 1.800000
v 2.700000 2.400000 1.400000
v 2.700000 2.560000 1.400000
v 2.700000 2.560000 1.200000
v 2.700000 2.640000 1.200000
v 2.700000 2.640000 1.100000
v 2.700000 2.720000 1.500000
v 2.700000 2.720000 1.200000
v 2.700000 2.800000 1.800000
v 2.700000 2.800000 1.700000
v 2.700000 2.800000 1.600000
v 2.700000 2.800000 1.500000
v 2.700000 2.800000 1.200000
v 2.700000 2.800000 1.100000
v 2.700000 2.800000 1.000000
v 2.700000 2.960000 1.700000
v 2.700000 2.960000 1.600000
v 2.700000 2.960000 1.100000
v 2.700000 2.960000 1.000000
v 2.700000 2.960000 0.900000
v 2.700000 3.120000 1.000000
v 2.700000 3.120000 0.900000
v 2.700000 3.120000 0.800000
v 2.700000 3.360000 1.200000
v 2.700000 3.360000 1.100000
v 2.700000 3.440000 1.200000
v 2.700000 3.440000 1.100000
v 2.700000 3.440000 0.900000
v 2.700000 3.520000 1.100000
v 2.700000 3.520000 1.000000
v 2.700000 3.600000 1.000000
v 2.700000 3.600000 0.800000
v 2.800000 0.640000 1.700000
v 2.800000 0.640000 1.500000
v 2.800000 0.800000 1.700000
v 2.800000 0.800000 1.600000
v 2.800000 1.120000 1.700000
v 2.800000 1.120000 1.600000
v 2.800000 1.200000 2.300000
v 2.800000 1.200000 2.200000
v 2.800000 1.200000 1.500000
v 2.800000 1.200000 1.400000
v 2.800000 1.440000 2.300000
v 2.800000 1.440000 2.200000
v 2.800000 1.520000 0.900000
v 2.800000 1.520000 0.800000
v 2.800000 1.680000 1.700000
v 2.800000 1.680000 1.600000
v 2.800000 1.680000 1.500000
v 2.800000 1.680000 0.900000
v 2.800000 1.680000 0.800000
v 2.800000 1.920000 1.500000
v 2.800000 1.920000 1.400000
v 2.800000 1.920000 1.100000
v 2.800000 1.920000 1.000000
v 2.800000 2.000000 1.900000
v 2.800000 2.000000 1.700000
v 2.800000 2.000000 1.200000
v 2.800000 2.000000 1.100000
v 2.800000 2.000000 1.000000
v 2.800000 2.080000 1.900000
v 2.800000 2.080000 1.800000
v 2.800000 2.080000 1.700000
v 2.800000 2.080000 1.600000
v 2.800000 2.080000 1.400000
v 2.800000 2.080000 1.300000
v 2.800000 2.080000 1.200000
v 2.800000 2.080000 1.100000
v 2.800000 2.160000 1.800000
v 2.800000 2.160000 1.700000
v 2.800000 2.160000 1.600000
v 2.800000 2.160000 1.400000
v 2.800000 2.160000 1.300000
v 2.800000 2.240000 1.800000
v 2.800000 2.240000 1.700000
v 2.800000 2.240000 1.400000
v 2.800000 2.240000 1.300000
v 2.800000 2.240000 1.200000
v 2.800000 2.320000 1.800000
v 2.800000 2.320000 1.700000
v 2.800000 2.320000 1.300000
v 2.800000 2.320000 1.200000
v 2.800000 2.400000 1.800000
v 2.800000 2.400000 1.400000
v 2.800000 2.560000 1.400000
v 2.800000 2.560000 1.300000
v 2.800000 2.720000 1.100000
v 2.800000 2.720000 1.000000
v 2.800000 2.800000 1.800000
v 2.800000 2.800000 1.700000
v 2.800000 2.800000 1.100000
v 2.800000 2.800000 1.000000
v 2.800000 2.800000 0.900000
v 2.800000 2.880000 1.800000
v 2.800000 2.880000 1.700000
v 2.800000 2.960000 1.000000
v 2.800000 2.960000 0.900000
v 2.800000 3.040000 1.200000
v 2.800000 3.040000 1.100000
v 2.800000 3.120000 1.100000
v 2.800000 3.120000 1.000000
v 2.800000 3.200000 1.200000
v 2.800000 3.200000 1.000000
v 2.900000 1.440000 2.300000
v 2.900000 1.440000 2.200000
v 2.900000 1.440000 0.900000
v 2.900000 1.440000 0.800000
v 2.900000 1.520000 1.800000
v 2.900000 1.520000 1.700000
v 2.900000 1.520000 0.900000
v 2.900000 1.520000 0.800000
v 2.900000 1.600000 2.300000
v 2.900000 1.600000 2.200000
v 2.900000 1.600000 2.100000
v 2.900000 1.680000 2.200000
v 2.900000 1.680000 2.100000
v 2.900000 1.680000 1.700000
v 2.900000 1.680000 1.600000
v 2.900000 1.680000 0.900000
v 2.900000 1.680000 0.800000
v 2.900000 1.760000 2.100000
v 2.900000 1.760000 2.000000
v 2.900000 1.760000 1.800000
v 2.900000 1.760000 1.700000
v 2.900000 1.760000 0.900000
v 2.900000 1.760000 0.800000
v 2.900000 1.840000 2.100000
v 2.900000 1.840000 2.000000
v 2.900000 1.840000 1.800000
v 2.900000 1.840000 1.700000
v 2.900000 1.840000 1.000000
v 2.900000 1.840000 0.900000
v 2.900000 1.920000 2.000000
v 2.900000 1.920000 1.900000
v 2.900000 1.920000 1.700000
v 2.900000 1.920000 1.600000
v 2.900000 1.920000 1.000000
v 2.900000 1.920000 0.900000
v 2.900000 2.000000 2.000000
v 2.900000 2.000000 1.900000
v 2.900000 2.080000 1.300000
v 2.900000 2.080000 1.200000
v 2.900000 2.160000 1.800000
v 2.900000 2.160000 1.700000
v 2.900000 2.160000 1.400000
v 2.900000 2.160000 1.300000
v 2.900000 2.160000 1.200000
v 2.900000 2.240000 1.900000
v 2.900000 2.240000 1.800000
v 2.900000 2.240000 1.700000
v 2.900000 2.240000 1.400000
v 2.900000 2.240000 1.300000
v 2.900000 2.320000 1.900000
v 2.900000 2.320000 1.800000
v 2.900000 2.480000 1.300000
v 2.900000 2.480000 1.200000
v 2.900000 2.560000 1.300000
v 2.900000 2.560000 1.200000
v 2.900000 2.560000 1.100000
v 2.900000 2.640000 1.200000
v 2.900000 2.640000 1.100000
v 2.900000 2.640000 1.000000
v 2.900000 2.720000 1.100000
v 2.900000 2.720000 1.000000
v 2.900000 2.960000 1.400000
v 2.900000 2.960000 1.100000
v 2.900000 3.040000 1.400000
v 2.900000 3.040000 1.100000
v 3.000000 1.200000 2.400000
v 3.000000 1.200000 2.300000
v 3.000000 1.440000 2.400000
v 3.000000 1.440000 2.300000
v 3.000000 1.520000 1.600000
v 3.000000 1.520000 1.500000
v 3.000000 1.600000 2.300000
v 3.000000 1.600000 2.200000
v 3.000000 1.600000 1.600000
v 3.000000 1.600000 1.500000
v 3.000000 1.680000 2.300000
v 3.000000 1.680000 2.200000
v 3.000000 1.680000 2.100000
v 3.000000 1.760000 2.200000
v 3.000000 1.760000 2.100000
v 3.000000 1.840000 2.100000
v 3.000000 1.840000 2.000000
v 3.000000 1.840000 1.800000
v 3.000000 1.840000 1.700000
v 3.000000 1.920000 2.100000
v 3.000000 1.920000 2.000000
v 3.000000 1.920000 1.800000
v 3.000000 1.920000 1.700000
v 3.000000 1.920000 1.400000
v 3.000000 1.920000 1.300000
v 3.000000 2.000000 2.000000
v 3.000000 2.000000 1.900000
v 3.000000 2.000000 1.300000
v 3.000000 2.080000 2.000000
v 3.000000 2.080000 1.900000
v 3.000000 2.080000 1.800000
v 3.000000 2.080000 1.400000
v 3.000000 2.080000 1.300000
v 3.000000 2.160000 1.900000
v 3.000000 2.160000 1.800000
v 3.000000 2.400000 1.800000
v 3.000000 2.400000 1.700000
v 3.000000 2.640000 1.800000
v 3.000000 2.640000 1.700000
v 3.100000 0.640000 1.700000
v 3.100000 0.640000 1.500000
v 3.100000 0.800000 1.700000
v 3.100000 0.800000 1.600000
v 3.100000 1.120000 1.700000
v 3.100000 1.120000 1.600000
v 3.100000 1.200000 2.200000
v 3.100000 1.200000 2.100000
v 3.100000 1.200000 1.700000
v 3.100000 1.200000 1.500000
v 3.100000 1.440000 2.200000
v 3.100000 1.440000 2.100000
v 3.100000 1.520000 2.100000
v 3.100000 1.520000 2.000000
v 3.100000 1.600000 2.100000
v 3.100000 1.600000 2.000000
v 3.100000 1.600000 1.000000
v 3.100000 1.600000 0.900000
v 3.100000 1.680000 2.000000
v 3.100000 1.680000 1.900000
v 3.100000 1.680000 1.000000
v 3.100000 1.680000 0.900000
v 3.100000 1.760000 2.000000
v 3.100000 1.760000 1.900000
v 3.100000 1.760000 1.100000
v 3.100000 1.760000 1.000000
v 3.100000 1.840000 1.200000
v 3.100000 1.840000 1.100000
v 3.100000 1.840000 1.000000
v 3.100000 1.920000 1.200000
v 3.100000 1.920000 1.100000
v 3.100000 2.480000 1.700000
v 3.100000 2.480000 1.600000
v 3.100000 2.560000 1.600000
v 3.100000 2.560000 1.400000
v 3.100000 2.560000 1.300000
v 3.100000 2.640000 1.700000
v 3.100000 2.640000 1.600000
v 3.100000 2.640000 1.400000
v 3.100000 2.640000 1.300000
v 3.100000 2.640000 1.200000
v 3.100000 2.720000 1.300000
v 3.100000 2.720000 1.200000
v 3.100000 2.960000 1.600000
v 3.100000 2.960000 1.500000
v 3.100000 2.960000 1.000000
v 3.100000 2.960000 0.900000
v 3.100000 3.040000 1.600000
v 3.100000 3.040000 1.500000
v 3.100000 3.040000 1.400000
v 3.100000 3.040000 1.000000
v 3.100000 3.040000 0.900000
v 3.100000 3.120000 1.400000
v 3.100000 3.120000 1.000000
v 3.200000 1.440000 2.100000
v 3.200000 1.440000 2.000000
v 3.200000 1.520000 2.100000
v 3.200000 1.520000 2.000000
v 3.200000 1.520000 1.600000
v 3.200000 1.520000 1.500000
v 3.200000 1.520000 1.000000
v 3.200000 1.520000 0.900000
v 3.200000 1.600000 2.000000
v 3.200000 1.600000 1.900000
v 3.200000 1.600000 1.600000
v 3.200000 1.600000 1.500000
v 3.200000 1.600000 1.000000
v 3.200000 1.600000 0.900000
v 3.200000 1.680000 2.000000
v 3.200000 1.680000 1.900000
v 3.200000 1.760000 1.900000
v 3.200000 1.760000 1.800000
v 3.200000 1.840000 1.900000
v 3.200000 1.840000 1.800000
v 3.200000 1.840000 1.700000
v 3.200000 1.920000 1.800000
v 3.200000 1.920000 1.700000
v 3.200000 1.920000 1.300000
v 3.200000 1.920000 1.200000
v 3.200000 2.000000 1.400000
v 3.200000 2.000000 1.300000
v 3.200000 2.000000 1.200000
v 3.200000 2.080000 1.400000
v 3.200000 2.080000 1.300000
v 3.200000 2.560000 1.500000
v 3.200000 2.560000 1.400000
v 3.200000 2.640000 1.700000
v 3.200000 2.640000 1.600000
v 3.200000 2.640000 1.500000
v 3.200000 2.640000 1.400000
v 3.200000 2.640000 1.300000
v 3.200000 2.720000 1.400000
v 3.200000 2.720000 1.300000
v 3.200000 2.720000 1.200000
v 3.200000 2.800000 1.700000
v 3.200000 2.800000 1.600000
v 3.200000 2.800000 1.300000
v 3.200000 2.800000 1.200000
v 3.200000 2.800000 1.100000
v 3.200000 2.880000 1.200000
v 3.200000 2.880000 1.100000
v 3.200000 3.040000 1.500000
v 3.200000 3.040000 1.400000
v 3.200000 3.040000 1.000000
v 3.200000 3.040000 0.900000
v 3.200000 3.120000 1.500000
v 3.200000 3.120000 1.400000
v 3.200000 3.120000 1.000000
v 3.200000 3.200000 1.400000
v 3.200000 3.200000 0.900000
v 3.300000 1.360000 2.100000
v 3.300000 1.360000 2.000000
v 3.300000 1.440000 2.100000
v 3.300000 1.440000 2.000000
v 3.300000 1.680000 1.900000
v 3.300000 1.680000 1.800000
v 3.300000 1.680000 1.100000
v 3.300000 1.680000 1.000000
v 3.300000 1.760000 1.900000
v 3.300000 1.760000 1.800000
v 3.300000 1.760000 1.700000
v 3.300000 1.760000 1.100000
v 3.300000 1.760000 1.000000
v 3.300000 1.840000 1.800000
v 3.300000 1.840000 1.700000
v 3.300000 1.840000 1.600000
v 3.300000 1.840000 1.300000
v 3.300000 1.840000 1.200000
v 3.300000 1.920000 1.700000
v 3.300000 1.920000 1.600000
v 3.300000 1.920000 1.400000
v 3.300000 1.920000 1.300000
v 3.300000 1.920000 1.200000
v 3.300000 2.000000 1.400000
v 3.300000 2.000000 1.300000
v 3.300000 2.400000 1.800000
v 3.300000 2.400000 1.700000
v 3.300000 2.560000 1.600000
v 3.300000 2.560000 1.500000
v 3.300000 2.640000 1.800000
v 3.300000 2.640000 1.700000
v 3.300000 2.640000 1.600000
v 3.300000 2.640000 1.500000
v 3.300000 2.640000 1.400000
v 3.300000 2.720000 1.400000
v 3.300000 2.720000 1.300000
v 3.300000 2.800000 1.500000
v 3.300000 2.800000 1.400000
v 3.300000 2.800000 1.300000
v 3.300000 2.800000 1.200000
v 3.300000 2.880000 1.600000
v 3.300000 2.880000 1.500000
v 3.300000 2.880000 1.400000
v 3.300000 2.880000 1.300000
v 3.300000 2.880000 1.200000
v 3.300000 2.880000 1.100000
v 3.300000 2.960000 1.500000
v 3.300000 2.960000 1.400000
v 3.300000 2.960000 1.300000
v 3.300000 2.960000 1.100000
v 3.300000 3.040000 1.400000
v 3.300000 3.040000 1.300000
v 3.300000 3.120000 0.900000
v 3.300000 3.120000 0.800000
v 3.300000 3.200000 1.300000
v 3.300000 3.200000 0.900000
v 3.300000 3.280000 1.300000
v 3.300000 3.280000 1.200000
v 3.300000 3.440000 1.200000
v 3.300000 3.440000 1.100000
v 3.300000 3.520000 1.100000
v 3.300000 3.520000 1.000000
v 3.300000 3.600000 1.000000
v 3.300000 3.600000 0.800000
v 3.400000 1.200000 2.100000
v 3.400000 1.200000 2.000000
v 3.400000 1.360000 2.100000
v 3.400000 1.360000 2.000000
v 3.400000 1.520000 2.000000
v 3.400000 1.520000 1.900000
v 3.400000 1.600000 2.000000
v 3.400000 1.600000 1.900000
v 3.400000 1.600000 1.700000
v 3.400000 1.680000 1.900000
v 3.400000 1.680000 1.800000
v 3.400000 1.680000 1.700000
v 3.400000 1.680000 1.600000
v 3.400000 1.760000 1.800000
v 3.400000 1.760000 1.700000
v 3.400000 1.760000 1.300000
v 3.400000 1.760000 1.100000
v 3.400000 1.840000 1.700000
v 3.400000 1.840000 1.600000
v 3.400000 1.840000 1.500000
v 3.400000 1.840000 1.300000
v 3.400000 1.840000 1.100000
v 3.400000 1.920000 1.500000
v 3.400000 1.920000 1.300000
v 3.400000 2.800000 1.500000
v 3.400000 2.800000 1.400000
v 3.400000 2.880000 1.500000
v 3.400000 2.880000 1.400000
v 3.400000 2.880000 1.300000
v 3.400000 2.960000 1.400000
v 3.400000 2.960000 1.300000
v 3.400000 2.960000 1.100000
v 3.400000 3.040000 1.300000
v 3.400000 3.040000 1.200000
v 3.400000 3.120000 1.100000
v 3.400000 3.120000 1.000000
v 3.400000 3.200000 1.200000
v 3.400000 3.200000 1.000000
v 3.500000 1.200000 2.000000
v 3.500000 1.200000 1.900000
v 3.500000 1.440000 1.900000
v 3.500000 1.440000 1.800000
v 3.500000 1.520000 2.000000
v 3.500000 1.520000 1.900000
v 3.500000 1.520000 1.800000
v 3.500000 1.520000 1.700000
v 3.500000 1.520000 1.200000
v 3.500000 1.520000 1.000000
v 3.500000 1.600000 1.900000
v 3.500000 1.600000 1.700000
v 3.500000 1.600000 1.600000
v 3.500000 1.680000 1.700000
v 3.500000 1.680000 1.600000
v 3.500000 1.680000 1.400000
v 3.500000 1.680000 1.200000
v 3.500000 1.680000 1.100000
v 3.500000 1.680000 1.000000
v 3.500000 1.760000 1.600000
v 3.500000 1.760000 1.400000
v 3.500000 1.760000 1.300000
v 3.500000 1.760000 1.100000
v 3.500000 1.840000 1.600000
v 3.500000 1.840000 1.300000
v 3.600000 1.280000 1.900000
v 3.600000 1.280000 1.700000
v 3.600000 1.440000 1.900000
v 3.600000 1.440000 1.800000
v 3.600000 1.520000 1.800000
v 3.600000 1.520000 1.700000
v 3.600000 1.520000 1.600000
v 3.600000 1.520000 1.300000
v 3.600000 1.520000 1.200000
v 3.600000 1.600000 1.700000
v 3.600000 1.600000 1.600000
v 3.600000 1.600000 1.400000
v 3.600000 1.600000 1.300000
v 3.600000 1.680000 1.600000
v 3.600000 1.680000 1.400000
v 3.600000 1.680000 1.200000
v 3.600000 1.760000 1.600000
v 3.600000 1.760000 1.400000
v 3.700000 1.360000 1.700000
v 3.700000 1.360000 1.600000
v 3.700000 1.520000 1.700000
v 3.700000 1.520000 1.600000
v 3.700000 1.520000 1.400000
v 3.700000 1.520000 1.300000
v 3.700000 1.600000 1.600000
v 3.700000 1.600000 1.400000
v 3.700000 1.600000 1.300000
v 3.700000 1.680000 1.600000
v 3.700000 1.680000 1.400000
v 3.800000 1.440000 1.600000
v 3.800000 1.440000 1.500000
v 3.800000 1.520000 1.500000
v 3.800000 1.520000 1.400000
v 3.800000 1.600000 1.600000
v 3.800000 1.600000 1.400000
v -0.300000 2.560000 1.700000
v -0.300000 2.560000 1.500000
v -0.300000 2.800000 1.700000
v -0.300000 2.800000 1.500000
v -0.200000 0.720000 1.700000
v -0.200000 0.720000 1.500000
v -0.200000 0.800000 1.600000
v -0.200000 0.800000 1.500000
v -0.200000 0.960000 1.700000
v -0.200000 0.960000 1.600000
v -0.200000 1.760000 2.000000
v -0.200000 1.760000 1.900000
v -0.200000 2.080000 2.000000
v -0.200000 2.080000 1.900000
v -0.200000 2.480000 1.700000
v -0.200000 2.480000 1.500000
v -0.200000 2.560000 1.700000
v -0.200000 2.560000 1.500000
v -0.200000 2.800000 1.700000
v -0.200000 2.800000 1.500000
v -0.200000 2.880000 1.700000
v -0.200000 2.880000 1.500000
v -0.100000 2.880000 1.700000
v -0.100000 2.880000 1.500000
v -0.100000 3.040000 1.700000
v -0.100000 3.040000 1.500000
v 0.000000 0.720000 1.500000
v 0.000000 0.720000 1.400000
v 0.000000 0.800000 1.900000
v 0.000000 0.800000 1.800000
v 0.000000 0.880000 1.900000
v 0.000000 0.880000 1.800000
v 0.000000 0.880000 1.500000
v 0.000000 0.880000 1.400000
v 0.000000 0.880000 1.300000
v 0.000000 0.960000 1.400000
v 0.000000 0.960000 1.300000
v 0.000000 1.040000 1.700000
v 0.000000 1.040000 1.600000
v 0.000000 1.360000 1.700000
v 0.000000 1.360000 1.600000
v 0.100000 0.640000 1.900000
v 0.100000 0.640000 1.500000
v 0.100000 0.800000 1.900000
v 0.100000 0.800000 1.800000
v 0.100000 0.880000 1.900000
v 0.100000 0.880000 1.800000
v 0.100000 0.880000 1.500000
v 0.100000 1.120000 1.900000
v 0.100000 1.120000 1.800000
v 0.100000 1.360000 1.700000
v 0.100000 1.360000 1.600000
v 0.100000 1.600000 1.700000
v 0.100000 1.600000 1.600000
v 0.200000 0.720000 1.400000
v 0.200000 0.720000 1.300000
v 0.200000 0.880000 1.400000
v 0.200000 0.880000 1.300000
v 0.200000 1.120000 1.900000
v 0.200000 1.120000 1.800000
v 0.200000 1.360000 1.900000
v 0.200000 1.360000 1.800000
v 0.300000 0.720000 1.500000
v 0.300000 0.720000 1.400000
v 0.300000 0.800000 1.500000
v 0.300000 0.800000 1.400000
v 0.300000 1.360000 1.900000
v 0.300000 1.360000 1.800000
v 0.300000 1.440000 1.400000
v 0.300000 1.440000 1.300000
v 0.300000 1.520000 1.500000
v 0.300000 1.520000 1.400000
v 0.300000 1.520000 1.300000
v 0.300000 1.600000 1.900000
v 0.300000 1.600000 1.800000
v 0.300000 1.600000 1.500000
v 0.300000 1.600000 1.400000
v 0.300000 1.760000 2.000000
v 0.300000 1.760000 1.900000
v 0.300000 2.080000 2.000000
v 0.300000 2.080000 1.900000
v 0.300000 2.480000 1.800000
v 0.300000 2.480000 1.700000
v 0.300000 2.480000 1.500000
v 0.300000 2.480000 1.400000
v 0.300000 2.560000 1.800000
v 0.300000 2.560000 1.700000
v 0.300000 2.560000 1.500000
v 0.300000 2.560000 1.400000
v 0.400000 0.640000 1.900000
v 0.400000 0.640000 1.500000
v 0.400000 0.720000 1.900000
v 0.400000 0.720000 1.700000
v 0.400000 0.720000 1.600000
v 0.400000 0.720000 1.500000
v 0.400000 0.800000 1.700000
v 0.400000 0.800000 1.600000
v 0.400000 0.880000 1.400000
v 0.400000 0.880000 1.300000
v 0.400000 0.960000 1.700000
v 0.400000 0.960000 1.600000
v 0.400000 1.440000 1.500000
v 0.400000 1.440000 1.400000
v 0.400000 1.440000 1.300000
v 0.400000 1.520000 1.800000
v 0.400000 1.520000 1.700000
v 0.400000 1.520000 1.500000
v 0.400000 1.520000 1.400000
v 0.400000 1.600000 2.000000
v 0.400000 1.600000 1.900000
v 0.400000 1.600000 1.800000
v 0.400000 1.600000 1.700000
v 0.400000 1.600000 1.500000
v 0.400000 1.600000 1.300000
v 0.400000 1.600000 1.200000
v 0.400000 1.680000 2.000000
v 0.400000 1.680000 1.900000
v 0.400000 1.680000 1.300000
v 0.400000 1.680000 1.200000
v 0.400000 1.680000 1.100000
v 0.400000 1.760000 1.200000
v 0.400000 1.760000 1.100000
v 0.400000 2.240000 1.200000
v 0.400000 2.240000 1.100000
v 0.400000 2.320000 2.000000
v 0.400000 2.320000 1.900000
v 0.400000 2.320000 1.300000
v 0.400000 2.320000 1.200000
v 0.400000 2.320000 1.100000
v 0.400000 2.400000 2.000000
v 0.400000 2.400000 1.900000
v 0.400000 2.400000 1.400000
v 0.400000 2.400000 1.300000
v 0.400000 2.400000 1.200000
v 0.400000 2.480000 1.700000
v 0.400000 2.480000 1.500000
v 0.400000 2.480000 1.400000
v 0.400000 2.480000 1.300000
v 0.400000 2.560000 1.700000
v 0.400000 2.560000 1.500000
v 0.500000 0.720000 1.900000
v 0.500000 0.720000 1.800000
v 0.500000 0.720000 1.500000
v 0.500000 0.720000 1.400000
v 0.500000 1.280000 1.800000
v 0.500000 1.280000 1.700000
v 0.500000 1.360000 1.900000
v 0.500000 1.360000 1.800000
v 0.500000 1.360000 1.700000
v 0.500000 1.360000 1.500000
v 0.500000 1.440000 1.500000
v 0.500000 1.440000 1.400000
v 0.500000 1.520000 1.800000
v 0.500000 1.520000 1.500000
v 0.500000 1.600000 1.900000
v 0.500000 1.600000 1.800000
v 0.500000 1.600000 1.400000
v 0.500000 1.600000 1.300000
v 0.500000 1.680000 2.000000
v 0.500000 1.680000 1.900000
v 0.500000 1.680000 1.800000
v 0.500000 1.680000 1.400000
v 0.500000 1.680000 1.300000
v 0.500000 1.680000 1.200000
v 0.500000 1.760000 2.000000
v 0.500000 1.760000 1.900000
v 0.500000 1.760000 1.300000
v 0.500000 1.760000 1.200000
v 0.500000 1.760000 1.100000
v 0.500000 2.240000 2.000000
v 0.500000 2.240000 1.900000
v 0.500000 2.240000 1.300000
v 0.500000 2.240000 1.200000
v 0.500000 2.240000 1.100000
v 0.500000 2.320000 2.000000
v 0.500000 2.320000 1.900000
v 0.500000 2.320000 1.400000
v 0.500000 2.320000 1.300000
v 0.500000 2.320000 1.200000
v 0.500000 2.400000 1.900000
v 0.500000 2.400000 1.800000
v 0.500000 2.400000 1.400000
v 0.500000 2.400000 1.300000
v 0.500000 2.480000 1.900000
v 0.500000 2.480000 1.800000
v 0.600000 0.640000 1.800000
v 0.600000 0.640000 1.700000
v 0.600000 0.640000 1.600000
v 0.600000 0.640000 1.500000
v 0.600000 0.720000 1.700000
v 0.600000 0.720000 1.600000
v 0.600000 1.200000 1.700000
v 0.600000 1.200000 1.600000
v 0.600000 1.280000 1.800000
v 0.600000 1.280000 1.700000
v 0.600000 1.360000 1.700000
v 0.600000 1.360000 1.500000
v 0.600000 1.600000 1.800000
v 0.600000 1.600000 1.400000
v 0.600000 1.680000 1.900000
v 0.600000 1.680000 1.800000
v 0.600000 1.680000 1.700000
v 0.600000 1.680000 1.500000
v 0.600000 1.680000 1.400000
v 0.600000 1.680000 1.300000
v 0.600000 1.760000 2.000000
v 0.600000 1.760000 1.900000
v 0.600000 1.760000 1.800000
v 0.600000 1.760000 1.700000
v 0.600000 1.760000 1.500000
v 0.600000 1.760000 1.400000
v 0.600000 1.760000 1.300000
v 0.600000 1.760000 1.200000
v 0.600000 1.840000 1.900000
v 0.600000 1.840000 1.800000
v 0.600000 1.840000 1.400000
v 0.600000 1.840000 1.300000
v 0.600000 2.240000 2.000000
v 0.600000 2.240000 1.900000
v 0.600000 2.240000 1.800000
v 0.600000 2.240000 1.400000
v 0.600000 2.240000 1.300000
v 0.600000 2.240000 1.200000
v 0.600000 2.320000 1.400000
v 0.600000 2.320000 1.300000
v 0.600000 2.400000 1.900000
v 0.600000 2.400000 1.800000
v 0.600000 2.400000 1.700000
v 0.600000 2.400000 1.500000
v 0.600000 2.400000 1.400000
v 0.600000 2.480000 1.800000
v 0.600000 2.480000 1.700000
v 0.600000 2.480000 1.500000
v 0.600000 2.480000 1.400000
v 0.700000 0.720000 1.700000
v 0.700000 0.720000 1.600000
v 0.700000 1.200000 1.700000
v 0.700000 1.200000 1.600000
v 0.700000 1.680000 1.700000
v 0.700000 1.680000 1.500000
v 0.700000 1.760000 1.800000
v 0.700000 1.760000 1.700000
v 0.700000 1.760000 1.500000
v 0.700000 1.760000 1.400000
v 0.700000 1.840000 1.900000
v 0.700000 1.840000 1.800000
v 0.700000 1.840000 1.400000
v 0.700000 1.840000 1.300000
v 0.700000 2.240000 1.900000
v 0.700000 2.240000 1.800000
v 0.700000 2.240000 1.400000
v 0.700000 2.240000 1.300000
v 0.700000 2.320000 1.700000
v 0.700000 2.320000 1.500000
v 0.700000 2.400000 1.800000
v 0.700000 2.400000 1.700000
v 0.700000 2.400000 1.500000
v 0.700000 2.400000 1.400000
v 0.700000 2.960000 1.700000
v 0.700000 2.960000 1.500000
v 0.700000 3.040000 1.700000
v 0.700000 3.040000 1.500000
v 0.800000 2.320000 1.700000
v 0.800000 2.320000 1.500000
v 0.800000 2.960000 1.700000
v 0.800000 2.960000 1.500000
v 1.200000 0.000000 2.800000
v 1.200000 0.000000 2.700000
v 1.200000 0.000000 0.400000
v 1.200000 0.000000 0.300000
v 1.200000 0.640000 2.800000
v 1.200000 0.640000 2.700000
v 1.200000 0.640000 0.400000
v 1.200000 0.640000 0.300000
v 1.300000 0.000000 2.700000
v 1.300000 0.000000 2.600000
v 1.300000 0.000000 0.500000
v 1.300000 0.000000 0.400000
v 1.300000 0.640000 2.700000
v 1.300000 0.640000 2.600000
v 1.300000 0.640000 0.500000
v 1.300000 0.640000 0.400000
v 1.400000 0.000000 2.600000
v 1.400000 0.000000 0.500000
v 1.400000 0.640000 2.600000
v 1.400000 0.640000 0.500000
v 2.300000 1.440000 1.600000
v 2.300000 1.440000 1.500000
v 2.300000 1.520000 1.500000
v 2.300000 1.520000 1.400000
v 2.300000 1.600000 1.600000
v 2.300000 1.600000 1.400000
v 2.400000 1.360000 1.700000
v 2.400000 1.360000 1.600000
v 2.400000 1.520000 1.700000
v 2.400000 1.520000 1.600000
v 2.400000 1.520000 1.400000
v 2.400000 1.520000 1.300000
v 2.400000 1.600000 1.600000
v 2.400000 1.600000 1.400000
v 2.400000 1.600000 1.300000
v 2.400000 1.680000 1.600000
v 2.400000 1.680000 1.400000
v 2.500000 1.280000 1.900000
v 2.500000 1.280000 1.700000
v 2.500000 1.440000 1.900000
v 2.500000 1.440000 1.800000
v 2.500000 1.520000 1.800000
v 2.500000 1.520000 1.700000
v 2.500000 1.520000 1.600000
v 2.500000 1.520000 1.300000
v 2.500000 1.520000 1.200000
v 2.500000 1.600000 1.700000
v 2.500000 1.600000 1.600000
v 2.500000 1.600000 1.400000
v 2.500000 1.600000 1.300000
v 2.500000 1.680000 1.600000
v 2.500000 1.680000 1.400000
v 2.500000 1.680000 1.200000
v 2.500000 1.760000 1.600000
v 2.500000 1.760000 1.400000
v 2.600000 1.200000 2.000000
v 2.600000 1.200000 1.900000
v 2.600000 1.440000 1.900000
v 2.600000 1.440000 1.800000
v 2.600000 1.520000 2.000000
v 2.600000 1.520000 1.900000
v 2.600000 1.520000 1.800000
v 2.600000 1.520000 1.700000
v 2.600000 1.520000 1.200000
v 2.600000 1.520000 1.000000
v 2.600000 1.600000 1.900000
v 2.600000 1.600000 1.700000
v 2.600000 1.600000 1.600000
v 2.600000 1.680000 1.700000
v 2.600000 1.680000 1.600000
v 2.600000 1.680000 1.400000
v 2.600000 1.680000 1.200000
v 2.600000 1.680000 1.100000
v 2.600000 1.680000 1.000000
v 2.600000 1.760000 1.600000
v 2.600000 1.760000 1.400000
v 2.600000 1.760000 1.300000
v 2.600000 1.760000 1.100000
v 2.600000 1.840000 1.600000
v 2.600000 1.840000 1.300000
v 2.700000 1.200000 2.100000
v 2.700000 1.200000 2.000000
v 2.700000 1.360000 2.100000
v 2.700000 1.360000 2.000000
v 2.700000 1.520000 2.000000
v 2.700000 1.520000 1.900000
v 2.700000 1.600000 2.000000
v 2.700000 1.600000 1.900000
v 2.700000 1.600000 1.700000
v 2.700000 1.680000 1.900000
v 2.700000 1.680000 1.800000
v 2.700000 1.680000 1.700000
v 2.700000 1.680000 1.600000
v 2.700000 1.760000 1.800000
v 2.700000 1.760000 1.700000
v 2.700000 1.760000 1.300000
v 2.700000 1.760000 1.100000
v 2.700000 1.840000 1.700000
v 2.700000 1.840000 1.600000
v 2.700000 1.840000 1.500000
v 2.700000 1.840000 1.300000
v 2.700000 1.840000 1.100000
v 2.700000 1.920000 1.500000
v 2.700000 1.920000 1.300000
v 2.700000 2.800000 1.500000
v 2.700000 2.800000 1.400000
v 2.700000 2.880000 1.500000
v 2.700000 2.880000 1.400000
v 2.700000 2.880000 1.300000
v 2.700000 2.960000 1.400000
v 2.700000 2.960000 1.300000
v 2.700000 2.960000 1.100000
v 2.700000 3.040000 1.300000
v 2.700000 3.040000 1.200000
v 2.700000 3.120000 1.100000
v 2.700000 3.120000 1.000000
v 2.700000 3.200000 1.200000
v 2.700000 3.200000 1.000000
v 2.800000 1.360000 2.100000
v 2.800000 1.360000 2.000000
v 2.800000 1.440000 2.100000
v 2.800000 1.440000 2.000000
v 2.800000 1.680000 1.900000
v 2.800000 1.680000 1.800000
v 2.800000 1.680000 1.100000
v 2.800000 1.680000 1.000000
v 2.800000 1.760000 1.900000
v 2.800000 1.760000 1.800000
v 2.800000 1.760000 1.700000
v 2.800000 1.760000 1.100000
v 2.800000 1.760000 1.000000
v 2.800000 1.840000 1.800000
v 2.800000 1.840000 1.700000
v 2.800000 1.840000 1.600000
v 2.800000 1.840000 1.300000
v 2.800000 1.840000 1.200000
v 2.800000 1.920000 1.700000
v 2.800000 1.920000 1.600000
v 2.800000 1.920000 1.400000
v 2.800000 1.920000 1.300000
v 2.800000 1.920000 1.200000
v 2.800000 2.000000 1.400000
v 2.800000 2.000000 1.300000
v 2.800000 2.400000 1.800000
v 2.800000 2.400000 1.700000
v 2.800000 2.560000 1.600000
v 2.800000 2.560000 1.500000
v 2.800000 2.640000 1.800000
v 2.800000 2.640000 1.700000
v 2.800000 2.640000 1.600000
v 2.800000 2.640000 1.500000
v 2.800000 2.640000 1.400000
v 2.800000 2.720000 1.400000
v 2.800000 2.720000 1.300000
v 2.800000 2.800000 1.500000
v 2.800000 2.800000 1.400000
v 2.800000 2.800000 1.300000
v 2.800000 2.800000 1.200000
v 2.800000 2.880000 1.600000
v 2.800000 2.880000 1.500000
v 2.800000 2.880000 1.400000
v 2.800000 2.880000 1.300000
v 2.800000 2.880000 1.200000
v 2.800000 2.880000 1.100000
v 2.800000 2.960000 1.500000
v 2.800000 2.960000 1.400000
v 2.800000 2.960000 1.300000
v 2.800000 2.960000 1.100000
v 2.800000 3.040000 1.400000
v 2.800000 3.040000 1.300000
v 2.800000 3.120000 0.900000
v 2.800000 3.120000 0.800000
v 2.800000 3.200000 1.300000
v 2.800000 3.200000 0.900000
v 2.800000 3.280000 1.300000
v 2.800000 3.280000 1.200000
v 2.800000 3.440000 1.200000
v 2.800000 3.440000 1.100000
v 2.800000 3.520000 1.100000
v 2.800000 3.520000 1.000000
v 2.800000 3.600000 1.000000
v 2.800000 3.600000 0.800000
v 2.900000 1.440000 2.100000
v 2.900000 1.440000 2.000000
v 2.900000 1.520000 2.100000
v 2.900000 1.520000 2.000000
v 2.900000 1.520000 1.600000
v 2.900000 1.520000 1.500000
v 2.900000 1.520000 1.000000
v 2.900000 1.520000 0.900000
v 2.900000 1.600000 2.000000
v 2.900000 1.600000 1.900000
v 2.900000 1.600000 1.600000
v 2.900000 1.600000 1.500000
v 2.900000 1.600000 1.000000
v 2.900000 1.600000 0.900000
v 2.900000 1.680000 2.000000
v 2.900000 1.680000 1.900000
v 2.900000 1.760000 1.900000
v 2.900000 1.760000 1.800000
v 2.900000 1.840000 1.900000
v 2.900000 1.840000 1.800000
v 2.900000 1.840000 1.700000
v 2.900000 1.920000 1.800000
v 2.900000 1.920000 1.700000
v 2.900000 1.920000 1.300000
v 2.900000 1.920000 1.200000
v 2.900000 2.000000 1.400000
v 2.900000 2.000000 1.300000
v 2.900000 2.000000 1.200000
v 2.900000 2.080000 1.400000
v 2.900000 2.080000 1.300000
v 2.900000 2.560000 1.500000
v 2.900000 2.560000 1.400000
v 2.900000 2.640000 1.700000
v 2.900000 2.640000 1.600000
v 2.900000 2.640000 1.500000
v 2.900000 2.640000 1.400000
v 2.900000 2.640000 1.300000
v 2.900000 2.720000 1.400000
v 2.900000 2.720000 1.300000
v 2.900000 2.720000 1.200000
v 2.900000 2.800000 1.700000
v 2.900000 2.800000 1.600000
v 2.900000 2.800000 1.300000
v 2.900000 2.800000 1.200000
v 2.900000 2.800000 1.100000
v 2.900000 2.880000 1.200000
v 2.900000 2.880000 1.100000
v 2.900000 3.040000 1.500000
v 2.900000 3.040000 1.400000
v 2.900000 3.040000 1.000000
v 2.900000 3.040000 0.900000
v 2.900000 3.120000 1.500000
v 2.900000 3.120000 1.400000
v 2.900000 3.120000 1.000000
v 2.900000 3.200000 1.400000
v 2.900000 3.200000 0.900000
v 3.000000 0.640000 1.700000
v 3.000000 0.640000 1.500000
v 3.000000 0.800000 1.700000
v 3.000000 0.800000 1.600000
v 3.000000 1.120000 1.700000
v 3.000000 1.120000 1.600000
v 3.000000 1.200000 2.200000
v 3.000000 1.200000 2.100000
v 3.000000 1.200000 1.700000
v 3.000000 1.200000 1.500000
v 3.000000 1.440000 2.200000
v 3.000000 1.440000 2.100000
v 3.000000 1.520000 2.100000
v 3.000000 1.520000 2.000000
v 3.000000 1.600000 2.100000
v 3.000000 1.600000 2.000000
v 3.000000 1.600000 1.000000
v 3.000000 1.600000 0.900000
v 3.000000 1.680000 2.000000
v 3.000000 1.680000 1.900000
v 3.000000 1.680000 1.000000
v 3.000000 1.680000 0.900000
v 3.000000 1.760000 2.000000
v 3.000000 1.760000 1.900000
v 3.000000 1.760000 1.100000
v 3.000000 1.760000 1.000000
v 3.000000 1.840000 1.200000
v 3.000000 1.840000 1.100000
v 3.000000 1.840000 1.000000
v 3.000000 1.920000 1.200000
v 3.000000 1.920000 1.100000
v 3.000000 2.480000 1.700000
v 3.000000 2.480000 1.600000
v 3.000000 2.560000 1.600000
v 3.000000 2.560000 1.400000
v 3.000000 2.560000 1.300000
v 3.000000 2.640000 1.700000
v 3.000000 2.640000 1.600000
v 3.000000 2.640000 1.400000
v 3.000000 2.640000 1.300000
v 3.000000 2.640000 1.200000
v 3.000000 2.720000 1.300000
v 3.000000 2.720000 1.200000
v 3.000000 2.960000 1.600000
v 3.000000 2.960000 1.500000
v 3.000000 2.960000 1.000000
v 3.000000 2.960000 0.900000
v 3.000000 3.040000 1.600000
v 3.000000 3.040000 1.500000
v 3.000000 3.040000 1.400000
v 3.000000 3.040000 1.000000
v 3.000000 3.040000 0.900000
v 3.000000 3.120000 1.400000
v 3.000000 3.120000 1.000000
v 3.100000 1.200000 2.400000
v 3.100000 1.200000 2.300000
v 3.100000 1.440000 2.400000
v 3.100000 1.440000 2.300000
v 3.100000 1.520000 1.600000
v 3.100000 1.520000 1.500000
v 3.100000 1.600000 2.300000
v 3.100000 1.600000 2.200000
v 3.100000 1.600000 1.600000
v 3.100000 1.600000 1.500000
v 3.100000 1.680000 2.300000
v 3.100000 1.680000 2.200000
v 3.100000 1.680000 2.100000
v 3.100000 1.760000 2.200000
v 3.100000 1.760000 2.100000
v 3.100000 1.840000 2.100000
v 3.100000 1.840000 2.000000
v 3.100000 1.840000 1.800000
v 3.100000 1.840000 1.700000
v 3.100000 1.920000 2.100000
v 3.100000 1.920000 2.000000
v 3.100000 1.920000 1.800000
v 3.100000 1.920000 1.700000
v 3.100000 1.920000 1.400000
v 3.100000 1.920000 1.300000
v 3.100000 2.000000 2.000000
v 3.100000 2.000000 1.900000
v 3.100000 2.000000 1.300000
v 3.100000 2.080000 2.000000
v 3.100000 2.080000 1.900000
v 3.100000 2.080000 1.800000
v 3.100000 2.080000 1.400000
v 3.100000 2.080000 1.300000
v 3.100000 2.160000 1.900000
v 3.100000 2.160000 1.800000
v 3.100000 2.400000 1.800000
v 3.100000 2.400000 1.700000
v 3.100000 2.640000 1.800000
v 3.100000 2.640000 1.700000
v 3.200000 1.440000 2.300000
v 3.200000 1.440000 2.200000
v 3.200000 1.440000 0.900000
v 3.200000 1.440000 0.800000
v 3.200000 1.520000 1.800000
v 3.200000 1.520000 1.700000
v 3.200000 1.520000 0.900000
v 3.200000 1.520000 0.800000
v 3.200000 1.600000 2.300000
v 3.200000 1.600000 2.200000
v 3.200000 1.600000 2.100000
v 3.200000 1.680000 2.200000
v 3.200000 1.680000 2.100000
v 3.200000 1.680000 1.700000
v 3.200000 1.680000 1.600000
v 3.200000 1.680000 0.900000
v 3.200000 1.680000 0.800000
v 3.200000 1.760000 2.100000
v 3.200000 1.760000 2.000000
v 3.200000 1.760000 1.800000
v 3.200000 1.760000 1.700000
v 3.200000 1.760000 0.900000
v 3.200000 1.760000 0.800000
v 3.200000 1.840000 2.100000
v 3.200000 1.840000 2.000000
v 3.200000 1.840000 1.800000
v 3.200000 1.840000 1.700000
v 3.200000 1.840000 1.000000
v 3.200000 1.840000 0.900000
v 3.200000 1.920000 2.000000
v 3.200000 1.920000 1.900000
v 3.200000 1.920000 1.700000
v 3.200000 1.920000 1.600000
v 3.200000 1.920000 1.000000
v 3.200000 1.920000 0.900000
v 3.200000 2.000000 2.000000
v 3.200000 2.000000 1.900000
v 3.200000 2.080000 1.300000
v 3.200000 2.080000 1.200000
v 3.200000 2.160000 1.800000
v 3.200000 2.160000 1.700000
v 3.200000 2.160000 1.400000
v 3.200000 2.160000 1.300000
v 3.200000 2.160000 1.200000
v 3.200000 2.240000 1.900000
v 3.200000 2.240000 1.800000
v 3.200000 2.240000 1.700000
v 3.200000 2.240000 1.400000
v 3.200000 2.240000 1.300000
v 3.200000 2.320000 1.900000
v 3.200000 2.320000 1.800000
v 3.200000 2.480000 1.300000
v 3.200000 2.480000 1.200000
v 3.200000 2.560000 1.300000
v 3.200000 2.560000 1.200000
v 3.200000 2.560000 1.100000
v 3.200000 2.640000 1.200000
v 3.200000 2.640000 1.100000
v 3.200000 2.640000 1.000000
v 3.200000 2.720000 1.100000
v 3.200000 2.720000 1.000000
v 3.200000 2.960000 1.400000
v 3.200000 2.960000 1.100000
v 3.200000 3.040000 1.400000
v 3.200000 3.040000 1.100000
v 3.300000 0.640000 1.700000
v 3.300000 0.640000 1.500000
v 3.300000 0.800000 1.700000
v 3.300000 0.800000 1.600000
v 3.300000 1.120000 1.700000
v 3.300000 1.120000 1.600000
v 3.300000 1.200000 2.300000
v 3.300000 1.200000 2.200000
v 3.300000 1.200000 1.500000
v 3.300000 1.200000 1.400000
v 3.300000 1.440000 2.300000
v 3.300000 1.440000 2.200000
v 3.300000 1.520000 0.900000
v 3.300000 1.520000 0.800000
v 3.300000 1.680000 1.700000
v 3.300000 1.680000 1.600000
v 3.300000 1.680000 1.500000
v 3.300000 1.680000 0.900000
v 3.300000 1.680000 0.800000
v 3.300000 1.920000 1.500000
v 3.300000 1.920000 1.400000
v 3.300000 1.920000 1.100000
v 3.300000 1.920000 1.000000
v 3.300000 2.000000 1.900000
v 3.300000 2.000000 1.700000
v 3.300000 2.000000 1.200000
v 3.300000 2.000000 1.100000
v 3.300000 2.000000 1.000000
v 3.300000 2.080000 1.900000
v 3.300000 2.080000 1.800000
v 3.300000 2.080000 1.700000
v 3.300000 2.080000 1.600000
v 3.300000 2.080000 1.400000
v 3.300000 2.080000 1.300000
v 3.300000 2.080000 1.200000
v 3.300000 2.080000 1.100000
v 3.300000 2.160000 1.800000
v 3.300000 2.160000 1.700000
v 3.300000 2.160000 1.600000
v 3.300000 2.160000 1.400000
v 3.300000 2.160000 1.300000
v 3.300000 2.240000 1.800000
v 3.300000 2.240000 1.700000
v 3.300000 2.240000 1.400000
v 3.300000 2.240000 1.300000
v 3.300000 2.240000 1.200000
v 3.300000 2.320000 1.800000
v 3.300000 2.320000 1.700000
v 3.300000 2.320000 1.300000
v 3.300000 2.320000 1.200000
v 3.300000 2.400000 1.800000
v 3.300000 2.400000 1.400000
v 3.300000 2.560000 1.400000
v 3.300000 2.560000 1.300000
v 3.300000 2.720000 1.100000
v 3.300000 2.720000 1.000000
v 3.300000 2.800000 1.800000
v 3.300000 2.800000 1.700000
v 3.300000 2.800000 1.100000
v 3.300000 2.800000 1.000000
v 3.300000 2.800000 0.900000
v 3.300000 2.880000 1.800000
v 3.300000 2.880000 1.700000
v 3.300000 2.960000 1.000000
v 3.300000 2.960000 0.900000
v 3.300000 3.040000 1.200000
v 3.300000 3.040000 1.100000
v 3.300000 3.120000 1.100000
v 3.300000 3.120000 1.000000
v 3.300000 3.200000 1.200000
v 3.300000 3.200000 1.000000
v 3.400000 1.520000 2.200000
v 3.400000 1.520000 2.100000
v 3.400000 1.600000 2.200000
v 3.400000 1.600000 2.100000
v 3.400000 1.680000 2.100000
v 3.400000 1.680000 2.000000
v 3.400000 1.680000 1.600000
v 3.400000 1.680000 1.500000
v 3.400000 1.760000 2.100000
v 3.400000 1.760000 2.000000
v 3.400000 1.760000 1.000000
v 3.400000 1.760000 0.900000
v 3.400000 1.840000 2.000000
v 3.400000 1.840000 1.800000
v 3.400000 1.840000 1.600000
v 3.400000 1.840000 1.500000
v 3.400000 1.840000 1.000000
v 3.400000 1.840000 0.900000
v 3.400000 1.920000 2.000000
v 3.400000 1.920000 1.900000
v 3.400000 1.920000 1.800000
v 3.400000 1.920000 1.700000
v 3.400000 1.920000 1.200000
v 3.400000 1.920000 1.100000
v 3.400000 2.000000 1.900000
v 3.400000 2.000000 1.700000
v 3.400000 2.000000 1.600000
v 3.400000 2.000000 1.400000
v 3.400000 2.000000 1.200000
v 3.400000 2.000000 1.100000
v 3.400000 2.080000 1.700000
v 3.400000 2.080000 1.600000
v 3.400000 2.080000 1.400000
v 3.400000 2.080000 1.200000
v 3.400000 2.160000 1.600000
v 3.400000 2.160000 1.400000
v 3.400000 2.240000 1.700000
v 3.400000 2.240000 1.300000
v 3.400000 2.320000 1.700000
v 3.400000 2.320000 1.300000
v 3.400000 2.400000 1.800000
v 3.400000 2.400000 1.400000
v 3.400000 2.560000 1.400000
v 3.400000 2.560000 1.200000
v 3.400000 2.640000 1.200000
v 3.400000 2.640000 1.100000
v 3.400000 2.720000 1.500000
v 3.400000 2.720000 1.200000
v 3.400000 2.800000 1.800000
v 3.400000 2.800000 1.700000
v 3.400000 2.800000 1.600000
v 3.400000 2.800000 1.500000
v 3.400000 2.800000 1.200000
v 3.400000 2.800000 1.100000
v 3.400000 2.800000 1.000000
v 3.400000 2.960000 1.700000
v 3.400000 2.960000 1.600000
v 3.400000 2.960000 1.100000
v 3.400000 2.960000 1.000000
v 3.400000 2.960000 0.900000
v 3.400000 3.120000 1.000000
v 3.400000 3.120000 0.900000
v 3.400000 3.120000 0.800000
v 3.400000 3.360000 1.200000
v 3.400000 3.360000 1.100000
v 3.400000 3.440000 1.200000
v 3.400000 3.440000 1.100000
v 3.400000 3.440000 0.900000
v 3.400000 3.520000 1.100000
v 3.400000 3.520000 1.000000
v 3.400000 3.600000 1.000000
v 3.400000 3.600000 0.800000
v 3.500000 1.440000 2.200000
v 3.500000 1.440000 2.100000
v 3.500000 1.520000 2.200000
v 3.500000 1.520000 2.100000
v 3.500000 1.600000 2.100000
v 3.500000 1.600000 2.000000
v 3.500000 1.680000 2.100000
v 3.500000 1.680000 2.000000
v 3.500000 1.680000 1.900000
v 3.500000 1.680000 1.000000
v 3.500000 1.680000 0.900000
v 3.500000 1.760000 1.900000
v 3.500000 1.760000 1.800000
v 3.500000 1.760000 1.000000
v 3.500000 1.760000 0.900000
v 3.500000 1.840000 2.000000
v 3.500000 1.840000 1.800000
v 3.500000 1.840000 1.700000
v 3.500000 1.840000 1.100000
v 3.500000 1.840000 1.000000
v 3.500000 1.920000 1.800000
v 3.500000 1.920000 1.700000
v 3.500000 1.920000 1.600000
v 3.500000 1.920000 1.400000
v 3.500000 1.920000 1.200000
v 3.500000 1.920000 1.100000
v 3.500000 1.920000 1.000000
v 3.500000 2.000000 1.700000
v 3.500000 2.000000 1.600000
v 3.500000 2.000000 1.400000
v 3.500000 2.000000 1.200000
v 3.500000 2.080000 1.600000
v 3.500000 2.080000 1.400000
v 3.500000 2.720000 1.500000
v 3.500000 2.720000 1.200000
v 3.500000 2.800000 1.600000
v 3.500000 2.800000 1.500000
v 3.500000 2.800000 1.200000
v 3.500000 2.800000 1.100000
v 3.500000 2.960000 1.100000
v 3.500000 2.960000 1.000000
v 3.500000 3.040000 1.600000
v 3.500000 3.040000 1.500000
v 3.500000 3.120000 1.500000
v 3.500000 3.120000 1.400000
v 3.500000 3.120000 1.000000
v 3.500000 3.120000 0.900000
v 3.500000 3.200000 1.400000
v 3.500000 3.200000 1.300000
v 3.500000 3.280000 1.300000
v 3.500000 3.280000 1.200000
v 3.500000 3.360000 1.200000
v 3.500000 3.360000 1.100000
v 3.500000 3.440000 1.100000
v 3.500000 3.440000 0.900000
v 3.600000 1.200000 2.200000
v 3.600000 1.200000 2.100000
v 3.600000 1.440000 2.200000
v 3.600000 1.440000 2.100000
v 3.600000 1.440000 2.000000
v 3.600000 1.520000 2.000000
v 3.600000 1.520000 1.900000
v 3.600000 1.520000 1.000000
v 3.600000 1.520000 0.900000
v 3.600000 1.600000 2.100000
v 3.600000 1.600000 2.000000
v 3.600000 1.600000 1.900000
v 3.600000 1.600000 1.800000
v 3.600000 1.680000 2.000000
v 3.600000 1.680000 1.900000
v 3.600000 1.680000 1.000000
v 3.600000 1.680000 0.900000
v 3.600000 1.760000 1.900000
v 3.600000 1.760000 1.800000
v 3.600000 1.760000 1.700000
v 3.600000 1.760000 1.200000
v 3.600000 1.760000 1.000000
v 3.600000 1.840000 1.800000
v 3.600000 1.840000 1.700000
v 3.600000 1.840000 1.600000
v 3.600000 1.840000 1.400000
v 3.600000 1.840000 1.200000
v 3.600000 1.840000 1.100000
v 3.600000 1.840000 1.000000
v 3.600000 1.920000 1.700000
v 3.600000 1.920000 1.600000
v 3.600000 1.920000 1.400000
v 3.600000 1.920000 1.100000
v 3.600000 2.000000 1.600000
v 3.600000 2.000000 1.400000
v 3.700000 1.200000 2.100000
v 3.700000 1.200000 1.900000
v 3.700000 1.280000 1.900000
v 3.700000 1.440000 2.100000
v 3.700000 1.440000 2.000000
v 3.700000 1.520000 2.000000
v 3.700000 1.520000 1.900000
v 3.700000 1.520000 1.800000
v 3.700000 1.520000 1.200000
v 3.700000 1.520000 1.000000
v 3.700000 1.600000 1.900000
v 3.700000 1.600000 1.800000
v 3.700000 1.600000 1.700000
v 3.700000 1.760000 1.800000
v 3.700000 1.760000 1.700000
v 3.700000 1.760000 1.600000
v 3.700000 1.760000 1.400000
v 3.700000 1.760000 1.200000
v 3.700000 1.760000 1.000000
v 3.700000 1.840000 1.700000
v 3.700000 1.840000 1.600000
v 3.700000 1.840000 1.400000
v 3.700000 1.840000 1.200000
v 3.700000 1.920000 1.600000
v 3.700000 1.920000 1.400000
v 3.800000 1.280000 1.900000
v 3.800000 1.280000 1.700000
v 3.800000 1.360000 1.800000
v 3.800000 1.360000 1.700000
v 3.800000 1.520000 1.900000
v 3.800000 1.520000 1.800000
v 3.800000 1.520000 1.700000
v 3.800000 1.520000 1.300000
v 3.800000 1.520000 1.200000
v 3.800000 1.600000 1.800000
v 3.800000 1.600000 1.700000
v 3.800000 1.680000 1.700000
v 3.800000 1.680000 1.600000
v 3.800000 1.760000 1.700000
v 3.800000 1.760000 1.600000
v 3.800000 1.760000 1.400000
v 3.800000 1.760000 1.300000
v 3.800000 1.760000 1.200000
v 3.800000 1.840000 1.600000
v 3.800000 1.840000 1.400000
v 3.900000 1.360000 1.800000
v 3.900000 1.360000 1.600000
v 3.900000 1.440000 1.700000
v 3.900000 1.440000 1.600000
v 3.900000 1.520000 1.800000
v 3.900000 1.520000 1.700000
v 3.900000 1.600000 1.700000
v 3.900000 1.600000 1.600000
v 3.900000 1.600000 1.400000
v 3.900000 1.600000 1.300000
v 3.900000 1.680000 1.700000
v 3.900000 1.680000 1.600000
v 3.900000 1.680000 1.400000
v 3.900000 1.760000 1.600000
v 3.900000 1.760000 1.300000
v 4.000000 1.440000 1.700000
v 4.000000 1.440000 1.500000
v 4.000000 1.520000 1.500000
v 4.000000 1.520000 1.300000
v 4.000000 1.600000 1.700000
v 4.000000 1.600000 1.600000
v 4.000000 1.600000 1.400000
v 4.000000 1.600000 1.300000
v 4.000000 1.680000 1.600000
v 4.000000 1.680000 1.400000
v 4.100000 0.000000 2.800000
v 4.100000 0.000000 2.700000
v 4.100000 0.000000 0.400000
v 4.100000 0.000000 0.300000
v 4.100000 0.640000 2.800000
v 4.100000 0.640000 2.700000
v 4.100000 0.640000 0.400000
v 4.100000 0.640000 0.300000
v 4.200000 0.000000 2.700000
v 4.200000 0.000000 2.600000
v 4.200000 0.000000 0.500000
v 4.200000 0.000000 0.400000
v 4.200000 0.640000 2.700000
v 4.200000 0.640000 2.600000
v 4.200000 0.640000 0.500000
v 4.200000 0.640000 0.400000
v 4.300000 0.000000 2.600000
v 4.300000 0.000000 0.500000
v 4.300000 0.640000 2.600000
v 4.300000 0.640000 0.500000
v -0.900000 0.000000 2.800000
v -0.900000 0.640000 2.800000
v 1.200000 0.000000 2.800000
v 1.200000 0.640000 2.800000
v 2.000000 0.000000 2.800000
v 2.000000 0.640000 2.800000
v 4.100000 0.000000 2.800000
v 4.100000 0.640000 2.800000
v -1.000000 0.000000 2.700000
v -1.000000 0.640000 2.700000
v -0.900000 0.000000 2.700000
v -0.900000 0.640000 2.700000
v 1.200000 0.000000 2.700000
v 1.200000 0.640000 2.700000
v 1.300000 0.000000 2.700000
v 1.300000 0.640000 2.700000
v 1.900000 0.000000 2.700000
v 1.900000 0.640000 2.700000
v 2.000000 0.000000 2.700000
v 2.000000 0.640000 2.700000
v 4.100000 0.000000 2.700000
v 4.100000 0.640000 2.700000
v 4.200000 0.000000 2.700000
v 4.200000 0.640000 2.700000
v -1.100000 0.000000 2.600000
v -1.100000 0.640000 2.600000
v -1.000000 0.000000 2.600000
v -1.000000 0.640000 2.600000
v 1.300000 0.000000 2.600000
v 1.300000 0.640000 2.600000
v 1.400000 0.000000 2.600000
v 1.400000 0.640000 2.600000
v 1.800000 0.000000 2.600000
v 1.800000 0.640000 2.600000
v 1.900000 0.000000 2.600000
v 1.900000 0.640000 2.600000
v 4.200000 0.000000 2.600000
v 4.200000 0.640000 2.600000
v 4.300000 0.000000 2.600000
v 4.300000 0.640000 2.600000
v 3.000000 1.200000 2.400000
v 3.000000 1.440000 2.400000
v 3.100000 1.200000 2.400000
v 3.100000 1.440000 2.400000
v 2.800000 1.200000 2.300000
v 2.800000 1.440000 2.300000
v 2.900000 1.440000 2.300000
v 2.900000 1.600000 2.300000
v 3.000000 1.200000 2.300000
v 3.000000 1.440000 2.300000
v 3.000000 1.600000 2.300000
v 3.000000 1.680000 2.300000
v 3.100000 1.200000 2.300000
v 3.100000 1.440000 2.300000
v 3.100000 1.600000 2.300000
v 3.100000 1.680000 2.300000
v 3.200000 1.440000 2.300000
v 3.200000 1.600000 2.300000
v 3.300000 1.200000 2.300000
v 3.300000 1.440000 2.300000
v 2.500000 1.200000 2.200000
v 2.500000 1.440000 2.200000
v 2.600000 1.440000 2.200000
v 2.600000 1.520000 2.200000
v 2.700000 1.520000 2.200000
v 2.700000 1.600000 2.200000
v 2.800000 1.200000 2.200000
v 2.800000 1.440000 2.200000
v 2.900000 1.440000 2.200000
v 2.900000 1.600000 2.200000
v 2.900000 1.680000 2.200000
v 3.000000 1.600000 2.200000
v 3.000000 1.680000 2.200000
v 3.000000 1.760000 2.200000
v 3.100000 1.600000 2.200000
v 3.100000 1.680000 2.200000
v 3.100000 1.760000 2.200000
v 3.200000 1.440000 2.200000
v 3.200000 1.600000 2.200000
v 3.200000 1.680000 2.200000
v 3.300000 1.200000 2.200000
v 3.300000 1.440000 2.200000
v 3.400000 1.520000 2.200000
v 3.400000 1.600000 2.200000
v 3.500000 1.440000 2.200000
v 3.500000 1.520000 2.200000
v 3.600000 1.200000 2.200000
v 3.600000 1.440000 2.200000
v 2.400000 1.200000 2.100000
v 2.400000 1.440000 2.100000
v 2.500000 1.200000 2.100000
v 2.500000 1.440000 2.100000
v 2.500000 1.600000 2.100000
v 2.600000 1.440000 2.100000
v 2.600000 1.520000 2.100000
v 2.600000 1.600000 2.100000
v 2.600000 1.680000 2.100000
v 2.700000 1.520000 2.100000
v 2.700000 1.600000 2.100000
v 2.700000 1.680000 2.100000
v 2.700000 1.760000 2.100000
v 2.900000 1.600000 2.100000
v 2.900000 1.680000 2.100000
v 2.900000 1.760000 2.100000
v 2.900000 1.840000 2.100000
v 3.000000 1.680000 2.100000
v 3.000000 1.760000 2.100000
v 3.000000 1.840000 2.100000
v 3.000000 1.920000 2.100000
v 3.100000 1.680000 2.100000
v 3.100000 1.760000 2.100000
v 3.100000 1.840000 2.100000
v 3.100000 1.920000 2.100000
v 3.200000 1.600000 2.100000
v 3.200000 1.680000 2.100000
v 3.200000 1.760000 2.100000
v 3.200000 1.840000 2.100000
v 3.400000 1.520000 2.100000
v 3.400000 1.600000 2.100000
v 3.400000 1.680000 2.100000
v 3.400000 1.760000 2.100000
v 3.500000 1.440000 2.100000
v 3.500000 1.520000 2.100000
v 3.500000 1.600000 2.100000
v 3.500000 1.680000 2.100000
v 3.600000 1.200000 2.100000
v 3.600000 1.440000 2.100000
v 3.600000 1.600000 2.100000
v 3.700000 1.200000 2.100000
v 3.700000 1.440000 2.100000
v -0.300000 1.760000 2.000000
v -0.300000 2.240000 2.000000
v -0.200000 1.680000 2.000000
v -0.200000 1.760000 2.000000
v -0.200000 2.080000 2.000000
v -0.200000 2.240000 2.000000
v -0.200000 2.320000 2.000000
v -0.100000 1.600000 2.000000
v -0.100000 1.680000 2.000000
v -0.100000 2.320000 2.000000
v -0.100000 2.400000 2.000000
v 0.000000 1.760000 2.000000
v 0.000000 2.080000 2.000000
v 0.300000 1.760000 2.000000
v 0.300000 2.080000 2.000000
v 0.400000 1.600000 2.000000
v 0.400000 1.680000 2.000000
v 0.400000 2.320000 2.000000
v 0.400000 2.400000 2.000000
v 0.500000 1.680000 2.000000
v 0.500000 1.760000 2.000000
v 0.500000 2.080000 2.000000
v 0.500000 2.240000 2.000000
v 0.500000 2.320000 2.000000
v 0.600000 1.760000 2.000000
v 0.600000 2.240000 2.000000
v 2.400000 1.440000 2.000000
v 2.400000 1.520000 2.000000
v 2.500000 1.440000 2.000000
v 2.500000 1.520000 2.000000
v 2.500000 1.600000 2.000000
v 2.500000 1.680000 2.000000
v 2.600000 1.600000 2.000000
v 2.600000 1.680000 2.000000
v 2.600000 1.840000 2.000000
v 2.700000 1.680000 2.000000
v 2.700000 1.760000 2.000000
v 2.700000 1.840000 2.000000
v 2.700000 1.920000 2.000000
v 2.900000 1.760000 2.000000
v 2.900000 1.840000 2.000000
v 2.900000 1.920000 2.000000
v 2.900000 2.000000 2.000000
v 3.000000 1.840000 2.000000
v 3.000000 1.920000 2.000000
v 3.000000 2.000000 2.000000
v 3.000000 2.080000 2.000000
v 3.100000 1.840000 2.000000
v 3.100000 1.920000 2.000000
v 3.100000 2.000000 2.000000
v 3.100000 2.080000 2.000000
v 3.200000 1.760000 2.000000
v 3.200000 1.840000 2.000000
v 3.200000 1.920000 2.000000
v 3.200000 2.000000 2.000000
v 3.400000 1.680000 2.000000
v 3.400000 1.760000 2.000000
v 3.400000 1.840000 2.000000
v 3.400000 1.920000 2.000000
v 3.500000 1.600000 2.000000
v 3.500000 1.680000 2.000000
v 3.500000 1.840000 2.000000
v 3.600000 1.440000 2.000000
v 3.600000 1.520000 2.000000
v 3.600000 1.600000 2.000000
v 3.600000 1.680000 2.000000
v 3.700000 1.440000 2.000000
v 3.700000 1.520000 2.000000
v -0.400000 1.840000 1.900000
v -0.400000 2.240000 1.900000
v -0.300000 1.680000 1.900000
v -0.300000 1.760000 1.900000
v -0.300000 1.840000 1.900000
v -0.300000 2.240000 1.900000
v -0.300000 2.400000 1.900000
v -0.200000 0.720000 1.900000
v -0.200000 1.360000 1.900000
v -0.200000 1.600000 1.900000
v -0.200000 1.680000 1.900000
v -0.200000 1.760000 1.900000
v -0.200000 2.080000 1.900000
v -0.200000 2.240000 1.900000
v -0.200000 2.320000 1.900000
v -0.200000 2.400000 1.900000
v -0.200000 2.480000 1.900000
v -0.100000 0.640000 1.900000
v -0.100000 0.720000 1.900000
v -0.100000 0.800000 1.900000
v -0.100000 1.360000 1.900000
v -0.100000 1.440000 1.900000
v -0.100000 1.600000 1.900000
v -0.100000 1.680000 1.900000
v -0.100000 2.320000 1.900000
v -0.100000 2.400000 1.900000
v 0.000000 0.800000 1.900000
v 0.000000 0.880000 1.900000
v 0.000000 1.440000 1.900000
v 0.000000 1.600000 1.900000
v 0.000000 1.760000 1.900000
v 0.000000 2.080000 1.900000
v 0.100000 0.640000 1.900000
v 0.100000 0.800000 1.900000
v 0.100000 0.880000 1.900000
v 0.100000 1.120000 1.900000
v 0.200000 0.640000 1.900000
v 0.200000 0.800000 1.900000
v 0.200000 0.880000 1.900000
v 0.200000 1.120000 1.900000
v 0.200000 1.360000 1.900000
v 0.300000 0.800000 1.900000
v 0.300000 0.880000 1.900000
v 0.300000 1.120000 1.900000
v 0.300000 1.360000 1.900000
v 0.300000 1.600000 1.900000
v 0.300000 1.760000 1.900000
v 0.300000 2.080000 1.900000
v 0.400000 0.640000 1.900000
v 0.400000 0.720000 1.900000
v 0.400000 0.800000 1.900000
v 0.400000 1.600000 1.900000
v 0.400000 1.680000 1.900000
v 0.400000 2.320000 1.900000
v 0.400000 2.400000 1.900000
v 0.500000 0.720000 1.900000
v 0.500000 1.360000 1.900000
v 0.500000 1.600000 1.900000
v 0.500000 1.680000 1.900000
v 0.500000 1.760000 1.900000
v 0.500000 2.080000 1.900000
v 0.500000 2.240000 1.900000
v 0.500000 2.320000 1.900000
v 0.500000 2.400000 1.900000
v 0.500000 2.480000 1.900000
v 0.600000 1.680000 1.900000
v 0.600000 1.760000 1.900000
v 0.600000 1.840000 1.900000
v 0.600000 2.240000 1.900000
v 0.600000 2.400000 1.900000
v 0.700000 1.840000 1.900000
v 0.700000 2.240000 1.900000
v 2.300000 1.280000 1.900000
v 2.300000 1.520000 1.900000
v 2.400000 1.280000 1.900000
v 2.400000 1.520000 1.900000
v 2.400000 1.600000 1.900000
v 2.500000 1.520000 1.900000
v 2.500000 1.600000 1.900000
v 2.500000 1.680000 1.900000
v 2.500000 1.760000 1.900000
v 2.600000 1.680000 1.900000
v 2.600000 1.760000 1.900000
v 2.700000 1.920000 1.900000
v 2.700000 2.000000 1.900000
v 2.800000 2.000000 1.900000
v 2.800000 2.080000 1.900000
v 2.900000 1.920000 1.900000
v 2.900000 2.000000 1.900000
v 2.900000 2.240000 1.900000
v 2.900000 2.320000 1.900000
v 3.000000 2.000000 1.900000
v 3.000000 2.080000 1.900000
v 3.000000 2.160000 1.900000
v 3.100000 2.000000 1.900000
v 3.100000 2.080000 1.900000
v 3.100000 2.160000 1.900000
v 3.200000 1.920000 1.900000
v 3.200000 2.000000 1.900000
v 3.200000 2.240000 1.900000
v 3.200000 2.320000 1.900000
v 3.300000 2.000000 1.900000
v 3.300000 2.080000 1.900000
v 3.400000 1.920000 1.900000
v 3.400000 2.000000 1.900000
v 3.500000 1.680000 1.900000
v 3.500000 1.760000 1.900000
v 3.600000 1.520000 1.900000
v 3.600000 1.600000 1.900000
v 3.600000 1.680000 1.900000
v 3.600000 1.760000 1.900000
v 3.700000 1.280000 1.900000
v 3.700000 1.520000 1.900000
v 3.700000 1.600000 1.900000
v 3.800000 1.280000 1.900000
v 3.800000 1.520000 1.900000
v -0.400000 1.760000 1.800000
v -0.400000 1.840000 1.800000
v -0.400000 2.240000 1.800000
v -0.400000 2.400000 1.800000
v -0.300000 0.720000 1.800000
v -0.300000 1.280000 1.800000
v -0.300000 1.600000 1.800000
v -0.300000 1.680000 1.800000
v -0.300000 1.760000 1.800000
v -0.300000 1.840000 1.800000
v -0.300000 2.240000 1.800000
v -0.300000 2.400000 1.800000
v -0.300000 2.480000 1.800000
v -0.200000 0.720000 1.800000
v -0.200000 1.280000 1.800000
v -0.200000 1.360000 1.800000
v -0.200000 1.440000 1.800000
v -0.200000 1.600000 1.800000
v -0.200000 1.680000 1.800000
v -0.200000 2.400000 1.800000
v -0.200000 2.480000 1.800000
v -0.100000 1.360000 1.800000
v -0.100000 1.440000 1.800000
v -0.100000 1.600000 1.800000
v 0.000000 0.800000 1.800000
v 0.000000 0.880000 1.800000
v 0.000000 1.440000 1.800000
v 0.000000 1.600000 1.800000
v 0.000000 2.480000 1.800000
v 0.000000 2.560000 1.800000
v 0.100000 0.800000 1.800000
v 0.100000 0.880000 1.800000
v 0.100000 1.120000 1.800000
v 0.200000 0.800000 1.800000
v 0.200000 0.880000 1.800000
v 0.200000 1.120000 1.800000
v 0.200000 1.360000 1.800000
v 0.300000 0.800000 1.800000
v 0.300000 0.880000 1.800000
v 0.300000 1.120000 1.800000
v 0.300000 1.360000 1.800000
v 0.300000 1.600000 1.800000
v 0.300000 2.480000 1.800000
v 0.300000 2.560000 1.800000
v 0.400000 1.360000 1.800000
v 0.400000 1.520000 1.800000
v 0.400000 1.600000 1.800000
v 0.500000 0.640000 1.800000
v 0.500000 0.720000 1.800000
v 0.500000 1.280000 1.800000
v 0.500000 1.360000 1.800000
v 0.500000 1.520000 1.800000
v 0.500000 1.600000 1.800000
v 0.500000 1.680000 1.800000
v 0.500000 2.400000 1.800000
v 0.500000 2.480000 1.800000
v 0.600000 0.640000 1.800000
v 0.600000 1.280000 1.800000
v 0.600000 1.600000 1.800000
v 0.600000 1.680000 1.800000
v 0.600000 1.760000 1.800000
v 0.600000 1.840000 1.800000
v 0.600000 2.240000 1.800000
v 0.600000 2.400000 1.800000
v 0.600000 2.480000 1.800000
v 0.700000 1.760000 1.800000
v 0.700000 1.840000 1.800000
v 0.700000 2.240000 1.800000
v 0.700000 2.400000 1.800000
v 2.200000 1.360000 1.800000
v 2.200000 1.520000 1.800000
v 2.300000 1.360000 1.800000
v 2.300000 1.520000 1.800000
v 2.300000 1.600000 1.800000
v 2.400000 1.520000 1.800000
v 2.400000 1.600000 1.800000
v 2.400000 1.760000 1.800000
v 2.500000 1.600000 1.800000
v 2.500000 1.760000 1.800000
v 2.500000 1.840000 1.800000
v 2.600000 1.760000 1.800000
v 2.600000 1.840000 1.800000
v 2.600000 1.920000 1.800000
v 2.700000 1.840000 1.800000
v 2.700000 1.920000 1.800000
v 2.700000 2.400000 1.800000
v 2.700000 2.800000 1.800000
v 2.800000 2.080000 1.800000
v 2.800000 2.160000 1.800000
v 2.800000 2.240000 1.800000
v 2.800000 2.320000 1.800000
v 2.800000 2.400000 1.800000
v 2.800000 2.640000 1.800000
v 2.800000 2.800000 1.800000
v 2.800000 2.880000 1.800000
v 2.900000 1.520000 1.800000
v 2.900000 1.760000 1.800000
v 2.900000 1.840000 1.800000
v 2.900000 2.160000 1.800000
v 2.900000 2.240000 1.800000
v 2.900000 2.320000 1.800000
v 3.000000 1.760000 1.800000
v 3.000000 1.840000 1.800000
v 3.000000 2.080000 1.800000
v 3.000000 2.160000 1.800000
v 3.000000 2.400000 1.800000
v 3.000000 2.640000 1.800000
v 3.100000 1.760000 1.800000
v 3.100000 1.840000 1.800000
v 3.100000 2.080000 1.800000
v 3.100000 2.160000 1.800000
v 3.100000 2.400000 1.800000
v 3.100000 2.640000 1.800000
v 3.200000 1.520000 1.800000
v 3.200000 1.760000 1.800000
v 3.200000 1.840000 1.800000
v 3.200000 2.160000 1.800000
v 3.200000 2.240000 1.800000
v 3.200000 2.320000 1.800000
v 3.300000 2.080000 1.800000
v 3.300000 2.160000 1.800000
v 3.300000 2.240000 1.800000
v 3.300000 2.320000 1.800000
v 3.300000 2.400000 1.800000
v 3.300000 2.640000 1.800000
v 3.300000 2.800000 1.800000
v 3.300000 2.880000 1.800000
v 3.400000 1.840000 1.800000
v 3.400000 1.920000 1.800000
v 3.400000 2.400000 1.800000
v 3.400000 2.800000 1.800000
v 3.500000 1.760000 1.800000
v 3.500000 1.840000 1.800000
v 3.500000 1.920000 1.800000
v 3.600000 1.600000 1.800000
v 3.600000 1.760000 1.800000
v 3.600000 1.840000 1.800000
v 3.700000 1.520000 1.800000
v 3.700000 1.600000 1.800000
v 3.700000 1.760000 1.800000
v 3.800000 1.360000 1.800000
v 3.800000 1.520000 1.800000
v 3.800000 1.600000 1.800000
v 3.900000 1.360000 1.800000
v 3.900000 1.520000 1.800000
v -0.500000 2.320000 1.700000
v -0.500000 2.960000 1.700000
v -0.400000 0.800000 1.700000
v -0.400000 1.200000 1.700000
v -0.400000 1.680000 1.700000
v -0.400000 1.760000 1.700000
v -0.400000 2.320000 1.700000
v -0.400000 2.400000 1.700000
v -0.400000 2.960000 1.700000
v -0.400000 3.040000 1.700000
v -0.300000 0.800000 1.700000
v -0.300000 1.200000 1.700000
v -0.300000 1.280000 1.700000
v -0.300000 1.360000 1.700000
v -0.300000 1.680000 1.700000
v -0.300000 1.760000 1.700000
v -0.300000 2.400000 1.700000
v -0.300000 2.480000 1.700000
v -0.300000 2.560000 1.700000
v -0.300000 2.800000 1.700000
v -0.200000 1.280000 1.700000
v -0.200000 1.360000 1.700000
v -0.200000 1.440000 1.700000
v -0.200000 1.520000 1.700000
v -0.200000 2.480000 1.700000
v -0.200000 2.560000 1.700000
v -0.200000 2.800000 1.700000
v -0.200000 2.880000 1.700000
v -0.100000 1.440000 1.700000
v -0.100000 1.520000 1.700000
v -0.100000 2.480000 1.700000
v -0.100000 2.560000 1.700000
v -0.100000 2.880000 1.700000
v -0.100000 3.040000 1.700000
v 0.000000 2.480000 1.700000
v 0.000000 2.560000 1.700000
v 0.300000 2.480000 1.700000
v 0.300000 2.560000 1.700000
v 0.400000 2.480000 1.700000
v 0.400000 2.560000 1.700000
v 0.400000 2.880000 1.700000
v 0.400000 3.040000 1.700000
v 0.500000 1.280000 1.700000
v 0.500000 1.360000 1.700000
v 0.500000 2.480000 1.700000
v 0.500000 2.560000 1.700000
v 0.500000 2.800000 1.700000
v 0.500000 2.880000 1.700000
v 0.600000 0.720000 1.700000
v 0.600000 1.200000 1.700000
v 0.600000 1.280000 1.700000
v 0.600000 1.360000 1.700000
v 0.600000 1.680000 1.700000
v 0.600000 1.760000 1.700000
v 0.600000 2.400000 1.700000
v 0.600000 2.480000 1.700000
v 0.600000 2.560000 1.700000
v 0.600000 2.800000 1.700000
v 0.700000 0.720000 1.700000
v 0.700000 1.200000 1.700000
v 0.700000 1.680000 1.700000
v 0.700000 1.760000 1.700000
v 0.700000 2.320000 1.700000
v 0.700000 2.400000 1.700000
v 0.700000 2.960000 1.700000
v 0.700000 3.040000 1.700000
v 0.800000 2.320000 1.700000
v 0.800000 2.960000 1.700000
v 2.100000 1.440000 1.700000
v 2.100000 1.600000 1.700000
v 2.200000 1.440000 1.700000
v 2.200000 1.520000 1.700000
v 2.200000 1.600000 1.700000
v 2.200000 1.680000 1.700000
v 2.300000 1.520000 1.700000
v 2.300000 1.600000 1.700000
v 2.300000 1.680000 1.700000
v 2.300000 1.760000 1.700000
v 2.400000 1.600000 1.700000
v 2.400000 1.760000 1.700000
v 2.400000 1.840000 1.700000
v 2.500000 1.760000 1.700000
v 2.500000 1.840000 1.700000
v 2.500000 1.920000 1.700000
v 2.600000 1.840000 1.700000
v 2.600000 1.920000 1.700000
v 2.600000 2.000000 1.700000
v 2.700000 1.920000 1.700000
v 2.700000 2.000000 1.700000
v 2.700000 2.080000 1.700000
v 2.700000 2.240000 1.700000
v 2.700000 2.320000 1.700000
v 2.700000 2.800000 1.700000
v 2.700000 2.960000 1.700000
v 2.800000 0.640000 1.700000
v 2.800000 0.800000 1.700000
v 2.800000 1.120000 1.700000
v 2.800000 1.680000 1.700000
v 2.800000 2.000000 1.700000
v 2.800000 2.080000 1.700000
v 2.800000 2.160000 1.700000
v 2.800000 2.240000 1.700000
v 2.800000 2.320000 1.700000
v 2.800000 2.400000 1.700000
v 2.800000 2.640000 1.700000
v 2.800000 2.800000 1.700000
v 2.800000 2.880000 1.700000
v 2.900000 1.520000 1.700000
v 2.900000 1.680000 1.700000
v 2.900000 1.840000 1.700000
v 2.900000 1.920000 1.700000
v 2.900000 2.160000 1.700000
v 2.900000 2.240000 1.700000
v 3.000000 0.640000 1.700000
v 3.000000 0.800000 1.700000
v 3.000000 1.120000 1.700000
v 3.000000 1.200000 1.700000
v 3.000000 1.840000 1.700000
v 3.000000 1.920000 1.700000
v 3.000000 2.400000 1.700000
v 3.000000 2.640000 1.700000
v 3.100000 0.640000 1.700000
v 3.100000 0.800000 1.700000
v 3.100000 1.120000 1.700000
v 3.100000 1.200000 1.700000
v 3.100000 1.840000 1.700000
v 3.100000 1.920000 1.700000
v 3.100000 2.400000 1.700000
v 3.100000 2.640000 1.700000
v 3.200000 1.520000 1.700000
v 3.200000 1.680000 1.700000
v 3.200000 1.840000 1.700000
v 3.200000 1.920000 1.700000
v 3.200000 2.160000 1.700000
v 3.200000 2.240000 1.700000
v 3.300000 0.640000 1.700000
v 3.300000 0.800000 1.700000
v 3.300000 1.120000 1.700000
v 3.300000 1.680000 1.700000
v 3.300000 2.000000 1.700000
v 3.300000 2.080000 1.700000
v 3.300000 2.160000 1.700000
v 3.300000 2.240000 1.700000
v 3.300000 2.320000 1.700000
v 3.300000 2.400000 1.700000
v 3.300000 2.640000 1.700000
v 3.300000 2.800000 1.700000
v 3.300000 2.880000 1.700000
v 3.400000 1.920000 1.700000
v 3.400000 2.000000 1.700000
v 3.400000 2.080000 1.700000
v 3.400000 2.240000 1.700000
v 3.400000 2.320000 1.700000
v 3.400000 2.800000 1.700000
v 3.400000 2.960000 1.700000
v 3.500000 1.840000 1.700000
v 3.500000 1.920000 1.700000
v 3.500000 2.000000 1.700000
v 3.600000 1.760000 1.700000
v 3.600000 1.840000 1.700000
v 3.600000 1.920000 1.700000
v 3.700000 1.600000 1.700000
v 3.700000 1.760000 1.700000
v 3.700000 1.840000 1.700000
v 3.800000 1.520000 1.700000
v 3.800000 1.600000 1.700000
v 3.800000 1.680000 1.700000
v 3.800000 1.760000 1.700000
v 3.900000 1.440000 1.700000
v 3.900000 1.520000 1.700000
v 3.900000 1.600000 1.700000
v 3.900000 1.680000 1.700000
v 4.000000 1.440000 1.700000
v 4.000000 1.600000 1.700000
v -0.200000 0.800000 1.600000
v -0.200000 0.960000 1.600000
v -0.100000 0.800000 1.600000
v -0.100000 0.960000 1.600000
v 0.000000 1.040000 1.600000
v 0.000000 1.360000 1.600000
v 0.100000 1.360000 1.600000
v 0.100000 1.600000 1.600000
v 0.200000 1.360000 1.600000
v 0.200000 1.600000 1.600000
v 0.300000 1.040000 1.600000
v 0.300000 1.360000 1.600000
v 0.400000 0.720000 1.600000
v 0.400000 0.800000 1.600000
v 0.400000 0.960000 1.600000
v 0.500000 0.640000 1.600000
v 0.500000 0.720000 1.600000
v 0.500000 0.960000 1.600000
v 0.600000 0.640000 1.600000
v 0.600000 0.720000 1.600000
v 2.100000 1.600000 1.600000
v 2.100000 1.680000 1.600000
v 2.200000 1.600000 1.600000
v 2.200000 1.680000 1.600000
v 2.200000 1.760000 1.600000
v 2.300000 1.680000 1.600000
v 2.300000 1.760000 1.600000
v 2.300000 1.840000 1.600000
v 2.400000 1.760000 1.600000
v 2.400000 1.840000 1.600000
v 2.400000 1.920000 1.600000
v 2.500000 1.840000 1.600000
v 2.500000 1.920000 1.600000
v 2.500000 2.000000 1.600000
v 2.600000 1.920000 1.600000
v 2.600000 2.000000 1.600000
v 2.600000 2.080000 1.600000
v 2.600000 2.800000 1.600000
v 2.600000 3.040000 1.600000
v 2.700000 1.680000 1.600000
v 2.700000 1.840000 1.600000
v 2.700000 2.000000 1.600000
v 2.700000 2.080000 1.600000
v 2.700000 2.160000 1.600000
v 2.700000 2.800000 1.600000
v 2.700000 2.960000 1.600000
v 2.800000 0.800000 1.600000
v 2.800000 1.120000 1.600000
v 2.800000 1.680000 1.600000
v 2.800000 1.840000 1.600000
v 2.800000 1.920000 1.600000
v 2.800000 2.080000 1.600000
v 2.800000 2.160000 1.600000
v 2.900000 1.680000 1.600000
v 2.900000 1.920000 1.600000
v 3.000000 0.800000 1.600000
v 3.000000 1.120000 1.600000
v 3.000000 2.480000 1.600000
v 3.000000 2.560000 1.600000
v 3.000000 2.960000 1.600000
v 3.000000 3.040000 1.600000
v 3.100000 0.800000 1.600000
v 3.100000 1.120000 1.600000
v 3.100000 2.480000 1.600000
v 3.100000 2.560000 1.600000
v 3.100000 2.960000 1.600000
v 3.100000 3.040000 1.600000
v 3.200000 1.680000 1.600000
v 3.200000 1.920000 1.600000
v 3.300000 0.800000 1.600000
v 3.300000 1.120000 1.600000
v 3.300000 1.680000 1.600000
v 3.300000 1.840000 1.600000
v 3.300000 1.920000 1.600000
v 3.300000 2.080000 1.600000
v 3.300000 2.160000 1.600000
v 3.400000 1.680000 1.600000
v 3.400000 1.840000 1.600000
v 3.400000 2.000000 1.600000
v 3.400000 2.080000 1.600000
v 3.400000 2.160000 1.600000
v 3.400000 2.800000 1.600000
v 3.400000 2.960000 1.600000
v 3.500000 1.920000 1.600000
v 3.500000 2.000000 1.600000
v 3.500000 2.080000 1.600000
v 3.500000 2.800000 1.600000
v 3.500000 3.040000 1.600000
v 3.600000 1.840000 1.600000
v 3.600000 1.920000 1.600000
v 3.600000 2.000000 1.600000
v 3.700000 1.760000 1.600000
v 3.700000 1.840000 1.600000
v 3.700000 1.920000 1.600000
v 3.800000 1.680000 1.600000
v 3.800000 1.760000 1.600000
v 3.800000 1.840000 1.600000
v 3.900000 1.600000 1.600000
v 3.900000 1.680000 1.600000
v 3.900000 1.760000 1.600000
v 4.000000 1.600000 1.600000
v 4.000000 1.680000 1.600000
v 2.600000 2.720000 1.500000
v 2.600000 2.800000 1.500000
v 2.600000 3.040000 1.500000
v 2.600000 3.120000 1.500000
v 2.700000 2.720000 1.500000
v 2.700000 2.800000 1.500000
v 2.800000 2.560000 1.500000
v 2.800000 2.640000 1.500000
v 2.900000 1.520000 1.500000
v 2.900000 1.600000 1.500000
v 2.900000 2.560000 1.500000
v 2.900000 2.640000 1.500000
v 2.900000 3.040000 1.500000
v 2.900000 3.120000 1.500000
v 3.000000 1.520000 1.500000
v 3.000000 1.600000 1.500000
v 3.000000 2.960000 1.500000
v 3.000000 3.040000 1.500000
v 3.100000 1.520000 1.500000
v 3.100000 1.600000 1.500000
v 3.100000 2.960000 1.500000
v 3.100000 3.040000 1.500000
v 3.200000 1.520000 1.500000
v 3.200000 1.600000 1.500000
v 3.200000 2.560000 1.500000
v 3.200000 2.640000 1.500000
v 3.200000 3.040000 1.500000
v 3.200000 3.120000 1.500000
v 3.300000 2.560000 1.500000
v 3.300000 2.640000 1.500000
v 3.400000 2.720000 1.500000
v 3.400000 2.800000 1.500000
v 3.500000 2.720000 1.500000
v 3.500000 2.800000 1.500000
v 3.500000 3.040000 1.500000
v 3.500000 3.120000 1.500000
v 0.100000 0.720000 1.400000
v 0.100000 0.880000 1.400000
v 0.200000 0.720000 1.400000
v 0.200000 0.880000 1.400000
v 2.300000 1.520000 1.400000
v 2.300000 1.600000 1.400000
v 2.400000 1.520000 1.400000
v 2.400000 1.600000 1.400000
v 2.400000 1.680000 1.400000
v 2.500000 1.600000 1.400000
v 2.500000 1.680000 1.400000
v 2.500000 1.760000 1.400000
v 2.600000 1.680000 1.400000
v 2.600000 1.760000 1.400000
v 2.600000 3.120000 1.400000
v 2.600000 3.200000 1.400000
v 2.700000 2.800000 1.400000
v 2.700000 2.880000 1.400000
v 2.800000 2.640000 1.400000
v 2.800000 2.720000 1.400000
v 2.800000 2.800000 1.400000
v 2.800000 2.880000 1.400000
v 2.900000 2.560000 1.400000
v 2.900000 2.640000 1.400000
v 2.900000 2.720000 1.400000
v 2.900000 3.040000 1.400000
v 2.900000 3.120000 1.400000
v 2.900000 3.200000 1.400000
v 3.000000 2.560000 1.400000
v 3.000000 2.640000 1.400000
v 3.000000 3.040000 1.400000
v 3.000000 3.120000 1.400000
v 3.100000 2.560000 1.400000
v 3.100000 2.640000 1.400000
v 3.100000 3.040000 1.400000
v 3.100000 3.120000 1.400000
v 3.200000 2.560000 1.400000
v 3.200000 2.640000 1.400000
v 3.200000 2.720000 1.400000
v 3.200000 3.040000 1.400000
v 3.200000 3.120000 1.400000
v 3.200000 3.200000 1.400000
v 3.300000 2.640000 1.400000
v 3.300000 2.720000 1.400000
v 3.300000 2.800000 1.400000
v 3.300000 2.880000 1.400000
v 3.400000 2.800000 1.400000
v 3.400000 2.880000 1.400000
v 3.500000 1.680000 1.400000
v 3.500000 1.760000 1.400000
v 3.500000 3.120000 1.400000
v 3.500000 3.200000 1.400000
v 3.600000 1.600000 1.400000
v 3.600000 1.680000 1.400000
v 3.600000 1.760000 1.400000
v 3.700000 1.520000 1.400000
v 3.700000 1.600000 1.400000
v 3.700000 1.680000 1.400000
v 3.800000 1.520000 1.400000
v 3.800000 1.600000 1.400000
v 2.400000 1.520000 1.300000
v 2.400000 1.600000 1.300000
v 2.500000 1.520000 1.300000
v 2.500000 1.600000 1.300000
v 2.600000 1.760000 1.300000
v 2.600000 1.840000 1.300000
v 2.600000 3.200000 1.300000
v 2.600000 3.280000 1.300000
v 2.700000 1.760000 1.300000
v 2.700000 1.840000 1.300000
v 2.700000 1.920000 1.300000
v 2.700000 2.880000 1.300000
v 2.700000 2.960000 1.300000
v 2.800000 1.840000 1.300000
v 2.800000 1.920000 1.300000
v 2.800000 2.000000 1.300000
v 2.800000 2.720000 1.300000
v 2.800000 2.800000 1.300000
v 2.800000 2.880000 1.300000
v 2.800000 2.960000 1.300000
v 2.800000 3.200000 1.300000
v 2.800000 3.280000 1.300000
v 2.900000 1.920000 1.300000
v 2.900000 2.000000 1.300000
v 2.900000 2.080000 1.300000
v 2.900000 2.640000 1.300000
v 2.900000 2.720000 1.300000
v 2.900000 2.800000 1.300000
v 3.000000 2.000000 1.300000
v 3.000000 2.080000 1.300000
v 3.000000 2.560000 1.300000
v 3.000000 2.640000 1.300000
v 3.000000 2.720000 1.300000
v 3.100000 2.000000 1.300000
v 3.100000 2.080000 1.300000
v 3.100000 2.560000 1.300000
v 3.100000 2.640000 1.300000
v 3.100000 2.720000 1.300000
v 3.200000 1.920000 1.300000
v 3.200000 2.000000 1.300000
v 3.200000 2.080000 1.300000
v 3.200000 2.640000 1.300000
v 3.200000 2.720000 1.300000
v 3.200000 2.800000 1.300000
v 3.300000 1.840000 1.300000
v 3.300000 1.920000 1.300000
v 3.300000 2.000000 1.300000
v 3.300000 2.720000 1.300000
v 3.300000 2.800000 1.300000
v 3.300000 2.880000 1.300000
v 3.300000 2.960000 1.300000
v 3.300000 3.200000 1.300000
v 3.300000 3.280000 1.300000
v 3.400000 1.760000 1.300000
v 3.400000 1.840000 1.300000
v 3.400000 1.920000 1.300000
v 3.400000 2.880000 1.300000
v 3.400000 2.960000 1.300000
v 3.500000 1.760000 1.300000
v 3.500000 1.840000 1.300000
v 3.500000 3.200000 1.300000
v 3.500000 3.280000 1.300000
v 3.600000 1.520000 1.300000
v 3.600000 1.600000 1.300000
v 3.700000 1.520000 1.300000
v 3.700000 1.600000 1.300000
v 2.500000 1.520000 1.200000
v 2.500000 1.680000 1.200000
v 2.600000 1.520000 1.200000
v 2.600000 1.680000 1.200000
v 2.600000 3.280000 1.200000
v 2.600000 3.360000 1.200000
v 2.700000 3.360000 1.200000
v 2.700000 3.440000 1.200000
v 2.800000 1.840000 1.200000
v 2.800000 1.920000 1.200000
v 2.800000 2.800000 1.200000
v 2.800000 2.880000 1.200000
v 2.800000 3.280000 1.200000
v 2.800000 3.440000 1.200000
v 2.900000 1.920000 1.200000
v 2.900000 2.000000 1.200000
v 2.900000 2.720000 1.200000
v 2.900000 2.800000 1.200000
v 2.900000 2.880000 1.200000
v 3.000000 1.840000 1.200000
v 3.000000 1.920000 1.200000
v 3.000000 2.640000 1.200000
v 3.000000 2.720000 1.200000
v 3.100000 1.840000 1.200000
v 3.100000 1.920000 1.200000
v 3.100000 2.640000 1.200000
v 3.100000 2.720000 1.200000
v 3.200000 1.920000 1.200000
v 3.200000 2.000000 1.200000
v 3.200000 2.720000 1.200000
v 3.200000 2.800000 1.200000
v 3.200000 2.880000 1.200000
v 3.300000 1.840000 1.200000
v 3.300000 1.920000 1.200000
v 3.300000 2.800000 1.200000
v 3.300000 2.880000 1.200000
v 3.300000 3.280000 1.200000
v 3.300000 3.440000 1.200000
v 3.400000 3.360000 1.200000
v 3.400000 3.440000 1.200000
v 3.500000 1.520000 1.200000
v 3.500000 1.680000 1.200000
v 3.500000 3.280000 1.200000
v 3.500000 3.360000 1.200000
v 3.600000 1.520000 1.200000
v 3.600000 1.680000 1.200000
v 2.600000 1.680000 1.100000
v 2.600000 1.760000 1.100000
v 2.600000 3.360000 1.100000
v 2.600000 3.440000 1.100000
v 2.700000 1.760000 1.100000
v 2.700000 1.840000 1.100000
v 2.700000 2.960000 1.100000
v 2.700000 3.120000 1.100000
v 2.700000 3.360000 1.100000
v 2.700000 3.440000 1.100000
v 2.700000 3.520000 1.100000
v 2.800000 1.680000 1.100000
v 2.800000 1.760000 1.100000
v 2.800000 2.880000 1.100000
v 2.800000 2.960000 1.100000
v 2.800000 3.040000 1.100000
v 2.800000 3.120000 1.100000
v 2.800000 3.440000 1.100000
v 2.800000 3.520000 1.100000
v 2.900000 2.800000 1.100000
v 2.900000 2.880000 1.100000
v 2.900000 2.960000 1.100000
v 2.900000 3.040000 1.100000
v 3.000000 1.760000 1.100000
v 3.000000 1.840000 1.100000
v 3.000000 1.920000 1.100000
v 3.100000 1.760000 1.100000
v 3.100000 1.840000 1.100000
v 3.100000 1.920000 1.100000
v 3.200000 2.800000 1.100000
v 3.200000 2.880000 1.100000
v 3.200000 2.960000 1.100000
v 3.200000 3.040000 1.100000
v 3.300000 1.680000 1.100000
v 3.300000 1.760000 1.100000
v 3.300000 2.880000 1.100000
v 3.300000 2.960000 1.100000
v 3.300000 3.040000 1.100000
v 3.300000 3.120000 1.100000
v 3.300000 3.440000 1.100000
v 3.300000 3.520000 1.100000
v 3.400000 1.760000 1.100000
v 3.400000 1.840000 1.100000
v 3.400000 2.960000 1.100000
v 3.400000 3.120000 1.100000
v 3.400000 3.360000 1.100000
v 3.400000 3.440000 1.100000
v 3.400000 3.520000 1.100000
v 3.500000 1.680000 1.100000
v 3.500000 1.760000 1.100000
v 3.500000 3.360000 1.100000
v 3.500000 3.440000 1.100000
v 2.600000 1.520000 1.000000
v 2.600000 1.680000 1.000000
v 2.700000 3.120000 1.000000
v 2.700000 3.200000 1.000000
v 2.700000 3.520000 1.000000
v 2.700000 3.600000 1.000000
v 2.800000 1.680000 1.000000
v 2.800000 1.760000 1.000000
v 2.800000 3.120000 1.000000
v 2.800000 3.200000 1.000000
v 2.800000 3.520000 1.000000
v 2.800000 3.600000 1.000000
v 2.900000 1.520000 1.000000
v 2.900000 1.600000 1.000000
v 3.000000 1.600000 1.000000
v 3.000000 1.680000 1.000000
v 3.000000 1.760000 1.000000
v 3.000000 1.840000 1.000000
v 3.100000 1.600000 1.000000
v 3.100000 1.680000 1.000000
v 3.100000 1.760000 1.000000
v 3.100000 1.840000 1.000000
v 3.200000 1.520000 1.000000
v 3.200000 1.600000 1.000000
v 3.300000 1.680000 1.000000
v 3.300000 1.760000 1.000000
v 3.300000 3.120000 1.000000
v 3.300000 3.200000 1.000000
v 3.300000 3.520000 1.000000
v 3.300000 3.600000 1.000000
v 3.400000 3.120000 1.000000
v 3.400000 3.200000 1.000000
v 3.400000 3.520000 1.000000
v 3.400000 3.600000 1.000000
v 3.500000 1.520000 1.000000
v 3.500000 1.680000 1.000000
v 2.900000 1.440000 0.900000
v 2.900000 1.520000 0.900000
v 2.900000 1.600000 0.900000
v 3.000000 1.600000 0.900000
v 3.000000 1.680000 0.900000
v 3.100000 1.600000 0.900000
v 3.100000 1.680000 0.900000
v 3.200000 1.440000 0.900000
v 3.200000 1.520000 0.900000
v 3.200000 1.600000 0.900000
v 3.000000 1.200000 2.200000
v 3.000000 1.440000 2.200000
v 3.100000 1.200000 2.200000
v 3.100000 1.440000 2.200000
v 2.700000 1.200000 2.100000
v 2.700000 1.360000 2.100000
v 2.800000 1.360000 2.100000
v 2.800000 1.440000 2.100000
v 2.900000 1.440000 2.100000
v 2.900000 1.520000 2.100000
v 3.000000 1.200000 2.100000
v 3.000000 1.440000 2.100000
v 3.000000 1.520000 2.100000
v 3.000000 1.600000 2.100000
v 3.100000 1.200000 2.100000
v 3.100000 1.440000 2.100000
v 3.100000 1.520000 2.100000
v 3.100000 1.600000 2.100000
v 3.200000 1.440000 2.100000
v 3.200000 1.520000 2.100000
v 3.300000 1.360000 2.100000
v 3.300000 1.440000 2.100000
v 3.400000 1.200000 2.100000
v 3.400000 1.360000 2.100000
v 2.600000 1.200000 2.000000
v 2.600000 1.520000 2.000000
v 2.700000 1.200000 2.000000
v 2.700000 1.360000 2.000000
v 2.700000 1.520000 2.000000
v 2.700000 1.600000 2.000000
v 2.800000 1.360000 2.000000
v 2.800000 1.440000 2.000000
v 2.900000 1.440000 2.000000
v 2.900000 1.520000 2.000000
v 2.900000 1.600000 2.000000
v 2.900000 1.680000 2.000000
v 3.000000 1.520000 2.000000
v 3.000000 1.600000 2.000000
v 3.000000 1.680000 2.000000
v 3.000000 1.760000 2.000000
v 3.100000 1.520000 2.000000
v 3.100000 1.600000 2.000000
v 3.100000 1.680000 2.000000
v 3.100000 1.760000 2.000000
v 3.200000 1.440000 2.000000
v 3.200000 1.520000 2.000000
v 3.200000 1.600000 2.000000
v 3.200000 1.680000 2.000000
v 3.300000 1.360000 2.000000
v 3.300000 1.440000 2.000000
v 3.400000 1.200000 2.000000
v 3.400000 1.360000 2.000000
v 3.400000 1.520000 2.000000
v 3.400000 1.600000 2.000000
v 3.500000 1.200000 2.000000
v 3.500000 1.520000 2.000000
v 2.400000 1.200000 1.900000
v 2.400000 1.280000 1.900000
v 2.500000 1.280000 1.900000
v 2.500000 1.440000 1.900000
v 2.600000 1.200000 1.900000
v 2.600000 1.440000 1.900000
v 2.600000 1.520000 1.900000
v 2.600000 1.600000 1.900000
v 2.700000 1.520000 1.900000
v 2.700000 1.600000 1.900000
v 2.700000 1.680000 1.900000
v 2.800000 1.680000 1.900000
v 2.800000 1.760000 1.900000
v 2.900000 1.600000 1.900000
v 2.900000 1.680000 1.900000
v 2.900000 1.760000 1.900000
v 2.900000 1.840000 1.900000
v 3.000000 1.680000 1.900000
v 3.000000 1.760000 1.900000
v 3.100000 1.680000 1.900000
v 3.100000 1.760000 1.900000
v 3.200000 1.600000 1.900000
v 3.200000 1.680000 1.900000
v 3.200000 1.760000 1.900000
v 3.200000 1.840000 1.900000
v 3.300000 1.680000 1.900000
v 3.300000 1.760000 1.900000
v 3.400000 1.520000 1.900000
v 3.400000 1.600000 1.900000
v 3.400000 1.680000 1.900000
v 3.500000 1.200000 1.900000
v 3.500000 1.440000 1.900000
v 3.500000 1.520000 1.900000
v 3.500000 1.600000 1.900000
v 3.600000 1.280000 1.900000
v 3.600000 1.440000 1.900000
v 3.700000 1.200000 1.900000
v 3.700000 1.280000 1.900000
v 2.500000 1.440000 1.800000
v 2.500000 1.520000 1.800000
v 2.600000 1.440000 1.800000
v 2.600000 1.520000 1.800000
v 2.700000 1.680000 1.800000
v 2.700000 1.760000 1.800000
v 2.800000 1.680000 1.800000
v 2.800000 1.760000 1.800000
v 2.800000 1.840000 1.800000
v 2.900000 1.760000 1.800000
v 2.900000 1.840000 1.800000
v 2.900000 1.920000 1.800000
v 3.000000 1.840000 1.800000
v 3.000000 1.920000 1.800000
v 3.100000 1.840000 1.800000
v 3.100000 1.920000 1.800000
v 3.200000 1.760000 1.800000
v 3.200000 1.840000 1.800000
v 3.200000 1.920000 1.800000
v 3.300000 1.680000 1.800000
v 3.300000 1.760000 1.800000
v 3.300000 1.840000 1.800000
v 3.400000 1.680000 1.800000
v 3.400000 1.760000 1.800000
v 3.500000 1.440000 1.800000
v 3.500000 1.520000 1.800000
v 3.600000 1.440000 1.800000
v 3.600000 1.520000 1.800000
v -0.200000 0.720000 1.700000
v -0.200000 0.960000 1.700000
v -0.100000 0.720000 1.700000
v -0.100000 0.800000 1.700000
v -0.100000 0.960000 1.700000
v 0.000000 1.040000 1.700000
v 0.000000 1.360000 1.700000
v 0.100000 1.040000 1.700000
v 0.100000 1.360000 1.700000
v 0.100000 1.600000 1.700000
v 0.200000 1.360000 1.700000
v 0.200000 1.600000 1.700000
v 0.300000 1.040000 1.700000
v 0.300000 1.360000 1.700000
v 0.400000 0.720000 1.700000
v 0.400000 0.800000 1.700000
v 0.400000 0.960000 1.700000
v 0.500000 0.640000 1.700000
v 0.500000 0.720000 1.700000
v 0.500000 0.960000 1.700000
v 0.600000 0.640000 1.700000
v 0.600000 0.720000 1.700000
v 2.300000 1.280000 1.700000
v 2.300000 1.360000 1.700000
v 2.400000 1.360000 1.700000
v 2.400000 1.520000 1.700000
v 2.500000 1.280000 1.700000
v 2.500000 1.520000 1.700000
v 2.500000 1.600000 1.700000
v 2.600000 1.520000 1.700000
v 2.600000 1.600000 1.700000
v 2.600000 1.680000 1.700000
v 2.700000 1.600000 1.700000
v 2.700000 1.680000 1.700000
v 2.700000 1.760000 1.700000
v 2.700000 1.840000 1.700000
v 2.800000 1.760000 1.700000
v 2.800000 1.840000 1.700000
v 2.800000 1.920000 1.700000
v 2.900000 1.840000 1.700000
v 2.900000 1.920000 1.700000
v 2.900000 2.640000 1.700000
v 2.900000 2.800000 1.700000
v 3.000000 2.480000 1.700000
v 3.000000 2.640000 1.700000
v 3.100000 2.480000 1.700000
v 3.100000 2.640000 1.700000
v 3.200000 1.840000 1.700000
v 3.200000 1.920000 1.700000
v 3.200000 2.640000 1.700000
v 3.200000 2.800000 1.700000
v 3.300000 1.760000 1.700000
v 3.300000 1.840000 1.700000
v 3.300000 1.920000 1.700000
v 3.400000 1.600000 1.700000
v 3.400000 1.680000 1.700000
v 3.400000 1.760000 1.700000
v 3.400000 1.840000 1.700000
v 3.500000 1.520000 1.700000
v 3.500000 1.600000 1.700000
v 3.500000 1.680000 1.700000
v 3.600000 1.280000 1.700000
v 3.600000 1.520000 1.700000
v 3.600000 1.600000 1.700000
v 3.700000 1.360000 1.700000
v 3.700000 1.520000 1.700000
v 3.800000 1.280000 1.700000
v 3.800000 1.360000 1.700000
v -0.400000 0.800000 1.600000
v -0.400000 1.200000 1.600000
v -0.300000 0.800000 1.600000
v -0.300000 1.200000 1.600000
v 0.600000 0.720000 1.600000
v 0.600000 1.200000 1.600000
v 0.700000 0.720000 1.600000
v 0.700000 1.200000 1.600000
v 2.200000 1.360000 1.600000
v 2.200000 1.440000 1.600000
v 2.300000 1.440000 1.600000
v 2.300000 1.600000 1.600000
v 2.400000 1.360000 1.600000
v 2.400000 1.520000 1.600000
v 2.400000 1.600000 1.600000
v 2.400000 1.680000 1.600000
v 2.500000 1.520000 1.600000
v 2.500000 1.600000 1.600000
v 2.500000 1.680000 1.600000
v 2.500000 1.760000 1.600000
v 2.600000 1.600000 1.600000
v 2.600000 1.680000 1.600000
v 2.600000 1.760000 1.600000
v 2.600000 1.840000 1.600000
v 2.700000 1.680000 1.600000
v 2.700000 1.840000 1.600000
v 2.800000 2.560000 1.600000
v 2.800000 2.640000 1.600000
v 2.800000 2.880000 1.600000
v 2.900000 1.520000 1.600000
v 2.900000 1.600000 1.600000
v 2.900000 2.640000 1.600000
v 2.900000 2.800000 1.600000
v 3.000000 1.520000 1.600000
v 3.000000 1.600000 1.600000
v 3.000000 2.560000 1.600000
v 3.000000 2.640000 1.600000
v 3.100000 1.520000 1.600000
v 3.100000 1.600000 1.600000
v 3.100000 2.560000 1.600000
v 3.100000 2.640000 1.600000
v 3.200000 1.520000 1.600000
v 3.200000 1.600000 1.600000
v 3.200000 2.640000 1.600000
v 3.200000 2.800000 1.600000
v 3.300000 2.560000 1.600000
v 3.300000 2.640000 1.600000
v 3.300000 2.880000 1.600000
v 3.400000 1.680000 1.600000
v 3.400000 1.840000 1.600000
v 3.500000 1.600000 1.600000
v 3.500000 1.680000 1.600000
v 3.500000 1.760000 1.600000
v 3.500000 1.840000 1.600000
v 3.600000 1.520000 1.600000
v 3.600000 1.600000 1.600000
v 3.600000 1.680000 1.600000
v 3.600000 1.760000 1.600000
v 3.700000 1.360000 1.600000
v 3.700000 1.520000 1.600000
v 3.700000 1.600000 1.600000
v 3.700000 1.680000 1.600000
v 3.800000 1.440000 1.600000
v 3.800000 1.600000 1.600000
v 3.900000 1.360000 1.600000
v 3.900000 1.440000 1.600000
v -0.500000 2.320000 1.500000
v -0.500000 2.960000 1.500000
v -0.400000 1.680000 1.500000
v -0.400000 1.760000 1.500000
v -0.400000 2.320000 1.500000
v -0.400000 2.400000 1.500000
v -0.400000 2.960000 1.500000
v -0.400000 3.040000 1.500000
v -0.300000 0.720000 1.500000
v -0.300000 1.360000 1.500000
v -0.300000 1.680000 1.500000
v -0.300000 1.760000 1.500000
v -0.300000 2.400000 1.500000
v -0.300000 2.480000 1.500000
v -0.300000 2.560000 1.500000
v -0.300000 2.800000 1.500000
v -0.200000 0.720000 1.500000
v -0.200000 0.800000 1.500000
v -0.200000 0.880000 1.500000
v -0.200000 1.360000 1.500000
v -0.200000 1.440000 1.500000
v -0.200000 1.520000 1.500000
v -0.200000 2.480000 1.500000
v -0.200000 2.560000 1.500000
v -0.200000 2.800000 1.500000
v -0.200000 2.880000 1.500000
v -0.100000 0.640000 1.500000
v -0.100000 0.720000 1.500000
v -0.100000 0.800000 1.500000
v -0.100000 0.880000 1.500000
v -0.100000 1.440000 1.500000
v -0.100000 1.520000 1.500000
v -0.100000 1.600000 1.500000
v -0.100000 2.480000 1.500000
v -0.100000 2.560000 1.500000
v -0.100000 2.880000 1.500000
v -0.100000 3.040000 1.500000
v 0.000000 0.720000 1.500000
v 0.000000 0.880000 1.500000
v 0.000000 1.520000 1.500000
v 0.000000 1.600000 1.500000
v 0.000000 2.480000 1.500000
v 0.000000 2.560000 1.500000
v 0.100000 0.640000 1.500000
v 0.100000 0.880000 1.500000
v 0.200000 0.640000 1.500000
v 0.200000 0.720000 1.500000
v 0.300000 0.720000 1.500000
v 0.300000 0.800000 1.500000
v 0.300000 1.520000 1.500000
v 0.300000 1.600000 1.500000
v 0.300000 2.480000 1.500000
v 0.300000 2.560000 1.500000
v 0.400000 0.640000 1.500000
v 0.400000 0.720000 1.500000
v 0.400000 0.800000 1.500000
v 0.400000 1.440000 1.500000
v 0.400000 1.520000 1.500000
v 0.400000 1.600000 1.500000
v 0.400000 2.480000 1.500000
v 0.400000 2.560000 1.500000
v 0.400000 2.880000 1.500000
v 0.400000 3.040000 1.500000
v 0.500000 0.640000 1.500000
v 0.500000 0.720000 1.500000
v 0.500000 1.360000 1.500000
v 0.500000 1.440000 1.500000
v 0.500000 1.520000 1.500000
v 0.500000 2.480000 1.500000
v 0.500000 2.560000 1.500000
v 0.500000 2.800000 1.500000
v 0.500000 2.880000 1.500000
v 0.600000 0.640000 1.500000
v 0.600000 1.360000 1.500000
v 0.600000 1.680000 1.500000
v 0.600000 1.760000 1.500000
v 0.600000 2.400000 1.500000
v 0.600000 2.480000 1.500000
v 0.600000 2.560000 1.500000
v 0.600000 2.800000 1.500000
v 0.700000 1.680000 1.500000
v 0.700000 1.760000 1.500000
v 0.700000 2.320000 1.500000
v 0.700000 2.400000 1.500000
v 0.700000 2.960000 1.500000
v 0.700000 3.040000 1.500000
v 0.800000 2.320000 1.500000
v 0.800000 2.960000 1.500000
v 2.100000 1.440000 1.500000
v 2.100000 1.520000 1.500000
v 2.300000 1.440000 1.500000
v 2.300000 1.520000 1.500000
v 2.700000 1.680000 1.500000
v 2.700000 1.840000 1.500000
v 2.700000 1.920000 1.500000
v 2.700000 2.800000 1.500000
v 2.700000 2.880000 1.500000
v 2.800000 0.640000 1.500000
v 2.800000 1.200000 1.500000
v 2.800000 1.680000 1.500000
v 2.800000 1.920000 1.500000
v 2.800000 2.800000 1.500000
v 2.800000 2.880000 1.500000
v 2.800000 2.960000 1.500000
v 3.000000 0.640000 1.500000
v 3.000000 1.200000 1.500000
v 3.100000 0.640000 1.500000
v 3.100000 1.200000 1.500000
v 3.300000 0.640000 1.500000
v 3.300000 1.200000 1.500000
v 3.300000 1.680000 1.500000
v 3.300000 1.920000 1.500000
v 3.300000 2.800000 1.500000
v 3.300000 2.880000 1.500000
v 3.300000 2.960000 1.500000
v 3.400000 1.680000 1.500000
v 3.400000 1.840000 1.500000
v 3.400000 1.920000 1.500000
v 3.400000 2.800000 1.500000
v 3.400000 2.880000 1.500000
v 3.800000 1.440000 1.500000
v 3.800000 1.520000 1.500000
v 4.000000 1.440000 1.500000
v 4.000000 1.520000 1.500000
v -0.400000 1.760000 1.400000
v -0.400000 1.840000 1.400000
v -0.400000 2.240000 1.400000
v -0.400000 2.400000 1.400000
v -0.300000 1.600000 1.400000
v -0.300000 1.680000 1.400000
v -0.300000 1.760000 1.400000
v -0.300000 1.840000 1.400000
v -0.300000 2.240000 1.400000
v -0.300000 2.320000 1.400000
v -0.300000 2.400000 1.400000
v -0.300000 2.480000 1.400000
v -0.200000 0.880000 1.400000
v -0.200000 1.440000 1.400000
v -0.200000 1.600000 1.400000
v -0.200000 1.680000 1.400000
v -0.200000 2.320000 1.400000
v -0.200000 2.400000 1.400000
v -0.100000 0.720000 1.400000
v -0.100000 0.880000 1.400000
v -0.100000 1.440000 1.400000
v -0.100000 1.520000 1.400000
v -0.100000 2.400000 1.400000
v -0.100000 2.480000 1.400000
v 0.000000 0.720000 1.400000
v 0.000000 0.880000 1.400000
v 0.000000 0.960000 1.400000
v 0.000000 1.440000 1.400000
v 0.000000 1.520000 1.400000
v 0.000000 1.600000 1.400000
v 0.000000 2.480000 1.400000
v 0.000000 2.560000 1.400000
v 0.100000 0.880000 1.400000
v 0.100000 0.960000 1.400000
v 0.200000 0.720000 1.400000
v 0.200000 0.880000 1.400000
v 0.300000 0.720000 1.400000
v 0.300000 0.800000 1.400000
v 0.300000 1.440000 1.400000
v 0.300000 1.520000 1.400000
v 0.300000 1.600000 1.400000
v 0.300000 2.480000 1.400000
v 0.300000 2.560000 1.400000
v 0.400000 0.720000 1.400000
v 0.400000 0.800000 1.400000
v 0.400000 0.880000 1.400000
v 0.400000 1.440000 1.400000
v 0.400000 1.520000 1.400000
v 0.400000 2.400000 1.400000
v 0.400000 2.480000 1.400000
v 0.500000 0.720000 1.400000
v 0.500000 1.440000 1.400000
v 0.500000 1.600000 1.400000
v 0.500000 1.680000 1.400000
v 0.500000 2.320000 1.400000
v 0.500000 2.400000 1.400000
v 0.600000 1.600000 1.400000
v 0.600000 1.680000 1.400000
v 0.600000 1.760000 1.400000
v 0.600000 1.840000 1.400000
v 0.600000 2.240000 1.400000
v 0.600000 2.320000 1.400000
v 0.600000 2.400000 1.400000
v 0.600000 2.480000 1.400000
v 0.700000 1.760000 1.400000
v 0.700000 1.840000 1.400000
v 0.700000 2.240000 1.400000
v 0.700000 2.400000 1.400000
v 2.100000 1.600000 1.400000
v 2.100000 1.680000 1.400000
v 2.200000 1.600000 1.400000
v 2.200000 1.680000 1.400000
v 2.300000 1.760000 1.400000
v 2.300000 1.840000 1.400000
v 2.400000 1.760000 1.400000
v 2.400000 1.840000 1.400000
v 2.400000 1.920000 1.400000
v 2.500000 1.840000 1.400000
v 2.500000 1.920000 1.400000
v 2.500000 2.000000 1.400000
v 2.600000 1.920000 1.400000
v 2.600000 2.000000 1.400000
v 2.600000 2.080000 1.400000
v 2.700000 2.000000 1.400000
v 2.700000 2.080000 1.400000
v 2.700000 2.160000 1.400000
v 2.700000 2.400000 1.400000
v 2.700000 2.560000 1.400000
v 2.700000 2.880000 1.400000
v 2.700000 2.960000 1.400000
v 2.800000 1.200000 1.400000
v 2.800000 1.920000 1.400000
v 2.800000 2.000000 1.400000
v 2.800000 2.080000 1.400000
v 2.800000 2.160000 1.400000
v 2.800000 2.240000 1.400000
v 2.800000 2.400000 1.400000
v 2.800000 2.560000 1.400000
v 2.800000 2.880000 1.400000
v 2.800000 2.960000 1.400000
v 2.800000 3.040000 1.400000
v 2.900000 2.000000 1.400000
v 2.900000 2.080000 1.400000
v 2.900000 2.160000 1.400000
v 2.900000 2.240000 1.400000
v 2.900000 2.960000 1.400000
v 2.900000 3.040000 1.400000
v 3.000000 1.920000 1.400000
v 3.000000 2.080000 1.400000
v 3.100000 1.920000 1.400000
v 3.100000 2.080000 1.400000
v 3.200000 2.000000 1.400000
v 3.200000 2.080000 1.400000
v 3.200000 2.160000 1.400000
v 3.200000 2.240000 1.400000
v 3.200000 2.960000 1.400000
v 3.200000 3.040000 1.400000
v 3.300000 1.200000 1.400000
v 3.300000 1.920000 1.400000
v 3.300000 2.000000 1.400000
v 3.300000 2.080000 1.400000
v 3.300000 2.160000 1.400000
v 3.300000 2.240000 1.400000
v 3.300000 2.400000 1.400000
v 3.300000 2.560000 1.400000
v 3.300000 2.880000 1.400000
v 3.300000 2.960000 1.400000
v 3.300000 3.040000 1.400000
v 3.400000 2.000000 1.400000
v 3.400000 2.080000 1.400000
v 3.400000 2.160000 1.400000
v 3.400000 2.400000 1.400000
v 3.400000 2.560000 1.400000
v 3.400000 2.880000 1.400000
v 3.400000 2.960000 1.400000
v 3.500000 1.920000 1.400000
v 3.500000 2.000000 1.400000
v 3.500000 2.080000 1.400000
v 3.600000 1.840000 1.400000
v 3.600000 1.920000 1.400000
v 3.600000 2.000000 1.400000
v 3.700000 1.760000 1.400000
v 3.700000 1.840000 1.400000
v 3.700000 1.920000 1.400000
v 3.800000 1.760000 1.400000
v 3.800000 1.840000 1.400000
v 3.900000 1.600000 1.400000
v 3.900000 1.680000 1.400000
v 4.000000 1.600000 1.400000
v 4.000000 1.680000 1.400000
v -0.400000 1.840000 1.300000
v -0.400000 2.240000 1.300000
v -0.300000 1.680000 1.300000
v -0.300000 1.760000 1.300000
v -0.300000 1.840000 1.300000
v -0.300000 2.240000 1.300000
v -0.300000 2.320000 1.300000
v -0.200000 1.600000 1.300000
v -0.200000 1.680000 1.300000
v -0.200000 1.760000 1.300000
v -0.200000 2.240000 1.300000
v -0.200000 2.320000 1.300000
v -0.200000 2.400000 1.300000
v -0.100000 0.880000 1.300000
v -0.100000 1.440000 1.300000
v -0.100000 1.600000 1.300000
v -0.100000 1.680000 1.300000
v -0.100000 2.320000 1.300000
v -0.100000 2.400000 1.300000
v -0.100000 2.480000 1.300000
v 0.000000 0.880000 1.300000
v 0.000000 0.960000 1.300000
v 0.000000 1.440000 1.300000
v 0.000000 1.520000 1.300000
v 0.100000 0.720000 1.300000
v 0.100000 0.960000 1.300000
v 0.200000 0.720000 1.300000
v 0.200000 0.880000 1.300000
v 0.300000 1.440000 1.300000
v 0.300000 1.520000 1.300000
v 0.400000 0.880000 1.300000
v 0.400000 1.440000 1.300000
v 0.400000 1.600000 1.300000
v 0.400000 1.680000 1.300000
v 0.400000 2.320000 1.300000
v 0.400000 2.400000 1.300000
v 0.400000 2.480000 1.300000
v 0.500000 1.600000 1.300000
v 0.500000 1.680000 1.300000
v 0.500000 1.760000 1.300000
v 0.500000 2.240000 1.300000
v 0.500000 2.320000 1.300000
v 0.500000 2.400000 1.300000
v 0.600000 1.680000 1.300000
v 0.600000 1.760000 1.300000
v 0.600000 1.840000 1.300000
v 0.600000 2.240000 1.300000
v 0.600000 2.320000 1.300000
v 0.700000 1.840000 1.300000
v 0.700000 2.240000 1.300000
v 2.100000 1.520000 1.300000
v 2.100000 1.600000 1.300000
v 2.200000 1.600000 1.300000
v 2.200000 1.760000 1.300000
v 2.300000 1.520000 1.300000
v 2.300000 1.760000 1.300000
v 2.700000 2.240000 1.300000
v 2.700000 2.320000 1.300000
v 2.700000 2.960000 1.300000
v 2.700000 3.040000 1.300000
v 2.800000 2.080000 1.300000
v 2.800000 2.160000 1.300000
v 2.800000 2.240000 1.300000
v 2.800000 2.320000 1.300000
v 2.800000 2.560000 1.300000
v 2.800000 2.960000 1.300000
v 2.800000 3.040000 1.300000
v 2.900000 2.080000 1.300000
v 2.900000 2.160000 1.300000
v 2.900000 2.240000 1.300000
v 2.900000 2.480000 1.300000
v 2.900000 2.560000 1.300000
v 3.000000 1.920000 1.300000
v 3.000000 2.000000 1.300000
v 3.100000 1.920000 1.300000
v 3.100000 2.000000 1.300000
v 3.200000 2.080000 1.300000
v 3.200000 2.160000 1.300000
v 3.200000 2.240000 1.300000
v 3.200000 2.480000 1.300000
v 3.200000 2.560000 1.300000
v 3.300000 2.080000 1.300000
v 3.300000 2.160000 1.300000
v 3.300000 2.240000 1.300000
v 3.300000 2.320000 1.300000
v 3.300000 2.560000 1.300000
v 3.300000 2.960000 1.300000
v 3.300000 3.040000 1.300000
v 3.400000 2.240000 1.300000
v 3.400000 2.320000 1.300000
v 3.400000 2.960000 1.300000
v 3.400000 3.040000 1.300000
v 3.800000 1.520000 1.300000
v 3.800000 1.760000 1.300000
v 3.900000 1.600000 1.300000
v 3.900000 1.760000 1.300000
v 4.000000 1.520000 1.300000
v 4.000000 1.600000 1.300000
v -0.300000 1.760000 1.200000
v -0.300000 2.240000 1.200000
v -0.200000 1.680000 1.200000
v -0.200000 1.760000 1.200000
v -0.200000 2.240000 1.200000
v -0.200000 2.320000 1.200000
v -0.100000 1.600000 1.200000
v -0.100000 1.680000 1.200000
v -0.100000 1.760000 1.200000
v -0.100000 2.240000 1.200000
v -0.100000 2.320000 1.200000
v -0.100000 2.400000 1.200000
v 0.400000 1.600000 1.200000
v 0.400000 1.680000 1.200000
v 0.400000 1.760000 1.200000
v 0.400000 2.240000 1.200000
v 0.400000 2.320000 1.200000
v 0.400000 2.400000 1.200000
v 0.500000 1.680000 1.200000
v 0.500000 1.760000 1.200000
v 0.500000 2.240000 1.200000
v 0.500000 2.320000 1.200000
v 0.600000 1.760000 1.200000
v 0.600000 2.240000 1.200000
v 2.300000 1.520000 1.200000
v 2.300000 1.760000 1.200000
v 2.400000 1.520000 1.200000
v 2.400000 1.760000 1.200000
v 2.400000 1.840000 1.200000
v 2.500000 1.760000 1.200000
v 2.500000 1.840000 1.200000
v 2.600000 1.920000 1.200000
v 2.600000 2.000000 1.200000
v 2.600000 2.720000 1.200000
v 2.600000 2.800000 1.200000
v 2.700000 1.920000 1.200000
v 2.700000 2.000000 1.200000
v 2.700000 2.080000 1.200000
v 2.700000 2.560000 1.200000
v 2.700000 2.640000 1.200000
v 2.700000 2.720000 1.200000
v 2.700000 2.800000 1.200000
v 2.700000 3.040000 1.200000
v 2.700000 3.200000 1.200000
v 2.800000 2.000000 1.200000
v 2.800000 2.080000 1.200000
v 2.800000 2.240000 1.200000
v 2.800000 2.320000 1.200000
v 2.800000 3.040000 1.200000
v 2.800000 3.200000 1.200000
v 2.900000 2.080000 1.200000
v 2.900000 2.160000 1.200000
v 2.900000 2.480000 1.200000
v 2.900000 2.560000 1.200000
v 2.900000 2.640000 1.200000
v 3.200000 2.080000 1.200000
v 3.200000 2.160000 1.200000
v 3.200000 2.480000 1.200000
v 3.200000 2.560000 1.200000
v 3.200000 2.640000 1.200000
v 3.300000 2.000000 1.200000
v 3.300000 2.080000 1.200000
v 3.300000 2.240000 1.200000
v 3.300000 2.320000 1.200000
v 3.300000 3.040000 1.200000
v 3.300000 3.200000 1.200000
v 3.400000 1.920000 1.200000
v 3.400000 2.000000 1.200000
v 3.400000 2.080000 1.200000
v 3.400000 2.560000 1.200000
v 3.400000 2.640000 1.200000
v 3.400000 2.720000 1.200000
v 3.400000 2.800000 1.200000
v 3.400000 3.040000 1.200000
v 3.400000 3.200000 1.200000
v 3.500000 1.920000 1.200000
v 3.500000 2.000000 1.200000
v 3.500000 2.720000 1.200000
v 3.500000 2.800000 1.200000
v 3.600000 1.760000 1.200000
v 3.600000 1.840000 1.200000
v 3.700000 1.520000 1.200000
v 3.700000 1.760000 1.200000
v 3.700000 1.840000 1.200000
v 3.800000 1.520000 1.200000
v 3.800000 1.760000 1.200000
v -0.200000 1.760000 1.100000
v -0.200000 2.240000 1.100000
v -0.100000 1.680000 1.100000
v -0.100000 1.760000 1.100000
v -0.100000 2.240000 1.100000
v -0.100000 2.320000 1.100000
v 0.400000 1.680000 1.100000
v 0.400000 1.760000 1.100000
v 0.400000 2.240000 1.100000
v 0.400000 2.320000 1.100000
v 0.500000 1.760000 1.100000
v 0.500000 2.240000 1.100000
v 2.500000 1.840000 1.100000
v 2.500000 1.920000 1.100000
v 2.600000 1.840000 1.100000
v 2.600000 1.920000 1.100000
v 2.600000 2.800000 1.100000
v 2.600000 2.960000 1.100000
v 2.700000 1.920000 1.100000
v 2.700000 2.000000 1.100000
v 2.700000 2.640000 1.100000
v 2.700000 2.800000 1.100000
v 2.700000 2.960000 1.100000
v 2.800000 1.920000 1.100000
v 2.800000 2.000000 1.100000
v 2.800000 2.080000 1.100000
v 2.800000 2.720000 1.100000
v 2.800000 2.800000 1.100000
v 2.900000 2.560000 1.100000
v 2.900000 2.640000 1.100000
v 2.900000 2.720000 1.100000
v 3.200000 2.560000 1.100000
v 3.200000 2.640000 1.100000
v 3.200000 2.720000 1.100000
v 3.300000 1.920000 1.100000
v 3.300000 2.000000 1.100000
v 3.300000 2.080000 1.100000
v 3.300000 2.720000 1.100000
v 3.300000 2.800000 1.100000
v 3.400000 1.920000 1.100000
v 3.400000 2.000000 1.100000
v 3.400000 2.640000 1.100000
v 3.400000 2.800000 1.100000
v 3.400000 2.960000 1.100000
v 3.500000 1.840000 1.100000
v 3.500000 1.920000 1.100000
v 3.500000 2.800000 1.100000
v 3.500000 2.960000 1.100000
v 3.600000 1.840000 1.100000
v 3.600000 1.920000 1.100000
v 2.400000 1.520000 1.000000
v 2.400000 1.760000 1.000000
v 2.500000 1.520000 1.000000
v 2.500000 1.680000 1.000000
v 2.500000 1.760000 1.000000
v 2.500000 1.840000 1.000000
v 2.600000 1.680000 1.000000
v 2.600000 1.760000 1.000000
v 2.600000 1.840000 1.000000
v 2.600000 1.920000 1.000000
v 2.600000 2.960000 1.000000
v 2.600000 3.120000 1.000000
v 2.700000 1.760000 1.000000
v 2.700000 1.840000 1.000000
v 2.700000 2.800000 1.000000
v 2.700000 2.960000 1.000000
v 2.700000 3.120000 1.000000
v 2.800000 1.920000 1.000000
v 2.800000 2.000000 1.000000
v 2.800000 2.720000 1.000000
v 2.800000 2.800000 1.000000
v 2.800000 2.960000 1.000000
v 2.900000 1.840000 1.000000
v 2.900000 1.920000 1.000000
v 2.900000 2.640000 1.000000
v 2.900000 2.720000 1.000000
v 2.900000 3.040000 1.000000
v 2.900000 3.120000 1.000000
v 3.000000 2.960000 1.000000
v 3.000000 3.040000 1.000000
v 3.000000 3.120000 1.000000
v 3.100000 2.960000 1.000000
v 3.100000 3.040000 1.000000
v 3.100000 3.120000 1.000000
v 3.200000 1.840000 1.000000
v 3.200000 1.920000 1.000000
v 3.200000 2.640000 1.000000
v 3.200000 2.720000 1.000000
v 3.200000 3.040000 1.000000
v 3.200000 3.120000 1.000000
v 3.300000 1.920000 1.000000
v 3.300000 2.000000 1.000000
v 3.300000 2.720000 1.000000
v 3.300000 2.800000 1.000000
v 3.300000 2.960000 1.000000
v 3.400000 1.760000 1.000000
v 3.400000 1.840000 1.000000
v 3.400000 2.800000 1.000000
v 3.400000 2.960000 1.000000
v 3.400000 3.120000 1.000000
v 3.500000 1.680000 1.000000
v 3.500000 1.760000 1.000000
v 3.500000 1.840000 1.000000
v 3.500000 1.920000 1.000000
v 3.500000 2.960000 1.000000
v 3.500000 3.120000 1.000000
v 3.600000 1.520000 1.000000
v 3.600000 1.680000 1.000000
v 3.600000 1.760000 1.000000
v 3.600000 1.840000 1.000000
v 3.700000 1.520000 1.000000
v 3.700000 1.760000 1.000000
v 2.500000 1.520000 0.900000
v 2.500000 1.680000 0.900000
v 2.600000 1.680000 0.900000
v 2.600000 1.760000 0.900000
v 2.600000 3.120000 0.900000
v 2.600000 3.440000 0.900000
v 2.700000 1.760000 0.900000
v 2.700000 1.840000 0.900000
v 2.700000 2.960000 0.900000
v 2.700000 3.120000 0.900000
v 2.700000 3.440000 0.900000
v 2.800000 1.520000 0.900000
v 2.800000 1.680000 0.900000
v 2.800000 2.800000 0.900000
v 2.800000 2.960000 0.900000
v 2.800000 3.120000 0.900000
v 2.800000 3.200000 0.900000
v 2.900000 1.680000 0.900000
v 2.900000 1.760000 0.900000
v 2.900000 1.840000 0.900000
v 2.900000 1.920000 0.900000
v 2.900000 3.040000 0.900000
v 2.900000 3.200000 0.900000
v 3.000000 2.960000 0.900000
v 3.000000 3.040000 0.900000
v 3.100000 2.960000 0.900000
v 3.100000 3.040000 0.900000
v 3.200000 1.680000 0.900000
v 3.200000 1.760000 0.900000
v 3.200000 1.840000 0.900000
v 3.200000 1.920000 0.900000
v 3.200000 3.040000 0.900000
v 3.200000 3.200000 0.900000
v 3.300000 1.520000 0.900000
v 3.300000 1.680000 0.900000
v 3.300000 2.800000 0.900000
v 3.300000 2.960000 0.900000
v 3.300000 3.120000 0.900000
v 3.300000 3.200000 0.900000
v 3.400000 1.760000 0.900000
v 3.400000 1.840000 0.900000
v 3.400000 2.960000 0.900000
v 3.400000 3.120000 0.900000
v 3.400000 3.440000 0.900000
v 3.500000 1.680000 0.900000
v 3.500000 1.760000 0.900000
v 3.500000 3.120000 0.900000
v 3.500000 3.440000 0.900000
v 3.600000 1.520000 0.900000
v 3.600000 1.680000 0.900000
v 2.700000 3.120000 0.800000
v 2.700000 3.600000 0.800000
v 2.800000 1.520000 0.800000
v 2.800000 1.680000 0.800000
v 2.800000 3.120000 0.800000
v 2.800000 3.600000 0.800000
v 2.900000 1.440000 0.800000
v 2.900000 1.520000 0.800000
v 2.900000 1.680000 0.800000
v 2.900000 1.760000 0.800000
v 3.200000 1.440000 0.800000
v 3.200000 1.520000 0.800000
v 3.200000 1.680000 0.800000
v 3.200000 1.760000 0.800000
v 3.300000 1.520000 0.800000
v 3.300000 1.680000 0.800000
v 3.300000 3.120000 0.800000
v 3.300000 3.600000 0.800000
v 3.400000 3.120000 0.800000
v 3.400000 3.600000 0.800000
v -1.100000 0.000000 0.500000
v -1.100000 0.640000 0.500000
v -1.000000 0.000000 0.500000
v -1.000000 0.640000 0.500000
v 1.300000 0.000000 0.500000
v 1.300000 0.640000 0.500000
v 1.400000 0.000000 0.500000
v 1.400000 0.640000 0.500000
v 1.800000 0.000000 0.500000
v 1.800000 0.640000 0.500000
v 1.900000 0.000000 0.500000
v 1.900000 0.640000 0.500000
v 4.200000 0.000000 0.500000
v 4.200000 0.640000 0.500000
v 4.300000 0.000000 0.500000
v 4.300000 0.640000 0.500000
v -1.000000 0.000000 0.400000
v -1.000000 0.640000 0.400000
v -0.900000 0.000000 0.400000
v -0.900000 0.640000 0.400000
v 1.200000 0.000000 0.400000
v 1.200000 0.640000 0.400000
v 1.300000 0.000000 0.400000
v 1.300000 0.640000 0.400000
v 1.900000 0.000000 0.400000
v 1.900000 0.640000 0.400000
v 2.000000 0.000000 0.400000
v 2.000000 0.640000 0.400000
v 4.100000 0.000000 0.400000
v 4.100000 0.640000 0.400000
v 4.200000 0.000000 0.400000
v 4.200000 0.640000 0.400000
v -0.900000 0.000000 0.300000
v -0.900000 0.640000 0.300000
v 1.200000 0.000000 0.300000
v 1.200000 0.640000 0.300000
v 2.000000 0.000000 0.300000
v 2.000000 0.640000 0.300000
v 4.100000 0.000000 0.300000
v 4.100000 0.640000 0.300000
v -0.900000 0.000000 2.800000
v 1.200000 0.000000 2.800000
v 2.000000 0.000000 2.800000
v 4.100000 0.000000 2.800000
v -1.000000 0.000000 2.700000
v -0.900000 0.000000 2.700000
v 1.200000 0.000000 2.700000
v 1.300000 0.000000 2.700000
v 1.900000 0.000000 2.700000
v 2.000000 0.000000 2.700000
v 4.100000 0.000000 2.700000
v 4.200000 0.000000 2.700000
v -1.100000 0.000000 2.600000
v -1.000000 0.000000 2.600000
v 1.300000 0.000000 2.600000
v 1.400000 0.000000 2.600000
v 1.800000 0.000000 2.600000
v 1.900000 0.000000 2.600000
v 4.200000 0.000000 2.600000
v 4.300000 0.000000 2.600000
v -1.100000 0.000000 0.500000
v -1.000000 0.000000 0.500000
v 1.300000 0.000000 0.500000
v 1.400000 0.000000 0.500000
v 1.800000 0.000000 0.500000
v 1.900000 0.000000 0.500000
v 4.200000 0.000000 0.500000
v 4.300000 0.000000 0.500000
v -1.000000 0.000000 0.400000
v -0.900000 0.000000 0.400000
v 1.200000 0.000000 0.400000
v 1.300000 0.000000 0.400000
v 1.900000 0.000000 0.400000
v 2.000000 0.000000 0.400000
v 4.100000 0.000000 0.400000
v 4.200000 0.000000 0.400000
v -0.900000 0.000000 0.300000
v 1.200000 0.000000 0.300000
v 2.000000 0.000000 0.300000
v 4.100000 0.000000 0.300000
v -0.200000 0.720000 1.900000
v -0.100000 0.720000 1.900000
v 0.400000 0.720000 1.900000
v 0.500000 0.720000 1.900000
v -0.300000 0.720000 1.800000
v -0.200000 0.720000 1.800000
v 0.500000 0.720000 1.800000
v -0.200000 0.720000 1.700000
v -0.100000 0.720000 1.700000
v 0.400000 0.720000 1.700000
v 0.500000 0.720000 1.700000
v 0.600000 0.720000 1.700000
v 0.700000 0.720000 1.700000
v 0.400000 0.720000 1.600000
v 0.500000 0.720000 1.600000
v 0.600000 0.720000 1.600000
v 0.700000 0.720000 1.600000
v -0.300000 0.720000 1.500000
v -0.200000 0.720000 1.500000
v -0.100000 0.720000 1.500000
v 0.000000 0.720000 1.500000
v 0.200000 0.720000 1.500000
v 0.300000 0.720000 1.500000
v 0.400000 0.720000 1.500000
v 0.500000 0.720000 1.500000
v -0.100000 0.720000 1.400000
v 0.000000 0.720000 1.400000
v 0.100000 0.720000 1.400000
v 0.200000 0.720000 1.400000
v 0.300000 0.720000 1.400000
v 0.400000 0.720000 1.400000
v 0.500000 0.720000 1.400000
v 0.100000 0.720000 1.300000
v 0.200000 0.720000 1.300000
v -0.400000 0.800000 1.700000
v -0.300000 0.800000 1.700000
v -0.400000 0.800000 1.600000
v -0.300000 0.800000 1.600000
v -0.200000 0.800000 1.600000
v -0.100000 0.800000 1.600000
v -0.200000 0.800000 1.500000
v -0.100000 0.800000 1.500000
v 0.300000 0.800000 1.500000
v 0.400000 0.800000 1.500000
v 0.300000 0.800000 1.400000
v 0.400000 0.800000 1.400000
v 0.000000 0.880000 1.900000
v 0.100000 0.880000 1.900000
v 0.200000 0.880000 1.900000
v 0.300000 0.880000 1.900000
v 0.000000 0.880000 1.800000
v 0.100000 0.880000 1.800000
v 0.200000 0.880000 1.800000
v 0.300000 0.880000 1.800000
v -0.200000 0.880000 1.500000
v -0.100000 0.880000 1.500000
v 0.000000 0.880000 1.500000
v 0.100000 0.880000 1.500000
v 0.200000 0.880000 1.500000
v -0.200000 0.880000 1.400000
v -0.100000 0.880000 1.400000
v 0.000000 0.880000 1.400000
v 0.100000 0.880000 1.400000
v 0.200000 0.880000 1.400000
v 0.400000 0.880000 1.400000
v -0.100000 0.880000 1.300000
v 0.000000 0.880000 1.300000
v 0.200000 0.880000 1.300000
v 0.400000 0.880000 1.300000
v -0.200000 0.960000 1.700000
v -0.100000 0.960000 1.700000
v 0.400000 0.960000 1.700000
v 0.500000 0.960000 1.700000
v -0.200000 0.960000 1.600000
v -0.100000 0.960000 1.600000
v 0.400000 0.960000 1.600000
v 0.500000 0.960000 1.600000
v 0.000000 0.960000 1.400000
v 0.100000 0.960000 1.400000
v 0.000000 0.960000 1.300000
v 0.100000 0.960000 1.300000
v 0.100000 1.120000 1.900000
v 0.200000 1.120000 1.900000
v 0.100000 1.120000 1.800000
v 0.200000 1.120000 1.800000
v 2.800000 1.120000 1.700000
v 3.000000 1.120000 1.700000
v 3.100000 1.120000 1.700000
v 3.300000 1.120000 1.700000
v 2.800000 1.120000 1.600000
v 3.000000 1.120000 1.600000
v 3.100000 1.120000 1.600000
v 3.300000 1.120000 1.600000
v 3.000000 1.200000 2.400000
v 3.100000 1.200000 2.400000
v 2.800000 1.200000 2.300000
v 3.000000 1.200000 2.300000
v 3.100000 1.200000 2.300000
v 3.300000 1.200000 2.300000
v 2.500000 1.200000 2.200000
v 2.800000 1.200000 2.200000
v 3.000000 1.200000 2.200000
v 3.100000 1.200000 2.200000
v 3.300000 1.200000 2.200000
v 3.600000 1.200000 2.200000
v 2.400000 1.200000 2.100000
v 2.500000 1.200000 2.100000
v 2.700000 1.200000 2.100000
v 3.000000 1.200000 2.100000
v 3.100000 1.200000 2.100000
v 3.400000 1.200000 2.100000
v 3.600000 1.200000 2.100000
v 3.700000 1.200000 2.100000
v 2.600000 1.200000 2.000000
v 2.700000 1.200000 2.000000
v 3.400000 1.200000 2.000000
v 3.500000 1.200000 2.000000
v 2.400000 1.200000 1.900000
v 2.600000 1.200000 1.900000
v 3.500000 1.200000 1.900000
v 3.700000 1.200000 1.900000
v 3.000000 1.200000 1.700000
v 3.100000 1.200000 1.700000
v 2.800000 1.200000 1.500000
v 3.000000 1.200000 1.500000
v 3.100000 1.200000 1.500000
v 3.300000 1.200000 1.500000
v 2.800000 1.200000 1.400000
v 3.300000 1.200000 1.400000
v 2.300000 1.280000 1.900000
v 2.400000 1.280000 1.900000
v 2.500000 1.280000 1.900000
v 3.600000 1.280000 1.900000
v 3.700000 1.280000 1.900000
v 3.800000 1.280000 1.900000
v 2.300000 1.280000 1.700000
v 2.500000 1.280000 1.700000
v 3.600000 1.280000 1.700000
v 3.800000 1.280000 1.700000
v 2.700000 1.360000 2.100000
v 2.800000 1.360000 2.100000
v 3.300000 1.360000 2.100000
v 3.400000 1.360000 2.100000
v 2.700000 1.360000 2.000000
v 2.800000 1.360000 2.000000
v 3.300000 1.360000 2.000000
v 3.400000 1.360000 2.000000
v 0.200000 1.360000 1.900000
v 0.300000 1.360000 1.900000
v 0.200000 1.360000 1.800000
v 0.300000 1.360000 1.800000
v 2.200000 1.360000 1.800000
v 2.300000 1.360000 1.800000
v 3.800000 1.360000 1.800000
v 3.900000 1.360000 1.800000
v 0.000000 1.360000 1.700000
v 0.100000 1.360000 1.700000
v 0.200000 1.360000 1.700000
v 0.300000 1.360000 1.700000
v 2.300000 1.360000 1.700000
v 2.400000 1.360000 1.700000
v 3.700000 1.360000 1.700000
v 3.800000 1.360000 1.700000
v 0.000000 1.360000 1.600000
v 0.100000 1.360000 1.600000
v 0.200000 1.360000 1.600000
v 0.300000 1.360000 1.600000
v 2.200000 1.360000 1.600000
v 2.400000 1.360000 1.600000
v 3.700000 1.360000 1.600000
v 3.900000 1.360000 1.600000
v 3.000000 1.440000 2.200000
v 3.100000 1.440000 2.200000
v 2.800000 1.440000 2.100000
v 2.900000 1.440000 2.100000
v 3.000000 1.440000 2.100000
v 3.100000 1.440000 2.100000
v 3.200000 1.440000 2.100000
v 3.300000 1.440000 2.100000
v 2.800000 1.440000 2.000000
v 2.900000 1.440000 2.000000
v 3.200000 1.440000 2.000000
v 3.300000 1.440000 2.000000
v 2.500000 1.440000 1.900000
v 2.600000 1.440000 1.900000
v 3.500000 1.440000 1.900000
v 3.600000 1.440000 1.900000
v 2.500000 1.440000 1.800000
v 2.600000 1.440000 1.800000
v 3.500000 1.440000 1.800000
v 3.600000 1.440000 1.800000
v 2.100000 1.440000 1.700000
v 2.200000 1.440000 1.700000
v 3.900000 1.440000 1.700000
v 4.000000 1.440000 1.700000
v 2.200000 1.440000 1.600000
v 2.300000 1.440000 1.600000
v 3.800000 1.440000 1.600000
v 3.900000 1.440000 1.600000
v 2.100000 1.440000 1.500000
v 2.300000 1.440000 1.500000
v 3.800000 1.440000 1.500000
v 4.000000 1.440000 1.500000
v 2.900000 1.440000 0.900000
v 3.200000 1.440000 0.900000
v 2.900000 1.440000 0.800000
v 3.200000 1.440000 0.800000
v 2.900000 1.520000 2.100000
v 3.000000 1.520000 2.100000
v 3.100000 1.520000 2.100000
v 3.200000 1.520000 2.100000
v 2.600000 1.520000 2.000000
v 2.700000 1.520000 2.000000
v 2.900000 1.520000 2.000000
v 3.000000 1.520000 2.000000
v 3.100000 1.520000 2.000000
v 3.200000 1.520000 2.000000
v 3.400000 1.520000 2.000000
v 3.500000 1.520000 2.000000
v 2.600000 1.520000 1.900000
v 2.700000 1.520000 1.900000
v 3.400000 1.520000 1.900000
v 3.500000 1.520000 1.900000
v 2.500000 1.520000 1.800000
v 2.600000 1.520000 1.800000
v 2.900000 1.520000 1.800000
v 3.200000 1.520000 1.800000
v 3.500000 1.520000 1.800000
v 3.600000 1.520000 1.800000
v 2.400000 1.520000 1.700000
v 2.500000 1.520000 1.700000
v 2.600000 1.520000 1.700000
v 2.900000 1.520000 1.700000
v 3.200000 1.520000 1.700000
v 3.500000 1.520000 1.700000
v 3.600000 1.520000 1.700000
v 3.700000 1.520000 1.700000
v 2.400000 1.520000 1.600000
v 2.500000 1.520000 1.600000
v 3.600000 1.520000 1.600000
v 3.700000 1.520000 1.600000
v 2.100000 1.520000 1.500000
v 2.300000 1.520000 1.500000
v 3.800000 1.520000 1.500000
v 4.000000 1.520000 1.500000
v 2.300000 1.520000 1.400000
v 2.400000 1.520000 1.400000
v 3.700000 1.520000 1.400000
v 3.800000 1.520000 1.400000
v 2.100000 1.520000 1.300000
v 2.300000 1.520000 1.300000
v 2.400000 1.520000 1.300000
v 2.500000 1.520000 1.300000
v 3.600000 1.520000 1.300000
v 3.700000 1.520000 1.300000
v 3.800000 1.520000 1.300000
v 4.000000 1.520000 1.300000
v 2.300000 1.520000 1.200000
v 2.400000 1.520000 1.200000
v 2.500000 1.520000 1.200000
v 2.600000 1.520000 1.200000
v 3.500000 1.520000 1.200000
v 3.600000 1.520000 1.200000
v 3.700000 1.520000 1.200000
v 3.800000 1.520000 1.200000
v 2.400000 1.520000 1.000000
v 2.500000 1.520000 1.000000
v 2.600000 1.520000 1.000000
v 2.900000 1.520000 1.000000
v 3.200000 1.520000 1.000000
v 3.500000 1.520000 1.000000
v 3.600000 1.520000 1.000000
v 3.700000 1.520000 1.000000
v 2.500000 1.520000 0.900000
v 2.800000 1.520000 0.900000
v 2.900000 1.520000 0.900000
v 3.200000 1.520000 0.900000
v 3.300000 1.520000 0.900000
v 3.600000 1.520000 0.900000
v 2.800000 1.520000 0.800000
v 2.900000 1.520000 0.800000
v 3.200000 1.520000 0.800000
v 3.300000 1.520000 0.800000
v 3.000000 1.600000 2.100000
v 3.100000 1.600000 2.100000
v -0.100000 1.600000 2.000000
v 0.400000 1.600000 2.000000
v 2.700000 1.600000 2.000000
v 2.900000 1.600000 2.000000
v 3.000000 1.600000 2.000000
v 3.100000 1.600000 2.000000
v 3.200000 1.600000 2.000000
v 3.400000 1.600000 2.000000
v -0.200000 1.600000 1.900000
v -0.100000 1.600000 1.900000
v 0.000000 1.600000 1.900000
v 0.300000 1.600000 1.900000
v 0.400000 1.600000 1.900000
v 0.500000 1.600000 1.900000
v 2.600000 1.600000 1.900000
v 2.700000 1.600000 1.900000
v 2.900000 1.600000 1.900000
v 3.200000 1.600000 1.900000
v 3.400000 1.600000 1.900000
v 3.500000 1.600000 1.900000
v -0.300000 1.600000 1.800000
v -0.200000 1.600000 1.800000
v -0.100000 1.600000 1.800000
v 0.000000 1.600000 1.800000
v 0.300000 1.600000 1.800000
v 0.400000 1.600000 1.800000
v 0.500000 1.600000 1.800000
v 0.600000 1.600000 1.800000
v 0.100000 1.600000 1.700000
v 0.200000 1.600000 1.700000
v 0.400000 1.600000 1.700000
v 2.500000 1.600000 1.700000
v 2.600000 1.600000 1.700000
v 2.700000 1.600000 1.700000
v 3.400000 1.600000 1.700000
v 3.500000 1.600000 1.700000
v 3.600000 1.600000 1.700000
v 0.100000 1.600000 1.600000
v 0.200000 1.600000 1.600000
v 2.300000 1.600000 1.600000
v 2.400000 1.600000 1.600000
v 2.500000 1.600000 1.600000
v 2.600000 1.600000 1.600000
v 2.900000 1.600000 1.600000
v 3.000000 1.600000 1.600000
v 3.100000 1.600000 1.600000
v 3.200000 1.600000 1.600000
v 3.500000 1.600000 1.600000
v 3.600000 1.600000 1.600000
v 3.700000 1.600000 1.600000
v 3.800000 1.600000 1.600000
v -0.100000 1.600000 1.500000
v 0.000000 1.600000 1.500000
v 0.300000 1.600000 1.500000
v 0.400000 1.600000 1.500000
v 2.900000 1.600000 1.500000
v 3.000000 1.600000 1.500000
v 3.100000 1.600000 1.500000
v 3.200000 1.600000 1.500000
v -0.300000 1.600000 1.400000
v -0.200000 1.600000 1.400000
v 0.000000 1.600000 1.400000
v 0.300000 1.600000 1.400000
v 0.500000 1.600000 1.400000
v 0.600000 1.600000 1.400000
v 2.300000 1.600000 1.400000
v 2.400000 1.600000 1.400000
v 2.500000 1.600000 1.400000
v 3.600000 1.600000 1.400000
v 3.700000 1.600000 1.400000
v 3.800000 1.600000 1.400000
v -0.200000 1.600000 1.300000
v -0.100000 1.600000 1.300000
v 0.400000 1.600000 1.300000
v 0.500000 1.600000 1.300000
v 2.400000 1.600000 1.300000
v 2.500000 1.600000 1.300000
v 3.600000 1.600000 1.300000
v 3.700000 1.600000 1.300000
v -0.100000 1.600000 1.200000
v 0.400000 1.600000 1.200000
v 2.900000 1.600000 1.000000
v 3.000000 1.600000 1.000000
v 3.100000 1.600000 1.000000
v 3.200000 1.600000 1.000000
v 2.900000 1.600000 0.900000
v 3.000000 1.600000 0.900000
v 3.100000 1.600000 0.900000
v 3.200000 1.600000 0.900000
v -0.200000 1.680000 2.000000
v -0.100000 1.680000 2.000000
v 0.400000 1.680000 2.000000
v 0.500000 1.680000 2.000000
v 2.900000 1.680000 2.000000
v 3.000000 1.680000 2.000000
v 3.100000 1.680000 2.000000
v 3.200000 1.680000 2.000000
v -0.300000 1.680000 1.900000
v -0.200000 1.680000 1.900000
v -0.100000 1.680000 1.900000
v 0.400000 1.680000 1.900000
v 0.500000 1.680000 1.900000
v 0.600000 1.680000 1.900000
v 2.700000 1.680000 1.900000
v 2.800000 1.680000 1.900000
v 2.900000 1.680000 1.900000
v 3.000000 1.680000 1.900000
v 3.100000 1.680000 1.900000
v 3.200000 1.680000 1.900000
v 3.300000 1.680000 1.900000
v 3.400000 1.680000 1.900000
v -0.300000 1.680000 1.800000
v -0.200000 1.680000 1.800000
v 0.500000 1.680000 1.800000
v 0.600000 1.680000 1.800000
v 2.700000 1.680000 1.800000
v 2.800000 1.680000 1.800000
v 3.300000 1.680000 1.800000
v 3.400000 1.680000 1.800000
v -0.400000 1.680000 1.700000
v -0.300000 1.680000 1.700000
v 0.600000 1.680000 1.700000
v 0.700000 1.680000 1.700000
v 2.600000 1.680000 1.700000
v 2.700000 1.680000 1.700000
v 3.400000 1.680000 1.700000
v 3.500000 1.680000 1.700000
v 2.400000 1.680000 1.600000
v 2.500000 1.680000 1.600000
v 2.600000 1.680000 1.600000
v 2.700000 1.680000 1.600000
v 2.800000 1.680000 1.600000
v 3.300000 1.680000 1.600000
v 3.400000 1.680000 1.600000
v 3.500000 1.680000 1.600000
v 3.600000 1.680000 1.600000
v 3.700000 1.680000 1.600000
v -0.400000 1.680000 1.500000
v -0.300000 1.680000 1.500000
v 0.600000 1.680000 1.500000
v 0.700000 1.680000 1.500000
v 2.700000 1.680000 1.500000
v 2.800000 1.680000 1.500000
v 3.300000 1.680000 1.500000
v 3.400000 1.680000 1.500000
v -0.300000 1.680000 1.400000
v -0.200000 1.680000 1.400000
v 0.500000 1.680000 1.400000
v 0.600000 1.680000 1.400000
v 2.400000 1.680000 1.400000
v 2.500000 1.680000 1.400000
v 2.600000 1.680000 1.400000
v 3.500000 1.680000 1.400000
v 3.600000 1.680000 1.400000
v 3.700000 1.680000 1.400000
v -0.300000 1.680000 1.300000
v -0.200000 1.680000 1.300000
v -0.100000 1.680000 1.300000
v 0.400000 1.680000 1.300000
v 0.500000 1.680000 1.300000
v 0.600000 1.680000 1.300000
v -0.200000 1.680000 1.200000
v -0.100000 1.680000 1.200000
v 0.400000 1.680000 1.200000
v 0.500000 1.680000 1.200000
v 2.500000 1.680000 1.200000
v 2.600000 1.680000 1.200000
v 3.500000 1.680000 1.200000
v 3.600000 1.680000 1.200000
v -0.100000 1.680000 1.100000
v 0.400000 1.680000 1.100000
v 2.600000 1.680000 1.100000
v 2.800000 1.680000 1.100000
v 3.300000 1.680000 1.100000
v 3.500000 1.680000 1.100000
v 2.600000 1.680000 1.000000
v 2.800000 1.680000 1.000000
v 3.000000 1.680000 1.000000
v 3.100000 1.680000 1.000000
v 3.300000 1.680000 1.000000
v 3.500000 1.680000 1.000000
v 3.000000 1.680000 0.900000
v 3.100000 1.680000 0.900000
v -0.300000 1.760000 2.000000
v -0.200000 1.760000 2.000000
v 0.500000 1.760000 2.000000
v 0.600000 1.760000 2.000000
v 3.000000 1.760000 2.000000
v 3.100000 1.760000 2.000000
v -0.300000 1.760000 1.900000
v -0.200000 1.760000 1.900000
v 0.500000 1.760000 1.900000
v 0.600000 1.760000 1.900000
v 2.800000 1.760000 1.900000
v 2.900000 1.760000 1.900000
v 3.000000 1.760000 1.900000
v 3.100000 1.760000 1.900000
v 3.200000 1.760000 1.900000
v 3.300000 1.760000 1.900000
v -0.400000 1.760000 1.800000
v -0.300000 1.760000 1.800000
v 0.600000 1.760000 1.800000
v 0.700000 1.760000 1.800000
v 2.700000 1.760000 1.800000
v 2.800000 1.760000 1.800000
v 2.900000 1.760000 1.800000
v 3.200000 1.760000 1.800000
v 3.300000 1.760000 1.800000
v 3.400000 1.760000 1.800000
v -0.400000 1.760000 1.700000
v -0.300000 1.760000 1.700000
v 0.600000 1.760000 1.700000
v 0.700000 1.760000 1.700000
v 2.700000 1.760000 1.700000
v 2.800000 1.760000 1.700000
v 3.300000 1.760000 1.700000
v 3.400000 1.760000 1.700000
v 2.500000 1.760000 1.600000
v 2.600000 1.760000 1.600000
v 3.500000 1.760000 1.600000
v 3.600000 1.760000 1.600000
v -0.400000 1.760000 1.500000
v -0.300000 1.760000 1.500000
v 0.600000 1.760000 1.500000
v 0.700000 1.760000 1.500000
v -0.400000 1.760000 1.400000
v -0.300000 1.760000 1.400000
v 0.600000 1.760000 1.400000
v 0.700000 1.760000 1.400000
v 2.500000 1.760000 1.400000
v 2.600000 1.760000 1.400000
v 3.500000 1.760000 1.400000
v 3.600000 1.760000 1.400000
v -0.300000 1.760000 1.300000
v -0.200000 1.760000 1.300000
v 0.500000 1.760000 1.300000
v 0.600000 1.760000 1.300000
v 2.600000 1.760000 1.300000
v 2.700000 1.760000 1.300000
v 3.400000 1.760000 1.300000
v 3.500000 1.760000 1.300000
v -0.300000 1.760000 1.200000
v -0.200000 1.760000 1.200000
v -0.100000 1.760000 1.200000
v 0.400000 1.760000 1.200000
v 0.500000 1.760000 1.200000
v 0.600000 1.760000 1.200000
v -0.200000 1.760000 1.100000
v -0.100000 1.760000 1.100000
v 0.400000 1.760000 1.100000
v 0.500000 1.760000 1.100000
v 2.600000 1.760000 1.100000
v 2.700000 1.760000 1.100000
v 2.800000 1.760000 1.100000
v 3.000000 1.760000 1.100000
v 3.100000 1.760000 1.100000
v 3.300000 1.760000 1.100000
v 3.400000 1.760000 1.100000
v 3.500000 1.760000 1.100000
v 2.800000 1.760000 1.000000
v 3.000000 1.760000 1.000000
v 3.100000 1.760000 1.000000
v 3.300000 1.760000 1.000000
v -0.400000 1.840000 1.900000
v -0.300000 1.840000 1.900000
v 0.600000 1.840000 1.900000
v 0.700000 1.840000 1.900000
v 2.900000 1.840000 1.900000
v 3.200000 1.840000 1.900000
v -0.400000 1.840000 1.800000
v -0.300000 1.840000 1.800000
v 0.600000 1.840000 1.800000
v 0.700000 1.840000 1.800000
v 2.800000 1.840000 1.800000
v 2.900000 1.840000 1.800000
v 3.000000 1.840000 1.800000
v 3.100000 1.840000 1.800000
v 3.200000 1.840000 1.800000
v 3.300000 1.840000 1.800000
v 2.700000 1.840000 1.700000
v 2.800000 1.840000 1.700000
v 2.900000 1.840000 1.700000
v 3.200000 1.840000 1.700000
v 3.300000 1.840000 1.700000
v 3.400000 1.840000 1.700000
v 2.600000 1.840000 1.600000
v 2.700000 1.840000 1.600000
v 2.800000 1.840000 1.600000
v 3.300000 1.840000 1.600000
v 3.400000 1.840000 1.600000
v 3.500000 1.840000 1.600000
v 2.700000 1.840000 1.500000
v 3.400000 1.840000 1.500000
v -0.400000 1.840000 1.400000
v -0.300000 1.840000 1.400000
v 0.600000 1.840000 1.400000
v 0.700000 1.840000 1.400000
v -0.400000 1.840000 1.300000
v -0.300000 1.840000 1.300000
v 0.600000 1.840000 1.300000
v 0.700000 1.840000 1.300000
v 2.600000 1.840000 1.300000
v 2.700000 1.840000 1.300000
v 2.800000 1.840000 1.300000
v 3.300000 1.840000 1.300000
v 3.400000 1.840000 1.300000
v 3.500000 1.840000 1.300000
v 2.800000 1.840000 1.200000
v 3.000000 1.840000 1.200000
v 3.100000 1.840000 1.200000
v 3.300000 1.840000 1.200000
v 2.700000 1.840000 1.100000
v 3.000000 1.840000 1.100000
v 3.100000 1.840000 1.100000
v 3.400000 1.840000 1.100000
v 3.000000 1.840000 1.000000
v 3.100000 1.840000 1.000000
v 2.900000 1.920000 1.800000
v 3.000000 1.920000 1.800000
v 3.100000 1.920000 1.800000
v 3.200000 1.920000 1.800000
v 2.800000 1.920000 1.700000
v 2.900000 1.920000 1.700000
v 3.000000 1.920000 1.700000
v 3.100000 1.920000 1.700000
v 3.200000 1.920000 1.700000
v 3.300000 1.920000 1.700000
v 2.800000 1.920000 1.600000
v 2.900000 1.920000 1.600000
v 3.200000 1.920000 1.600000
v 3.300000 1.920000 1.600000
v 2.700000 1.920000 1.500000
v 2.800000 1.920000 1.500000
v 3.300000 1.920000 1.500000
v 3.400000 1.920000 1.500000
v 2.800000 1.920000 1.400000
v 3.000000 1.920000 1.400000
v 3.100000 1.920000 1.400000
v 3.300000 1.920000 1.400000
v 2.700000 1.920000 1.300000
v 2.800000 1.920000 1.300000
v 2.900000 1.920000 1.300000
v 3.000000 1.920000 1.300000
v 3.100000 1.920000 1.300000
v 3.200000 1.920000 1.300000
v 3.300000 1.920000 1.300000
v 3.400000 1.920000 1.300000
v 2.800000 1.920000 1.200000
v 2.900000 1.920000 1.200000
v 3.000000 1.920000 1.200000
v 3.100000 1.920000 1.200000
v 3.200000 1.920000 1.200000
v 3.300000 1.920000 1.200000
v 3.000000 1.920000 1.100000
v 3.100000 1.920000 1.100000
v 2.800000 2.000000 1.400000
v 2.900000 2.000000 1.400000
v 3.200000 2.000000 1.400000
v 3.300000 2.000000 1.400000
v 2.800000 2.000000 1.300000
v 2.900000 2.000000 1.300000
v 3.000000 2.000000 1.300000
v 3.100000 2.000000 1.300000
v 3.200000 2.000000 1.300000
v 3.300000 2.000000 1.300000
v 2.900000 2.000000 1.200000
v 3.200000 2.000000 1.200000
v -0.200000 2.080000 2.000000
v 0.000000 2.080000 2.000000
v 0.300000 2.080000 2.000000
v 0.500000 2.080000 2.000000
v -0.200000 2.080000 1.900000
v 0.000000 2.080000 1.900000
v 0.300000 2.080000 1.900000
v 0.500000 2.080000 1.900000
v 2.900000 2.080000 1.400000
v 3.000000 2.080000 1.400000
v 3.100000 2.080000 1.400000
v 3.200000 2.080000 1.400000
v 2.900000 2.080000 1.300000
v 3.000000 2.080000 1.300000
v 3.100000 2.080000 1.300000
v 3.200000 2.080000 1.300000
v 2.900000 2.240000 1.900000
v 3.200000 2.240000 1.900000
v 2.800000 2.240000 1.800000
v 2.900000 2.240000 1.800000
v 3.200000 2.240000 1.800000
v 3.300000 2.240000 1.800000
v 2.700000 2.240000 1.700000
v 2.800000 2.240000 1.700000
v 2.900000 2.240000 1.700000
v 3.200000 2.240000 1.700000
v 3.300000 2.240000 1.700000
v 3.400000 2.240000 1.700000
v 2.800000 2.240000 1.400000
v 2.900000 2.240000 1.400000
v 3.200000 2.240000 1.400000
v 3.300000 2.240000 1.400000
v 2.700000 2.240000 1.300000
v 2.800000 2.240000 1.300000
v 2.900000 2.240000 1.300000
v 3.200000 2.240000 1.300000
v 3.300000 2.240000 1.300000
v 3.400000 2.240000 1.300000
v 2.800000 2.240000 1.200000
v 3.300000 2.240000 1.200000
v -0.500000 2.320000 1.700000
v -0.400000 2.320000 1.700000
v 0.700000 2.320000 1.700000
v 0.800000 2.320000 1.700000
v -0.500000 2.320000 1.500000
v -0.400000 2.320000 1.500000
v 0.700000 2.320000 1.500000
v 0.800000 2.320000 1.500000
v 2.700000 2.400000 1.800000
v 2.800000 2.400000 1.800000
v 3.300000 2.400000 1.800000
v 3.400000 2.400000 1.800000
v 2.700000 2.400000 1.400000
v 2.800000 2.400000 1.400000
v 3.300000 2.400000 1.400000
v 3.400000 2.400000 1.400000
v 2.900000 2.480000 1.300000
v 3.200000 2.480000 1.300000
v 2.900000 2.480000 1.200000
v 3.200000 2.480000 1.200000
v 2.700000 2.560000 1.400000
v 2.800000 2.560000 1.400000
v 3.300000 2.560000 1.400000
v 3.400000 2.560000 1.400000
v 2.800000 2.560000 1.300000
v 2.900000 2.560000 1.300000
v 3.200000 2.560000 1.300000
v 3.300000 2.560000 1.300000
v 2.700000 2.560000 1.200000
v 2.900000 2.560000 1.200000
v 3.200000 2.560000 1.200000
v 3.400000 2.560000 1.200000
v 2.900000 2.560000 1.100000
v 3.200000 2.560000 1.100000
v 2.800000 2.640000 1.800000
v 3.000000 2.640000 1.800000
v 3.100000 2.640000 1.800000
v 3.300000 2.640000 1.800000
v 2.800000 2.640000 1.700000
v 3.000000 2.640000 1.700000
v 3.100000 2.640000 1.700000
v 3.300000 2.640000 1.700000
v 2.700000 2.640000 1.200000
v 2.900000 2.640000 1.200000
v 3.200000 2.640000 1.200000
v 3.400000 2.640000 1.200000
v 2.700000 2.640000 1.100000
v 2.900000 2.640000 1.100000
v 3.200000 2.640000 1.100000
v 3.400000 2.640000 1.100000
v 2.900000 2.640000 1.000000
v 3.200000 2.640000 1.000000
v 2.600000 2.720000 1.500000
v 2.700000 2.720000 1.500000
v 3.400000 2.720000 1.500000
v 3.500000 2.720000 1.500000
v 2.600000 2.720000 1.200000
v 2.700000 2.720000 1.200000
v 3.400000 2.720000 1.200000
v 3.500000 2.720000 1.200000
v 2.800000 2.720000 1.100000
v 2.900000 2.720000 1.100000
v 3.200000 2.720000 1.100000
v 3.300000 2.720000 1.100000
v 2.800000 2.720000 1.000000
v 2.900000 2.720000 1.000000
v 3.200000 2.720000 1.000000
v 3.300000 2.720000 1.000000
v -0.300000 2.800000 1.700000
v -0.200000 2.800000 1.700000
v 0.500000 2.800000 1.700000
v 0.600000 2.800000 1.700000
v 2.900000 2.800000 1.700000
v 3.200000 2.800000 1.700000
v 2.600000 2.800000 1.600000
v 2.700000 2.800000 1.600000
v 2.900000 2.800000 1.600000
v 3.200000 2.800000 1.600000
v 3.400000 2.800000 1.600000
v 3.500000 2.800000 1.600000
v -0.300000 2.800000 1.500000
v -0.200000 2.800000 1.500000
v 0.500000 2.800000 1.500000
v 0.600000 2.800000 1.500000
v 2.600000 2.800000 1.500000
v 2.700000 2.800000 1.500000
v 3.400000 2.800000 1.500000
v 3.500000 2.800000 1.500000
v 2.600000 2.800000 1.200000
v 2.700000 2.800000 1.200000
v 3.400000 2.800000 1.200000
v 3.500000 2.800000 1.200000
v 2.600000 2.800000 1.100000
v 2.700000 2.800000 1.100000
v 2.800000 2.800000 1.100000
v 3.300000 2.800000 1.100000
v 3.400000 2.800000 1.100000
v 3.500000 2.800000 1.100000
v 2.700000 2.800000 1.000000
v 2.800000 2.800000 1.000000
v 3.300000 2.800000 1.000000
v 3.400000 2.800000 1.000000
v 2.800000 2.800000 0.900000
v 3.300000 2.800000 0.900000
v -0.200000 2.880000 1.700000
v -0.100000 2.880000 1.700000
v 0.400000 2.880000 1.700000
v 0.500000 2.880000 1.700000
v 2.800000 2.880000 1.600000
v 3.300000 2.880000 1.600000
v -0.200000 2.880000 1.500000
v -0.100000 2.880000 1.500000
v 0.400000 2.880000 1.500000
v 0.500000 2.880000 1.500000
v 2.700000 2.880000 1.500000
v 2.800000 2.880000 1.500000
v 3.300000 2.880000 1.500000
v 3.400000 2.880000 1.500000
v 2.700000 2.880000 1.400000
v 2.800000 2.880000 1.400000
v 3.300000 2.880000 1.400000
v 3.400000 2.880000 1.400000
v 2.800000 2.960000 1.500000
v 3.300000 2.960000 1.500000
v 2.700000 2.960000 1.400000
v 2.800000 2.960000 1.400000
v 2.900000 2.960000 1.400000
v 3.200000 2.960000 1.400000
v 3.300000 2.960000 1.400000
v 3.400000 2.960000 1.400000
v 2.700000 2.960000 1.300000
v 2.800000 2.960000 1.300000
v 3.300000 2.960000 1.300000
v 3.400000 2.960000 1.300000
v 2.600000 2.960000 1.100000
v 2.700000 2.960000 1.100000
v 2.900000 2.960000 1.100000
v 3.200000 2.960000 1.100000
v 3.400000 2.960000 1.100000
v 3.500000 2.960000 1.100000
v 2.600000 2.960000 1.000000
v 2.700000 2.960000 1.000000
v 2.800000 2.960000 1.000000
v 3.300000 2.960000 1.000000
v 3.400000 2.960000 1.000000
v 3.500000 2.960000 1.000000
v 2.700000 2.960000 0.900000
v 2.800000 2.960000 0.900000
v 3.300000 2.960000 0.900000
v 3.400000 2.960000 0.900000
v 2.800000 3.040000 1.400000
v 2.900000 3.040000 1.400000
v 3.200000 3.040000 1.400000
v 3.300000 3.040000 1.400000
v 2.700000 3.040000 1.300000
v 2.800000 3.040000 1.300000
v 3.300000 3.040000 1.300000
v 3.400000 3.040000 1.300000
v 2.700000 3.040000 1.200000
v 2.800000 3.040000 1.200000
v 3.300000 3.040000 1.200000
v 3.400000 3.040000 1.200000
v 2.800000 3.040000 1.100000
v 2.900000 3.040000 1.100000
v 3.200000 3.040000 1.100000
v 3.300000 3.040000 1.100000
v 2.600000 3.120000 1.000000
v 2.700000 3.120000 1.000000
v 3.400000 3.120000 1.000000
v 3.500000 3.120000 1.000000
v 2.600000 3.120000 0.900000
v 2.700000 3.120000 0.900000
v 2.800000 3.120000 0.900000
v 3.300000 3.120000 0.900000
v 3.400000 3.120000 0.900000
v 3.500000 3.120000 0.900000
v 2.700000 3.120000 0.800000
v 2.800000 3.120000 0.800000
v 3.300000 3.120000 0.800000
v 3.400000 3.120000 0.800000
v 2.700000 3.200000 1.200000
v 2.800000 3.200000 1.200000
v 3.300000 3.200000 1.200000
v 3.400000 3.200000 1.200000
v 2.700000 3.200000 1.000000
v 2.800000 3.200000 1.000000
v 3.300000 3.200000 1.000000
v 3.400000 3.200000 1.000000
v -0.900000 0.640000 2.800000
v 1.200000 0.640000 2.800000
v 2.000000 0.640000 2.800000
v 4.100000 0.640000 2.800000
v -1.000000 0.640000 2.700000
v -0.900000 0.640000 2.700000
v 1.200000 0.640000 2.700000
v 1.300000 0.640000 2.700000
v 1.900000 0.640000 2.700000
v 2.000000 0.640000 2.700000
v 4.100000 0.640000 2.700000
v 4.200000 0.640000 2.700000
v -1.100000 0.640000 2.600000
v -1.000000 0.640000 2.600000
v -0.900000 0.640000 2.600000
v -0.800000 0.640000 2.600000
v 1.100000 0.640000 2.600000
v 1.200000 0.640000 2.600000
v 1.300000 0.640000 2.600000
v 1.400000 0.640000 2.600000
v 1.800000 0.640000 2.600000
v 1.900000 0.640000 2.600000
v 2.000000 0.640000 2.600000
v 2.100000 0.640000 2.600000
v 4.000000 0.640000 2.600000
v 4.100000 0.640000 2.600000
v 4.200000 0.640000 2.600000
v 4.300000 0.640000 2.600000
v -0.900000 0.640000 2.500000
v -0.800000 0.640000 2.500000
v -0.700000 0.640000 2.500000
v 1.000000 0.640000 2.500000
v 1.100000 0.640000 2.500000
v 1.200000 0.640000 2.500000
v 2.000000 0.640000 2.500000
v 2.100000 0.640000 2.500000
v 2.200000 0.640000 2.500000
v 3.900000 0.640000 2.500000
v 4.000000 0.640000 2.500000
v 4.100000 0.640000 2.500000
v -0.800000 0.640000 2.400000
v -0.700000 0.640000 2.400000
v -0.600000 0.640000 2.400000
v 0.900000 0.640000 2.400000
v 1.000000 0.640000 2.400000
v 1.100000 0.640000 2.400000
v 2.100000 0.640000 2.400000
v 2.200000 0.640000 2.400000
v 2.300000 0.640000 2.400000
v 3.800000 0.640000 2.400000
v 3.900000 0.640000 2.400000
v 4.000000 0.640000 2.400000
v -0.700000 0.640000 2.300000
v -0.600000 0.640000 2.300000
v -0.500000 0.640000 2.300000
v 0.800000 0.640000 2.300000
v 0.900000 0.640000 2.300000
v 1.000000 0.640000 2.300000
v 2.200000 0.640000 2.300000
v 2.300000 0.640000 2.300000
v 2.400000 0.640000 2.300000
v 3.700000 0.640000 2.300000
v 3.800000 0.640000 2.300000
v 3.900000 0.640000 2.300000
v -0.600000 0.640000 2.200000
v -0.500000 0.640000 2.200000
v -0.400000 0.640000 2.200000
v 0.700000 0.640000 2.200000
v 0.800000 0.640000 2.200000
v 0.900000 0.640000 2.200000
v 2.300000 0.640000 2.200000
v 2.400000 0.640000 2.200000
v 2.500000 0.640000 2.200000
v 3.600000 0.640000 2.200000
v 3.700000 0.640000 2.200000
v 3.800000 0.640000 2.200000
v -0.500000 0.640000 2.100000
v -0.400000 0.640000 2.100000
v 0.700000 0.640000 2.100000
v 0.800000 0.640000 2.100000
v 2.400000 0.640000 2.100000
v 2.500000 0.640000 2.100000
v 3.600000 0.640000 2.100000
v 3.700000 0.640000 2.100000
v -0.100000 0.640000 1.900000
v 0.100000 0.640000 1.900000
v 0.200000 0.640000 1.900000
v 0.400000 0.640000 1.900000
v 0.500000 0.640000 1.800000
v 0.600000 0.640000 1.800000
v 0.500000 0.640000 1.700000
v 0.600000 0.640000 1.700000
v 2.800000 0.640000 1.700000
v 3.000000 0.640000 1.700000
v 3.100000 0.640000 1.700000
v 3.300000 0.640000 1.700000
v 0.500000 0.640000 1.600000
v 0.600000 0.640000 1.600000
v -0.100000 0.640000 1.500000
v 0.100000 0.640000 1.500000
v 0.200000 0.640000 1.500000
v 0.400000 0.640000 1.500000
v 0.500000 0.640000 1.500000
v 0.600000 0.640000 1.500000
v 2.800000 0.640000 1.500000
v 3.000000 0.640000 1.500000
v 3.100000 0.640000 1.500000
v 3.300000 0.640000 1.500000
v -0.500000 0.640000 1.000000
v -0.400000 0.640000 1.000000
v 0.700000 0.640000 1.000000
v 0.800000 0.640000 1.000000
v 2.400000 0.640000 1.000000
v 2.500000 0.640000 1.000000
v 3.600000 0.640000 1.000000
v 3.700000 0.640000 1.000000
v -0.600000 0.640000 0.900000
v -0.500000 0.640000 0.900000
v -0.400000 0.640000 0.900000
v 0.700000 0.640000 0.900000
v 0.800000 0.640000 0.900000
v 0.900000 0.640000 0.900000
v 2.300000 0.640000 0.900000
v 2.400000 0.640000 0.900000
v 2.500000 0.640000 0.900000
v 3.600000 0.640000 0.900000
v 3.700000 0.640000 0.900000
v 3.800000 0.640000 0.900000
v -0.700000 0.640000 0.800000
v -0.600000 0.640000 0.800000
v -0.500000 0.640000 0.800000
v 0.800000 0.640000 0.800000
v 0.900000 0.640000 0.800000
v 1.000000 0.640000 0.800000
v 2.200000 0.640000 0.800000
v 2.300000 0.640000 0.800000
v 2.400000 0.640000 0.800000
v 3.700000 0.640000 0.800000
v 3.800000 0.640000 0.800000
v 3.900000 0.640000 0.800000
v -0.800000 0.640000 0.700000
v -0.700000 0.640000 0.700000
v -0.600000 0.640000 0.700000
v 0.900000 0.640000 0.700000
v 1.000000 0.640000 0.700000
v 1.100000 0.640000 0.700000
v 2.100000 0.640000 0.700000
v 2.200000 0.640000 0.700000
v 2.300000 0.640000 0.700000
v 3.800000 0.640000 0.700000
v 3.900000 0.640000 0.700000
v 4.000000 0.640000 0.700000
v -0.900000 0.640000 0.600000
v -0.800000 0.640000 0.600000
v -0.700000 0.640000 0.600000
v 1.000000 0.640000 0.600000
v 1.100000 0.640000 0.600000
v 1.200000 0.640000 0.600000
v 2.000000 0.640000 0.600000
v 2.100000 0.640000 0.600000
v 2.200000 0.640000 0.600000
v 3.900000 0.640000 0.600000
v 4.000000 0.640000 0.600000
v 4.100000 0.640000 0.600000
v -1.100000 0.640000 0.500000
v -1.000000 0.640000 0.500000
v -0.900000 0.640000 0.500000
v -0.800000 0.640000 0.500000
v 1.100000 0.640000 0.500000
v 1.200000 0.640000 0.500000
v 1.300000 0.640000 0.500000
v 1.400000 0.640000 0.500000
v 1.800000 0.640000 0.500000
v 1.900000 0.640000 0.500000
v 2.000000 0.640000 0.500000
v 2.100000 0.640000 0.500000
v 4.000000 0.640000 0.500000
v 4.100000 0.640000 0.500000
v 4.200000 0.640000 0.500000
v 4.300000 0.640000 0.500000
v -1.000000 0.640000 0.400000
v -0.900000 0.640000 0.400000
v 1.200000 0.640000 0.400000
v 1.300000 0.640000 0.400000
v 1.900000 0.640000 0.400000
v 2.000000 0.640000 0.400000
v 4.100000 0.640000 0.400000
v 4.200000 0.640000 0.400000
v -0.900000 0.640000 0.300000
v 1.200000 0.640000 0.300000
v 2.000000 0.640000 0.300000
v 4.100000 0.640000 0.300000
v 0.000000 0.800000 1.900000
v 0.100000 0.800000 1.900000
v 0.200000 0.800000 1.900000
v 0.300000 0.800000 1.900000
v 0.000000 0.800000 1.800000
v 0.100000 0.800000 1.800000
v 0.200000 0.800000 1.800000
v 0.300000 0.800000 1.800000
v 2.800000 0.800000 1.700000
v 3.000000 0.800000 1.700000
v 3.100000 0.800000 1.700000
v 3.300000 0.800000 1.700000
v 2.800000 0.800000 1.600000
v 3.000000 0.800000 1.600000
v 3.100000 0.800000 1.600000
v 3.300000 0.800000 1.600000
v 0.000000 1.040000 1.700000
v 0.100000 1.040000 1.700000
v 0.300000 1.040000 1.700000
v 0.000000 1.040000 1.600000
v 0.300000 1.040000 1.600000
v 0.200000 1.120000 1.900000
v 0.300000 1.120000 1.900000
v 0.200000 1.120000 1.800000
v 0.300000 1.120000 1.800000
v -0.400000 1.200000 1.700000
v -0.300000 1.200000 1.700000
v 0.600000 1.200000 1.700000
v 0.700000 1.200000 1.700000
v -0.400000 1.200000 1.600000
v -0.300000 1.200000 1.600000
v 0.600000 1.200000 1.600000
v 0.700000 1.200000 1.600000
v -0.300000 1.280000 1.800000
v -0.200000 1.280000 1.800000
v 0.500000 1.280000 1.800000
v 0.600000 1.280000 1.800000
v -0.300000 1.280000 1.700000
v -0.200000 1.280000 1.700000
v 0.500000 1.280000 1.700000
v 0.600000 1.280000 1.700000
v -0.200000 1.360000 1.900000
v -0.100000 1.360000 1.900000
v 0.300000 1.360000 1.900000
v 0.500000 1.360000 1.900000
v -0.200000 1.360000 1.800000
v -0.100000 1.360000 1.800000
v 0.300000 1.360000 1.800000
v 0.400000 1.360000 1.800000
v 0.500000 1.360000 1.800000
v -0.300000 1.360000 1.700000
v -0.200000 1.360000 1.700000
v 0.500000 1.360000 1.700000
v 0.600000 1.360000 1.700000
v -0.300000 1.360000 1.500000
v -0.200000 1.360000 1.500000
v 0.500000 1.360000 1.500000
v 0.600000 1.360000 1.500000
v 3.000000 1.440000 2.400000
v 3.100000 1.440000 2.400000
v 2.800000 1.440000 2.300000
v 2.900000 1.440000 2.300000
v 3.000000 1.440000 2.300000
v 3.100000 1.440000 2.300000
v 3.200000 1.440000 2.300000
v 3.300000 1.440000 2.300000
v 2.500000 1.440000 2.200000
v 2.600000 1.440000 2.200000
v 2.800000 1.440000 2.200000
v 2.900000 1.440000 2.200000
v 3.200000 1.440000 2.200000
v 3.300000 1.440000 2.200000
v 3.500000 1.440000 2.200000
v 3.600000 1.440000 2.200000
v 2.400000 1.440000 2.100000
v 2.500000 1.440000 2.100000
v 2.600000 1.440000 2.100000
v 3.500000 1.440000 2.100000
v 3.600000 1.440000 2.100000
v 3.700000 1.440000 2.100000
v 2.400000 1.440000 2.000000
v 2.500000 1.440000 2.000000
v 3.600000 1.440000 2.000000
v 3.700000 1.440000 2.000000
v -0.100000 1.440000 1.900000
v 0.000000 1.440000 1.900000
v -0.200000 1.440000 1.800000
v -0.100000 1.440000 1.800000
v 0.000000 1.440000 1.800000
v -0.200000 1.440000 1.700000
v -0.100000 1.440000 1.700000
v -0.200000 1.440000 1.500000
v -0.100000 1.440000 1.500000
v 0.400000 1.440000 1.500000
v 0.500000 1.440000 1.500000
v -0.200000 1.440000 1.400000
v -0.100000 1.440000 1.400000
v 0.000000 1.440000 1.400000
v 0.300000 1.440000 1.400000
v 0.400000 1.440000 1.400000
v 0.500000 1.440000 1.400000
v -0.100000 1.440000 1.300000
v 0.000000 1.440000 1.300000
v 0.300000 1.440000 1.300000
v 0.400000 1.440000 1.300000
v 2.600000 1.520000 2.200000
v 2.700000 1.520000 2.200000
v 3.400000 1.520000 2.200000
v 3.500000 1.520000 2.200000
v 2.600000 1.520000 2.100000
v 2.700000 1.520000 2.100000
v 3.400000 1.520000 2.100000
v 3.500000 1.520000 2.100000
v 2.400000 1.520000 2.000000
v 2.500000 1.520000 2.000000
v 3.600000 1.520000 2.000000
v 3.700000 1.520000 2.000000
v 2.300000 1.520000 1.900000
v 2.400000 1.520000 1.900000
v 2.500000 1.520000 1.900000
v 3.600000 1.520000 1.900000
v 3.700000 1.520000 1.900000
v 3.800000 1.520000 1.900000
v 0.400000 1.520000 1.800000
v 0.500000 1.520000 1.800000
v 2.200000 1.520000 1.800000
v 2.300000 1.520000 1.800000
v 2.400000 1.520000 1.800000
v 3.700000 1.520000 1.800000
v 3.800000 1.520000 1.800000
v 3.900000 1.520000 1.800000
v -0.200000 1.520000 1.700000
v -0.100000 1.520000 1.700000
v 0.400000 1.520000 1.700000
v 2.200000 1.520000 1.700000
v 2.300000 1.520000 1.700000
v 3.800000 1.520000 1.700000
v 3.900000 1.520000 1.700000
v 2.900000 1.520000 1.600000
v 3.000000 1.520000 1.600000
v 3.100000 1.520000 1.600000
v 3.200000 1.520000 1.600000
v -0.200000 1.520000 1.500000
v -0.100000 1.520000 1.500000
v 0.000000 1.520000 1.500000
v 0.300000 1.520000 1.500000
v 0.400000 1.520000 1.500000
v 0.500000 1.520000 1.500000
v 2.900000 1.520000 1.500000
v 3.000000 1.520000 1.500000
v 3.100000 1.520000 1.500000
v 3.200000 1.520000 1.500000
v -0.100000 1.520000 1.400000
v 0.000000 1.520000 1.400000
v 0.300000 1.520000 1.400000
v 0.400000 1.520000 1.400000
v 0.000000 1.520000 1.300000
v 0.300000 1.520000 1.300000
v 2.900000 1.600000 2.300000
v 3.000000 1.600000 2.300000
v 3.100000 1.600000 2.300000
v 3.200000 1.600000 2.300000
v 2.700000 1.600000 2.200000
v 2.900000 1.600000 2.200000
v 3.000000 1.600000 2.200000
v 3.100000 1.600000 2.200000
v 3.200000 1.600000 2.200000
v 3.400000 1.600000 2.200000
v 2.500000 1.600000 2.100000
v 2.600000 1.600000 2.100000
v 2.700000 1.600000 2.100000
v 2.900000 1.600000 2.100000
v 3.200000 1.600000 2.100000
v 3.400000 1.600000 2.100000
v 3.500000 1.600000 2.100000
v 3.600000 1.600000 2.100000
v 2.500000 1.600000 2.000000
v 2.600000 1.600000 2.000000
v 3.500000 1.600000 2.000000
v 3.600000 1.600000 2.000000
v 2.400000 1.600000 1.900000
v 2.500000 1.600000 1.900000
v 3.600000 1.600000 1.900000
v 3.700000 1.600000 1.900000
v 2.300000 1.600000 1.800000
v 2.400000 1.600000 1.800000
v 2.500000 1.600000 1.800000
v 3.600000 1.600000 1.800000
v 3.700000 1.600000 1.800000
v 3.800000 1.600000 1.800000
v 2.100000 1.600000 1.700000
v 2.200000 1.600000 1.700000
v 2.300000 1.600000 1.700000
v 2.400000 1.600000 1.700000
v 3.700000 1.600000 1.700000
v 3.800000 1.600000 1.700000
v 3.900000 1.600000 1.700000
v 4.000000 1.600000 1.700000
v 2.100000 1.600000 1.600000
v 2.200000 1.600000 1.600000
v 3.900000 1.600000 1.600000
v 4.000000 1.600000 1.600000
v 2.100000 1.600000 1.400000
v 2.200000 1.600000 1.400000
v 3.900000 1.600000 1.400000
v 4.000000 1.600000 1.400000
v 2.100000 1.600000 1.300000
v 2.200000 1.600000 1.300000
v 3.900000 1.600000 1.300000
v 4.000000 1.600000 1.300000
v 3.000000 1.680000 2.300000
v 3.100000 1.680000 2.300000
v 2.900000 1.680000 2.200000
v 3.000000 1.680000 2.200000
v 3.100000 1.680000 2.200000
v 3.200000 1.680000 2.200000
v 2.600000 1.680000 2.100000
v 2.700000 1.680000 2.100000
v 2.900000 1.680000 2.100000
v 3.000000 1.680000 2.100000
v 3.100000 1.680000 2.100000
v 3.200000 1.680000 2.100000
v 3.400000 1.680000 2.100000
v 3.500000 1.680000 2.100000
v 2.500000 1.680000 2.000000
v 2.600000 1.680000 2.000000
v 2.700000 1.680000 2.000000
v 3.400000 1.680000 2.000000
v 3.500000 1.680000 2.000000
v 3.600000 1.680000 2.000000
v 2.500000 1.680000 1.900000
v 2.600000 1.680000 1.900000
v 3.500000 1.680000 1.900000
v 3.600000 1.680000 1.900000
v 2.200000 1.680000 1.700000
v 2.300000 1.680000 1.700000
v 2.800000 1.680000 1.700000
v 2.900000 1.680000 1.700000
v 3.200000 1.680000 1.700000
v 3.300000 1.680000 1.700000
v 3.800000 1.680000 1.700000
v 3.900000 1.680000 1.700000
v 2.100000 1.680000 1.600000
v 2.200000 1.680000 1.600000
v 2.300000 1.680000 1.600000
v 2.800000 1.680000 1.600000
v 2.900000 1.680000 1.600000
v 3.200000 1.680000 1.600000
v 3.300000 1.680000 1.600000
v 3.800000 1.680000 1.600000
v 3.900000 1.680000 1.600000
v 4.000000 1.680000 1.600000
v 2.100000 1.680000 1.400000
v 2.200000 1.680000 1.400000
v 3.900000 1.680000 1.400000
v 4.000000 1.680000 1.400000
v 2.500000 1.680000 1.000000
v 2.600000 1.680000 1.000000
v 3.500000 1.680000 1.000000
v 3.600000 1.680000 1.000000
v 2.500000 1.680000 0.900000
v 2.600000 1.680000 0.900000
v 2.800000 1.680000 0.900000
v 2.900000 1.680000 0.900000
v 3.200000 1.680000 0.900000
v 3.300000 1.680000 0.900000
v 3.500000 1.680000 0.900000
v 3.600000 1.680000 0.900000
v 2.800000 1.680000 0.800000
v 2.900000 1.680000 0.800000
v 3.200000 1.680000 0.800000
v 3.300000 1.680000 0.800000
v 3.000000 1.760000 2.200000
v 3.100000 1.760000 2.200000
v 2.700000 1.760000 2.100000
v 2.900000 1.760000 2.100000
v 3.000000 1.760000 2.100000
v 3.100000 1.760000 2.100000
v 3.200000 1.760000 2.100000
v 3.400000 1.760000 2.100000
v -0.200000 1.760000 2.000000
v 0.000000 1.760000 2.000000
v 0.300000 1.760000 2.000000
v 0.500000 1.760000 2.000000
v 2.700000 1.760000 2.000000
v 2.900000 1.760000 2.000000
v 3.200000 1.760000 2.000000
v 3.400000 1.760000 2.000000
v -0.200000 1.760000 1.900000
v 0.000000 1.760000 1.900000
v 0.300000 1.760000 1.900000
v 0.500000 1.760000 1.900000
v 2.500000 1.760000 1.900000
v 2.600000 1.760000 1.900000
v 3.500000 1.760000 1.900000
v 3.600000 1.760000 1.900000
v 2.400000 1.760000 1.800000
v 2.500000 1.760000 1.800000
v 2.600000 1.760000 1.800000
v 3.500000 1.760000 1.800000
v 3.600000 1.760000 1.800000
v 3.700000 1.760000 1.800000
v 2.300000 1.760000 1.700000
v 2.400000 1.760000 1.700000
v 2.500000 1.760000 1.700000
v 3.600000 1.760000 1.700000
v 3.700000 1.760000 1.700000
v 3.800000 1.760000 1.700000
v 2.200000 1.760000 1.600000
v 2.300000 1.760000 1.600000
v 2.400000 1.760000 1.600000
v 3.700000 1.760000 1.600000
v 3.800000 1.760000 1.600000
v 3.900000 1.760000 1.600000
v 2.300000 1.760000 1.400000
v 2.400000 1.760000 1.400000
v 3.700000 1.760000 1.400000
v 3.800000 1.760000 1.400000
v 2.200000 1.760000 1.300000
v 2.300000 1.760000 1.300000
v 3.800000 1.760000 1.300000
v 3.900000 1.760000 1.300000
v 2.300000 1.760000 1.200000
v 2.400000 1.760000 1.200000
v 2.500000 1.760000 1.200000
v 3.600000 1.760000 1.200000
v 3.700000 1.760000 1.200000
v 3.800000 1.760000 1.200000
v 2.400000 1.760000 1.000000
v 2.500000 1.760000 1.000000
v 2.600000 1.760000 1.000000
v 2.700000 1.760000 1.000000
v 3.400000 1.760000 1.000000
v 3.500000 1.760000 1.000000
v 3.600000 1.760000 1.000000
v 3.700000 1.760000 1.000000
v 2.600000 1.760000 0.900000
v 2.700000 1.760000 0.900000
v 2.900000 1.760000 0.900000
v 3.200000 1.760000 0.900000
v 3.400000 1.760000 0.900000
v 3.500000 1.760000 0.900000
v 2.900000 1.760000 0.800000
v 3.200000 1.760000 0.800000
v 2.900000 1.840000 2.100000
v 3.000000 1.840000 2.100000
v 3.100000 1.840000 2.100000
v 3.200000 1.840000 2.100000
v 2.600000 1.840000 2.000000
v 2.700000 1.840000 2.000000
v 2.900000 1.840000 2.000000
v 3.000000 1.840000 2.000000
v 3.100000 1.840000 2.000000
v 3.200000 1.840000 2.000000
v 3.400000 1.840000 2.000000
v 3.500000 1.840000 2.000000
v 2.500000 1.840000 1.800000
v 2.600000 1.840000 1.800000
v 2.700000 1.840000 1.800000
v 2.900000 1.840000 1.800000
v 3.000000 1.840000 1.800000
v 3.100000 1.840000 1.800000
v 3.200000 1.840000 1.800000
v 3.400000 1.840000 1.800000
v 3.500000 1.840000 1.800000
v 3.600000 1.840000 1.800000
v 2.400000 1.840000 1.700000
v 2.500000 1.840000 1.700000
v 2.600000 1.840000 1.700000
v 2.900000 1.840000 1.700000
v 3.000000 1.840000 1.700000
v 3.100000 1.840000 1.700000
v 3.200000 1.840000 1.700000
v 3.500000 1.840000 1.700000
v 3.600000 1.840000 1.700000
v 3.700000 1.840000 1.700000
v 2.300000 1.840000 1.600000
v 2.400000 1.840000 1.600000
v 2.500000 1.840000 1.600000
v 3.600000 1.840000 1.600000
v 3.700000 1.840000 1.600000
v 3.800000 1.840000 1.600000
v 2.300000 1.840000 1.400000
v 2.400000 1.840000 1.400000
v 2.500000 1.840000 1.400000
v 3.600000 1.840000 1.400000
v 3.700000 1.840000 1.400000
v 3.800000 1.840000 1.400000
v 2.400000 1.840000 1.200000
v 2.500000 1.840000 1.200000
v 3.600000 1.840000 1.200000
v 3.700000 1.840000 1.200000
v 2.500000 1.840000 1.100000
v 2.600000 1.840000 1.100000
v 3.500000 1.840000 1.100000
v 3.600000 1.840000 1.100000
v 2.500000 1.840000 1.000000
v 2.600000 1.840000 1.000000
v 2.700000 1.840000 1.000000
v 2.900000 1.840000 1.000000
v 3.200000 1.840000 1.000000
v 3.400000 1.840000 1.000000
v 3.500000 1.840000 1.000000
v 3.600000 1.840000 1.000000
v 2.700000 1.840000 0.900000
v 2.900000 1.840000 0.900000
v 3.200000 1.840000 0.900000
v 3.400000 1.840000 0.900000
v 3.000000 1.920000 2.100000
v 3.100000 1.920000 2.100000
v 2.700000 1.920000 2.000000
v 2.900000 1.920000 2.000000
v 3.000000 1.920000 2.000000
v 3.100000 1.920000 2.000000
v 3.200000 1.920000 2.000000
v 3.400000 1.920000 2.000000
v 2.700000 1.920000 1.900000
v 2.900000 1.920000 1.900000
v 3.200000 1.920000 1.900000
v 3.400000 1.920000 1.900000
v 2.600000 1.920000 1.800000
v 2.700000 1.920000 1.800000
v 3.400000 1.920000 1.800000
v 3.500000 1.920000 1.800000
v 2.500000 1.920000 1.700000
v 2.600000 1.920000 1.700000
v 2.700000 1.920000 1.700000
v 3.400000 1.920000 1.700000
v 3.500000 1.920000 1.700000
v 3.600000 1.920000 1.700000
v 2.400000 1.920000 1.600000
v 2.500000 1.920000 1.600000
v 2.600000 1.920000 1.600000
v 3.500000 1.920000 1.600000
v 3.600000 1.920000 1.600000
v 3.700000 1.920000 1.600000
v 2.400000 1.920000 1.400000
v 2.500000 1.920000 1.400000
v 2.600000 1.920000 1.400000
v 3.500000 1.920000 1.400000
v 3.600000 1.920000 1.400000
v 3.700000 1.920000 1.400000
v 2.600000 1.920000 1.200000
v 2.700000 1.920000 1.200000
v 3.400000 1.920000 1.200000
v 3.500000 1.920000 1.200000
v 2.500000 1.920000 1.100000
v 2.600000 1.920000 1.100000
v 2.700000 1.920000 1.100000
v 2.800000 1.920000 1.100000
v 3.300000 1.920000 1.100000
v 3.400000 1.920000 1.100000
v 3.500000 1.920000 1.100000
v 3.600000 1.920000 1.100000
v 2.600000 1.920000 1.000000
v 2.800000 1.920000 1.000000
v 2.900000 1.920000 1.000000
v 3.200000 1.920000 1.000000
v 3.300000 1.920000 1.000000
v 3.500000 1.920000 1.000000
v 2.900000 1.920000 0.900000
v 3.200000 1.920000 0.900000
v 2.900000 2.000000 2.000000
v 3.000000 2.000000 2.000000
v 3.100000 2.000000 2.000000
v 3.200000 2.000000 2.000000
v 2.700000 2.000000 1.900000
v 2.800000 2.000000 1.900000
v 2.900000 2.000000 1.900000
v 3.000000 2.000000 1.900000
v 3.100000 2.000000 1.900000
v 3.200000 2.000000 1.900000
v 3.300000 2.000000 1.900000
v 3.400000 2.000000 1.900000
v 2.600000 2.000000 1.700000
v 2.700000 2.000000 1.700000
v 2.800000 2.000000 1.700000
v 3.300000 2.000000 1.700000
v 3.400000 2.000000 1.700000
v 3.500000 2.000000 1.700000
v 2.500000 2.000000 1.600000
v 2.600000 2.000000 1.600000
v 2.700000 2.000000 1.600000
v 3.400000 2.000000 1.600000
v 3.500000 2.000000 1.600000
v 3.600000 2.000000 1.600000
v 2.500000 2.000000 1.400000
v 2.600000 2.000000 1.400000
v 2.700000 2.000000 1.400000
v 3.400000 2.000000 1.400000
v 3.500000 2.000000 1.400000
v 3.600000 2.000000 1.400000
v 2.600000 2.000000 1.200000
v 2.700000 2.000000 1.200000
v 2.800000 2.000000 1.200000
v 3.300000 2.000000 1.200000
v 3.400000 2.000000 1.200000
v 3.500000 2.000000 1.200000
v 2.700000 2.000000 1.100000
v 2.800000 2.000000 1.100000
v 3.300000 2.000000 1.100000
v 3.400000 2.000000 1.100000
v 2.800000 2.000000 1.000000
v 3.300000 2.000000 1.000000
v 3.000000 2.080000 2.000000
v 3.100000 2.080000 2.000000
v 2.800000 2.080000 1.900000
v 3.000000 2.080000 1.900000
v 3.100000 2.080000 1.900000
v 3.300000 2.080000 1.900000
v 2.800000 2.080000 1.800000
v 3.000000 2.080000 1.800000
v 3.100000 2.080000 1.800000
v 3.300000 2.080000 1.800000
v 2.700000 2.080000 1.700000
v 2.800000 2.080000 1.700000
v 3.300000 2.080000 1.700000
v 3.400000 2.080000 1.700000
v 2.600000 2.080000 1.600000
v 2.700000 2.080000 1.600000
v 2.800000 2.080000 1.600000
v 3.300000 2.080000 1.600000
v 3.400000 2.080000 1.600000
v 3.500000 2.080000 1.600000
v 2.600000 2.080000 1.400000
v 2.700000 2.080000 1.400000
v 2.800000 2.080000 1.400000
v 3.300000 2.080000 1.400000
v 3.400000 2.080000 1.400000
v 3.500000 2.080000 1.400000
v 2.800000 2.080000 1.300000
v 2.900000 2.080000 1.300000
v 3.200000 2.080000 1.300000
v 3.300000 2.080000 1.300000
v 2.700000 2.080000 1.200000
v 2.800000 2.080000 1.200000
v 2.900000 2.080000 1.200000
v 3.200000 2.080000 1.200000
v 3.300000 2.080000 1.200000
v 3.400000 2.080000 1.200000
v 2.800000 2.080000 1.100000
v 3.300000 2.080000 1.100000
v 3.000000 2.160000 1.900000
v 3.100000 2.160000 1.900000
v 2.800000 2.160000 1.800000
v 2.900000 2.160000 1.800000
v 3.000000 2.160000 1.800000
v 3.100000 2.160000 1.800000
v 3.200000 2.160000 1.800000
v 3.300000 2.160000 1.800000
v 2.800000 2.160000 1.700000
v 2.900000 2.160000 1.700000
v 3.200000 2.160000 1.700000
v 3.300000 2.160000 1.700000
v 2.700000 2.160000 1.600000
v 2.800000 2.160000 1.600000
v 3.300000 2.160000 1.600000
v 3.400000 2.160000 1.600000
v 2.700000 2.160000 1.400000
v 2.800000 2.160000 1.400000
v 2.900000 2.160000 1.400000
v 3.200000 2.160000 1.400000
v 3.300000 2.160000 1.400000
v 3.400000 2.160000 1.400000
v 2.800000 2.160000 1.300000
v 2.900000 2.160000 1.300000
v 3.200000 2.160000 1.300000
v 3.300000 2.160000 1.300000
v 2.900000 2.160000 1.200000
v 3.200000 2.160000 1.200000
v -0.300000 2.240000 2.000000
v -0.200000 2.240000 2.000000
v 0.500000 2.240000 2.000000
v 0.600000 2.240000 2.000000
v -0.400000 2.240000 1.900000
v -0.300000 2.240000 1.900000
v -0.200000 2.240000 1.900000
v 0.500000 2.240000 1.900000
v 0.600000 2.240000 1.900000
v 0.700000 2.240000 1.900000
v -0.400000 2.240000 1.800000
v -0.300000 2.240000 1.800000
v 0.600000 2.240000 1.800000
v 0.700000 2.240000 1.800000
v -0.400000 2.240000 1.400000
v -0.300000 2.240000 1.400000
v 0.600000 2.240000 1.400000
v 0.700000 2.240000 1.400000
v -0.400000 2.240000 1.300000
v -0.300000 2.240000 1.300000
v -0.200000 2.240000 1.300000
v 0.500000 2.240000 1.300000
v 0.600000 2.240000 1.300000
v 0.700000 2.240000 1.300000
v -0.300000 2.240000 1.200000
v -0.200000 2.240000 1.200000
v -0.100000 2.240000 1.200000
v 0.400000 2.240000 1.200000
v 0.500000 2.240000 1.200000
v 0.600000 2.240000 1.200000
v -0.200000 2.240000 1.100000
v -0.100000 2.240000 1.100000
v 0.400000 2.240000 1.100000
v 0.500000 2.240000 1.100000
v -0.200000 2.320000 2.000000
v -0.100000 2.320000 2.000000
v 0.400000 2.320000 2.000000
v 0.500000 2.320000 2.000000
v -0.200000 2.320000 1.900000
v -0.100000 2.320000 1.900000
v 0.400000 2.320000 1.900000
v 0.500000 2.320000 1.900000
v 2.900000 2.320000 1.900000
v 3.200000 2.320000 1.900000
v 2.900000 2.320000 1.800000
v 3.200000 2.320000 1.800000
v 2.700000 2.320000 1.700000
v 2.800000 2.320000 1.700000
v 3.300000 2.320000 1.700000
v 3.400000 2.320000 1.700000
v -0.300000 2.320000 1.400000
v -0.200000 2.320000 1.400000
v 0.500000 2.320000 1.400000
v 0.600000 2.320000 1.400000
v -0.300000 2.320000 1.300000
v -0.200000 2.320000 1.300000
v -0.100000 2.320000 1.300000
v 0.400000 2.320000 1.300000
v 0.500000 2.320000 1.300000
v 0.600000 2.320000 1.300000
v 2.700000 2.320000 1.300000
v 2.800000 2.320000 1.300000
v 3.300000 2.320000 1.300000
v 3.400000 2.320000 1.300000
v -0.200000 2.320000 1.200000
v -0.100000 2.320000 1.200000
v 0.400000 2.320000 1.200000
v 0.500000 2.320000 1.200000
v 2.800000 2.320000 1.200000
v 3.300000 2.320000 1.200000
v -0.100000 2.320000 1.100000
v 0.400000 2.320000 1.100000
v -0.100000 2.400000 2.000000
v 0.400000 2.400000 2.000000
v -0.300000 2.400000 1.900000
v -0.200000 2.400000 1.900000
v -0.100000 2.400000 1.900000
v 0.400000 2.400000 1.900000
v 0.500000 2.400000 1.900000
v 0.600000 2.400000 1.900000
v -0.400000 2.400000 1.800000
v -0.300000 2.400000 1.800000
v -0.200000 2.400000 1.800000
v 0.500000 2.400000 1.800000
v 0.600000 2.400000 1.800000
v 0.700000 2.400000 1.800000
v 2.800000 2.400000 1.800000
v 3.000000 2.400000 1.800000
v 3.100000 2.400000 1.800000
v 3.300000 2.400000 1.800000
v -0.400000 2.400000 1.700000
v -0.300000 2.400000 1.700000
v 0.600000 2.400000 1.700000
v 0.700000 2.400000 1.700000
v 2.800000 2.400000 1.700000
v 3.000000 2.400000 1.700000
v 3.100000 2.400000 1.700000
v 3.300000 2.400000 1.700000
v -0.400000 2.400000 1.500000
v -0.300000 2.400000 1.500000
v 0.600000 2.400000 1.500000
v 0.700000 2.400000 1.500000
v -0.400000 2.400000 1.400000
v -0.300000 2.400000 1.400000
v -0.200000 2.400000 1.400000
v -0.100000 2.400000 1.400000
v 0.400000 2.400000 1.400000
v 0.500000 2.400000 1.400000
v 0.600000 2.400000 1.400000
v 0.700000 2.400000 1.400000
v -0.200000 2.400000 1.300000
v -0.100000 2.400000 1.300000
v 0.400000 2.400000 1.300000
v 0.500000 2.400000 1.300000
v -0.100000 2.400000 1.200000
v 0.400000 2.400000 1.200000
v -0.200000 2.480000 1.900000
v 0.500000 2.480000 1.900000
v -0.300000 2.480000 1.800000
v -0.200000 2.480000 1.800000
v 0.000000 2.480000 1.800000
v 0.300000 2.480000 1.800000
v 0.500000 2.480000 1.800000
v 0.600000 2.480000 1.800000
v -0.300000 2.480000 1.700000
v -0.200000 2.480000 1.700000
v -0.100000 2.480000 1.700000
v 0.000000 2.480000 1.700000
v 0.300000 2.480000 1.700000
v 0.400000 2.480000 1.700000
v 0.500000 2.480000 1.700000
v 0.600000 2.480000 1.700000
v 3.000000 2.480000 1.700000
v 3.100000 2.480000 1.700000
v 3.000000 2.480000 1.600000
v 3.100000 2.480000 1.600000
v -0.300000 2.480000 1.500000
v -0.200000 2.480000 1.500000
v -0.100000 2.480000 1.500000
v 0.000000 2.480000 1.500000
v 0.300000 2.480000 1.500000
v 0.400000 2.480000 1.500000
v 0.500000 2.480000 1.500000
v 0.600000 2.480000 1.500000
v -0.300000 2.480000 1.400000
v -0.100000 2.480000 1.400000
v 0.000000 2.480000 1.400000
v 0.300000 2.480000 1.400000
v 0.400000 2.480000 1.400000
v 0.600000 2.480000 1.400000
v -0.100000 2.480000 1.300000
v 0.400000 2.480000 1.300000
v 0.000000 2.560000 1.800000
v 0.300000 2.560000 1.800000
v -0.300000 2.560000 1.700000
v -0.200000 2.560000 1.700000
v -0.100000 2.560000 1.700000
v 0.000000 2.560000 1.700000
v 0.300000 2.560000 1.700000
v 0.400000 2.560000 1.700000
v 0.500000 2.560000 1.700000
v 0.600000 2.560000 1.700000
v 2.800000 2.560000 1.600000
v 3.000000 2.560000 1.600000
v 3.100000 2.560000 1.600000
v 3.300000 2.560000 1.600000
v -0.300000 2.560000 1.500000
v -0.200000 2.560000 1.500000
v -0.100000 2.560000 1.500000
v 0.000000 2.560000 1.500000
v 0.300000 2.560000 1.500000
v 0.400000 2.560000 1.500000
v 0.500000 2.560000 1.500000
v 0.600000 2.560000 1.500000
v 2.800000 2.560000 1.500000
v 2.900000 2.560000 1.500000
v 3.200000 2.560000 1.500000
v 3.300000 2.560000 1.500000
v 0.000000 2.560000 1.400000
v 0.300000 2.560000 1.400000
v 2.900000 2.560000 1.400000
v 3.000000 2.560000 1.400000
v 3.100000 2.560000 1.400000
v 3.200000 2.560000 1.400000
v 3.000000 2.560000 1.300000
v 3.100000 2.560000 1.300000
v 2.900000 2.640000 1.700000
v 3.000000 2.640000 1.700000
v 3.100000 2.640000 1.700000
v 3.200000 2.640000 1.700000
v 2.900000 2.640000 1.600000
v 3.000000 2.640000 1.600000
v 3.100000 2.640000 1.600000
v 3.200000 2.640000 1.600000
v 2.800000 2.640000 1.500000
v 2.900000 2.640000 1.500000
v 3.200000 2.640000 1.500000
v 3.300000 2.640000 1.500000
v 2.800000 2.640000 1.400000
v 2.900000 2.640000 1.400000
v 3.000000 2.640000 1.400000
v 3.100000 2.640000 1.400000
v 3.200000 2.640000 1.400000
v 3.300000 2.640000 1.400000
v 2.900000 2.640000 1.300000
v 3.000000 2.640000 1.300000
v 3.100000 2.640000 1.300000
v 3.200000 2.640000 1.300000
v 3.000000 2.640000 1.200000
v 3.100000 2.640000 1.200000
v 2.800000 2.720000 1.400000
v 2.900000 2.720000 1.400000
v 3.200000 2.720000 1.400000
v 3.300000 2.720000 1.400000
v 2.800000 2.720000 1.300000
v 2.900000 2.720000 1.300000
v 3.000000 2.720000 1.300000
v 3.100000 2.720000 1.300000
v 3.200000 2.720000 1.300000
v 3.300000 2.720000 1.300000
v 2.900000 2.720000 1.200000
v 3.000000 2.720000 1.200000
v 3.100000 2.720000 1.200000
v 3.200000 2.720000 1.200000
v 2.700000 2.800000 1.800000
v 2.800000 2.800000 1.800000
v 3.300000 2.800000 1.800000
v 3.400000 2.800000 1.800000
v 2.700000 2.800000 1.700000
v 2.800000 2.800000 1.700000
v 3.300000 2.800000 1.700000
v 3.400000 2.800000 1.700000
v 2.700000 2.800000 1.500000
v 2.800000 2.800000 1.500000
v 3.300000 2.800000 1.500000
v 3.400000 2.800000 1.500000
v 2.700000 2.800000 1.400000
v 2.800000 2.800000 1.400000
v 3.300000 2.800000 1.400000
v 3.400000 2.800000 1.400000
v 2.800000 2.800000 1.300000
v 2.900000 2.800000 1.300000
v 3.200000 2.800000 1.300000
v 3.300000 2.800000 1.300000
v 2.800000 2.800000 1.200000
v 2.900000 2.800000 1.200000
v 3.200000 2.800000 1.200000
v 3.300000 2.800000 1.200000
v 2.900000 2.800000 1.100000
v 3.200000 2.800000 1.100000
v 2.800000 2.880000 1.800000
v 3.300000 2.880000 1.800000
v 2.800000 2.880000 1.700000
v 3.300000 2.880000 1.700000
v 2.700000 2.880000 1.400000
v 2.800000 2.880000 1.400000
v 3.300000 2.880000 1.400000
v 3.400000 2.880000 1.400000
v 2.700000 2.880000 1.300000
v 2.800000 2.880000 1.300000
v 3.300000 2.880000 1.300000
v 3.400000 2.880000 1.300000
v 2.800000 2.880000 1.200000
v 2.900000 2.880000 1.200000
v 3.200000 2.880000 1.200000
v 3.300000 2.880000 1.200000
v 2.800000 2.880000 1.100000
v 2.900000 2.880000 1.100000
v 3.200000 2.880000 1.100000
v 3.300000 2.880000 1.100000
v -0.500000 2.960000 1.700000
v -0.400000 2.960000 1.700000
v 0.700000 2.960000 1.700000
v 0.800000 2.960000 1.700000
v 2.700000 2.960000 1.700000
v 3.400000 2.960000 1.700000
v 2.700000 2.960000 1.600000
v 3.000000 2.960000 1.600000
v 3.100000 2.960000 1.600000
v 3.400000 2.960000 1.600000
v -0.500000 2.960000 1.500000
v -0.400000 2.960000 1.500000
v 0.700000 2.960000 1.500000
v 0.800000 2.960000 1.500000
v 3.000000 2.960000 1.500000
v 3.100000 2.960000 1.500000
v 2.700000 2.960000 1.300000
v 2.800000 2.960000 1.300000
v 3.300000 2.960000 1.300000
v 3.400000 2.960000 1.300000
v 2.700000 2.960000 1.100000
v 2.800000 2.960000 1.100000
v 3.300000 2.960000 1.100000
v 3.400000 2.960000 1.100000
v 3.000000 2.960000 1.000000
v 3.100000 2.960000 1.000000
v 3.000000 2.960000 0.900000
v 3.100000 2.960000 0.900000
v -0.400000 3.040000 1.700000
v -0.100000 3.040000 1.700000
v 0.400000 3.040000 1.700000
v 0.700000 3.040000 1.700000
v 2.600000 3.040000 1.600000
v 3.000000 3.040000 1.600000
v 3.100000 3.040000 1.600000
v 3.500000 3.040000 1.600000
v -0.400000 3.040000 1.500000
v -0.100000 3.040000 1.500000
v 0.400000 3.040000 1.500000
v 0.700000 3.040000 1.500000
v 2.600000 3.040000 1.500000
v 2.900000 3.040000 1.500000
v 3.000000 3.040000 1.500000
v 3.100000 3.040000 1.500000
v 3.200000 3.040000 1.500000
v 3.500000 3.040000 1.500000
v 2.900000 3.040000 1.400000
v 3.000000 3.040000 1.400000
v 3.100000 3.040000 1.400000
v 3.200000 3.040000 1.400000
v 2.900000 3.040000 1.000000
v 3.000000 3.040000 1.000000
v 3.100000 3.040000 1.000000
v 3.200000 3.040000 1.000000
v 2.900000 3.040000 0.900000
v 3.000000 3.040000 0.900000
v 3.100000 3.040000 0.900000
v 3.200000 3.040000 0.900000
v 2.600000 3.120000 1.500000
v 2.900000 3.120000 1.500000
v 3.200000 3.120000 1.500000
v 3.500000 3.120000 1.500000
v 2.600000 3.120000 1.400000
v 2.900000 3.120000 1.400000
v 3.000000 3.120000 1.400000
v 3.100000 3.120000 1.400000
v 3.200000 3.120000 1.400000
v 3.500000 3.120000 1.400000
v 2.700000 3.120000 1.100000
v 2.800000 3.120000 1.100000
v 3.300000 3.120000 1.100000
v 3.400000 3.120000 1.100000
v 2.700000 3.120000 1.000000
v 2.800000 3.120000 1.000000
v 2.900000 3.120000 1.000000
v 3.000000 3.120000 1.000000
v 3.100000 3.120000 1.000000
v 3.200000 3.120000 1.000000
v 3.300000 3.120000 1.000000
v 3.400000 3.120000 1.000000
v 2.600000 3.200000 1.400000
v 2.900000 3.200000 1.400000
v 3.200000 3.200000 1.400000
v 3.500000 3.200000 1.400000
v 2.600000 3.200000 1.300000
v 2.800000 3.200000 1.300000
v 3.300000 3.200000 1.300000
v 3.500000 3.200000 1.300000
v 2.800000 3.200000 0.900000
v 2.900000 3.200000 0.900000
v 3.200000 3.200000 0.900000
v 3.300000 3.200000 0.900000
v 2.600000 3.280000 1.300000
v 2.800000 3.280000 1.300000
v 3.300000 3.280000 1.300000
v 3.500000 3.280000 1.300000
v 2.600000 3.280000 1.200000
v 2.800000 3.280000 1.200000
v 3.300000 3.280000 1.200000
v 3.500000 3.280000 1.200000
v 2.600000 3.360000 1.200000
v 2.700000 3.360000 1.200000
v 3.400000 3.360000 1.200000
v 3.500000 3.360000 1.200000
v 2.600000 3.360000 1.100000
v 2.700000 3.360000 1.100000
v 3.400000 3.360000 1.100000
v 3.500000 3.360000 1.100000
v 2.700000 3.440000 1.200000
v 2.800000 3.440000 1.200000
v 3.300000 3.440000 1.200000
v 3.400000 3.440000 1.200000
v 2.600000 3.440000 1.100000
v 2.700000 3.440000 1.100000
v 2.800000 3.440000 1.100000
v 3.300000 3.440000 1.100000
v 3.400000 3.440000 1.100000
v 3.500000 3.440000 1.100000
v 2.600000 3.440000 0.900000
v 2.700000 3.440000 0.900000
v 3.400000 3.440000 0.900000
v 3.500000 3.440000 0.900000
v 2.700000 3.520000 1.100000
v 2.800000 3.520000 1.100000
v 3.300000 3.520000 1.100000
v 3.400000 3.520000 1.100000
v 2.700000 3.520000 1.000000
v 2.800000 3.520000 1.000000
v 3.300000 3.520000 1.000000
v 3.400000 3.520000 1.000000
v 2.700000 3.600000 1.000000
v 2.800000 3.600000 1.000000
v 3.300000 3.600000 1.000000
v 3.400000 3.600000 1.000000
v 2.700000 3.600000 0.800000
v 2.800000 3.600000 0.800000
v 3.300000 3.600000 0.800000
v 3.400000 3.600000 0.800000
vn -1.0000 -0.0000 -0.0000
vn 1.0000 -0.0000 -0.0000
vn -0.0000 -0.0000 1.0000
vn -0.0000 -0.0000 -1.0000
vn -0.0000 -1.0000 -0.0000
vn -0.0000 1.0000 -0.0000
vt 0.982422 0.500000
vt 0.001953 0.500000
vt 0.986328 0.500000
vt 0.994141 0.500000
vt 0.841797 0.500000
vt 0.423828 0.500000
vt 0.068359 0.500000
s 0
usemtl palette
f 3/1/1 2/1/1 1/1/1
f 4/1/1 2/1/1 3/1/1
f 9/1/1 6/1/1 5/1/1
f 10/1/1 6/1/1 9/1/1
f 11/1/1 8/1/1 7/1/1
f 12/1/1 8/1/1 11/1/1
f 17/1/1 14/1/1 13/1/1
f 18/1/1 14/1/1 17/1/1
f 19/1/1 16/1/1 15/1/1
f 20/1/1 16/1/1 19/1/1
f 23/2/1 22/2/1 21/2/1
f 24/2/1 22/2/1 23/2/1
f 27/3/1 26/3/1 25/3/1
f 28/3/1 26/3/1 27/3/1
f 32/2/1 30/2/1 29/2/1
f 33/2/1 30/2/1 32/2/1
f 36/2/1 32/2/1 31/2/1
f 36/2/1 34/2/1 33/2/1
f 36/2/1 33/2/1 32/2/1
f 37/2/1 34/2/1 36/2/1
f 39/2/1 36/2/1 35/2/1
f 39/2/1 38/2/1 37/2/1
f 39/2/1 37/2/1 36/2/1
f 40/2/1 38/2/1 39/2/1
f 41/2/1 38/2/1 40/2/1
f 42/2/1 38/2/1 41/2/1
f 43/2/1 41/2/1 40/2/1
f 44/2/1 41/2/1 43/2/1
f 45/2/1 43/2/1 40/2/1
f 46/2/1 43/2/1 45/2/1
f 47/2/1 41/2/1 44/2/1
f 48/2/1 41/2/1 47/2/1
f 51/2/1 50/2/1 49/2/1
f 52/2/1 50/2/1 51/2/1
f 55/3/1 54/3/1 53/3/1
f 56/3/1 54/3/1 55/3/1
f 57/3/1 55/3/1 53/3/1
f 58/3/1 54/3/1 56/3/1
f 59/3/1 57/3/1 53/3/1
f 59/3/1 58/3/1 57/3/1
f 60/3/1 58/3/1 59/3/1
f 61/3/1 58/3/1 60/3/1
f 62/3/1 54/3/1 58/3/1
f 62/3/1 58/3/1 61/3/1
f 66/2/1 64/2/1 63/2/1
f 67/2/1 64/2/1 66/2/1
f 68/2/1 64/2/1 67/2/1
f 69/2/1 64/2/1 68/2/1
f 72/2/1 66/2/1 65/2/1
f 72/2/1 67/2/1 66/2/1
f 73/2/1 67/2/1 72/2/1
f 74/2/1 67/2/1 73/2/1
f 75/2/1 69/2/1 68/2/1
f 75/2/1 70/2/1 69/2/1
f 76/2/1 70/2/1 75/2/1
f 77/2/1 70/2/1 76/2/1
f 79/2/1 73/2/1 72/2/1
f 79/2/1 72/2/1 71/2/1
f 80/2/1 73/2/1 79/2/1
f 81/2/1 78/2/1 77/2/1
f 81/2/1 77/2/1 76/2/1
f 82/2/1 78/2/1 81/2/1
f 83/2/1 79/2/1 71/2/1
f 84/2/1 79/2/1 83/2/1
f 87/2/1 78/2/1 82/2/1
f 88/2/1 78/2/1 87/2/1
f 89/2/1 87/2/1 86/2/1
f 90/2/1 87/2/1 89/2/1
f 91/2/1 85/2/1 84/2/1
f 92/2/1 85/2/1 91/2/1
f 96/2/1 93/2/1 92/2/1
f 97/2/1 93/2/1 96/2/1
f 98/2/1 95/2/1 94/2/1
f 99/2/1 95/2/1 98/2/1
f 104/3/1 101/3/1 100/3/1
f 106/3/1 104/3/1 100/3/1
f 106/3/1 105/3/1 104/3/1
f 107/3/1 105/3/1 106/3/1
f 108/3/1 105/3/1 107/3/1
f 109/3/1 103/3/1 102/3/1
f 110/3/1 108/3/1 107/3/1
f 110/3/1 109/3/1 108/3/1
f 111/3/1 109/3/1 110/3/1
f 112/3/1 103/3/1 109/3/1
f 112/3/1 109/3/1 111/3/1
f 113/3/1 103/3/1 112/3/1
f 114/3/1 112/3/1 111/3/1
f 115/3/1 112/3/1 114/3/1
f 121/2/1 117/2/1 116/2/1
f 122/2/1 117/2/1 121/2/1
f 123/2/1 119/2/1 118/2/1
f 124/2/1 119/2/1 123/2/1
f 126/2/1 121/2/1 120/2/1
f 127/2/1 121/2/1 126/2/1
f 128/2/1 125/2/1 124/2/1
f 129/2/1 125/2/1 128/2/1
f 134/2/1 130/2/1 129/2/1
f 135/2/1 130/2/1 134/2/1
f 136/2/1 132/2/1 131/2/1
f 137/2/1 132/2/1 136/2/1
f 139/2/1 134/2/1 133/2/1
f 140/2/1 134/2/1 139/2/1
f 143/2/1 139/2/1 138/2/1
f 144/2/1 139/2/1 143/2/1
f 145/2/1 142/2/1 141/2/1
f 146/2/1 142/2/1 145/2/1
f 149/4/1 148/4/1 147/4/1
f 150/4/1 148/4/1 149/4/1
f 151/4/1 148/4/1 150/4/1
f 153/4/1 151/4/1 150/4/1
f 154/4/1 151/4/1 153/4/1
f 155/3/1 152/3/1 151/3/1
f 155/4/1 151/4/1 154/4/1
f 156/3/1 152/3/1 155/3/1
f 157/3/1 152/3/1 156/3/1
f 159/3/1 154/3/1 153/3/1
f 160/3/1 154/3/1 159/3/1
f 163/3/1 162/3/1 161/3/1
f 164/3/1 162/3/1 163/3/1
f 167/3/1 158/3/1 157/3/1
f 168/3/1 158/3/1 167/3/1
f 169/3/1 165/3/1 164/3/1
f 170/3/1 167/3/1 166/3/1
f 171/3/1 167/3/1 170/3/1
f 174/3/1 169/3/1 164/3/1
f 174/3/1 170/3/1 169/3/1
f 175/3/1 170/3/1 174/3/1
f 178/2/1 173/2/1 172/2/1
f 179/2/1 173/2/1 178/2/1
f 180/2/1 177/2/1 176/2/1
f 181/2/1 177/2/1 180/2/1
f 183/2/1 182/2/1 181/2/1
f 184/2/1 182/2/1 183/2/1
f 190/2/1 186/2/1 185/2/1
f 191/2/1 186/2/1 190/2/1
f 192/2/1 188/2/1 187/2/1
f 193/2/1 188/2/1 192/2/1
f 195/2/1 190/2/1 189/2/1
f 196/2/1 190/2/1 195/2/1
f 199/2/1 195/2/1 194/2/1
f 200/2/1 195/2/1 199/2/1
f 201/2/1 198/2/1 197/2/1
f 202/2/1 198/2/1 201/2/1
f 208/3/1 206/3/1 205/3/1
f 209/3/1 206/3/1 208/3/1
f 210/3/1 204/3/1 203/3/1
f 211/3/1 204/3/1 210/3/1
f 212/3/1 208/3/1 207/3/1
f 213/3/1 208/3/1 212/3/1
f 216/2/1 215/2/1 214/2/1
f 217/2/1 215/2/1 216/2/1
f 222/2/1 219/2/1 218/2/1
f 223/2/1 219/2/1 222/2/1
f 224/2/1 221/2/1 220/2/1
f 225/2/1 221/2/1 224/2/1
f 228/3/1 227/3/1 226/3/1
f 229/3/1 227/3/1 228/3/1
f 230/3/1 227/3/1 229/3/1
f 233/4/1 232/4/1 231/4/1
f 235/4/1 233/4/1 231/4/1
f 236/4/1 233/4/1 235/4/1
f 238/4/1 233/4/1 236/4/1
f 239/3/1 234/3/1 233/3/1
f 239/4/1 233/4/1 238/4/1
f 240/3/1 234/3/1 239/3/1
f 241/3/1 238/3/1 237/3/1
f 242/3/1 238/3/1 241/3/1
f 245/3/1 244/3/1 243/3/1
f 246/3/1 244/3/1 245/3/1
f 249/3/1 248/3/1 247/3/1
f 250/3/1 248/3/1 249/3/1
f 255/3/1 254/3/1 253/3/1
f 256/3/1 254/3/1 255/3/1
f 257/3/1 252/3/1 251/3/1
f 258/3/1 252/3/1 257/3/1
f 261/3/1 260/3/1 259/3/1
f 262/3/1 260/3/1 261/3/1
f 265/2/1 264/2/1 263/2/1
f 266/2/1 264/2/1 265/2/1
f 271/3/1 268/3/1 267/3/1
f 272/3/1 268/3/1 271/3/1
f 273/3/1 270/3/1 269/3/1
f 274/3/1 270/3/1 273/3/1
f 275/3/1 273/3/1 272/3/1
f 276/3/1 273/3/1 275/3/1
f 279/2/1 278/2/1 277/2/1
f 280/2/1 278/2/1 279/2/1
f 283/2/1 282/2/1 281/2/1
f 284/2/1 282/2/1 283/2/1
f 287/2/1 286/2/1 285/2/1
f 288/2/1 286/2/1 287/2/1
f 291/2/1 290/2/1 289/2/1
f 292/2/1 290/2/1 291/2/1
f 295/1/1 294/1/1 293/1/1
f 296/1/1 294/1/1 295/1/1
f 301/1/1 298/1/1 297/1/1
f 302/1/1 298/1/1 301/1/1
f 303/1/1 300/1/1 299/1/1
f 304/1/1 300/1/1 303/1/1
f 309/1/1 306/1/1 305/1/1
f 310/1/1 306/1/1 309/1/1
f 311/1/1 308/1/1 307/1/1
f 312/1/1 308/1/1 311/1/1
f 315/5/1 314/5/1 313/5/1
f 317/5/1 315/5/1 313/5/1
f 317/5/1 316/5/1 315/5/1
f 318/5/1 316/5/1 317/5/1
f 319/5/1 316/5/1 318/5/1
f 320/5/1 316/5/1 319/5/1
f 321/5/1 319/5/1 318/5/1
f 322/5/1 319/5/1 321/5/1
f 325/5/1 324/5/1 323/5/1
f 326/5/1 324/5/1 325/5/1
f 327/5/1 325/5/1 323/5/1
f 328/5/1 325/5/1 327/5/1
f 333/5/1 330/5/1 329/5/1
f 334/5/1 330/5/1 333/5/1
f 335/5/1 332/5/1 331/5/1
f 336/5/1 335/5/1 334/5/1
f 337/5/1 332/5/1 335/5/1
f 337/5/1 335/5/1 336/5/1
f 340/5/1 339/5/1 338/5/1
f 341/5/1 339/5/1 340/5/1
f 342/5/1 340/5/1 338/5/1
f 343/5/1 340/5/1 342/5/1
f 347/5/1 344/5/1 343/5/1
f 348/5/1 344/5/1 347/5/1
f 351/5/1 350/5/1 349/5/1
f 352/5/1 350/5/1 351/5/1
f 354/5/1 346/5/1 345/5/1
f 355/5/1 346/5/1 354/5/1
f 356/5/1 353/5/1 352/5/1
f 357/5/1 353/5/1 356/5/1
f 360/5/1 359/5/1 358/5/1
f 361/5/1 360/5/1 358/5/1
f 362/5/1 360/5/1 361/5/1
f 363/5/1 360/5/1 362/5/1
f 364/5/1 360/5/1 363/5/1
f 368/5/1 365/5/1 364/5/1
f 369/5/1 365/5/1 368/5/1
f 371/5/1 370/5/1 369/5/1
f 372/5/1 370/5/1 371/5/1
f 375/5/1 367/5/1 366/5/1
f 376/5/1 367/5/1 375/5/1
f 377/5/1 373/5/1 372/5/1
f 378/5/1 373/5/1 377/5/1
f 379/5/1 375/5/1 374/5/1
f 380/5/1 375/5/1 379/5/1
f 381/5/1 379/5/1 378/5/1
f 382/5/1 379/5/1 381/5/1
f 385/5/1 384/5/1 383/5/1
f 386/5/1 384/5/1 385/5/1
f 388/5/1 387/5/1 386/5/1
f 392/5/1 388/5/1 386/5/1
f 392/5/1 389/5/1 388/5/1
f 393/5/1 389/5/1 392/5/1
f 394/5/1 389/5/1 393/5/1
f 396/5/1 395/5/1 394/5/1
f 396/5/1 394/5/1 393/5/1
f 397/5/1 395/5/1 396/5/1
f 398/5/1 391/5/1 390/5/1
f 399/5/1 391/5/1 398/5/1
f 400/5/1 395/5/1 397/5/1
f 401/5/1 395/5/1 400/5/1
f 405/5/1 402/5/1 401/5/1
f 406/5/1 402/5/1 405/5/1
f 409/5/1 404/5/1 403/5/1
f 410/5/1 404/5/1 409/5/1
f 411/5/1 404/5/1 410/5/1
f 412/5/1 407/5/1 406/5/1
f 413/5/1 407/5/1 412/5/1
f 414/5/1 410/5/1 409/5/1
f 414/5/1 409/5/1 408/5/1
f 415/5/1 410/5/1 414/5/1
f 416/5/1 414/5/1 413/5/1
f 417/5/1 414/5/1 416/5/1
f 420/5/1 419/5/1 418/5/1
f 421/5/1 419/5/1 420/5/1
f 424/5/1 423/5/1 422/5/1
f 425/5/1 423/5/1 424/5/1
f 429/5/1 426/5/1 425/5/1
f 431/5/1 428/5/1 427/5/1
f 432/5/1 428/5/1 431/5/1
f 433/5/1 430/5/1 429/5/1
f 433/5/1 429/5/1 425/5/1
f 434/5/1 430/5/1 433/5/1
f 438/5/1 435/5/1 434/5/1
f 439/5/1 435/5/1 438/5/1
f 443/5/1 437/5/1 436/5/1
f 444/5/1 437/5/1 443/5/1
f 445/5/1 440/5/1 439/5/1
f 446/5/1 440/5/1 445/5/1
f 447/5/1 442/5/1 441/5/1
f 448/5/1 442/5/1 447/5/1
f 449/5/1 447/5/1 446/5/1
f 450/5/1 447/5/1 449/5/1
f 454/2/1 452/2/1 451/2/1
f 455/2/1 452/2/1 454/2/1
f 457/2/1 455/2/1 454/2/1
f 457/2/1 456/2/1 455/2/1
f 457/2/1 454/2/1 453/2/1
f 459/2/1 457/2/1 453/2/1
f 459/2/1 458/2/1 457/2/1
f 460/2/1 458/2/1 459/2/1
f 461/2/1 458/2/1 460/2/1
f 462/2/1 458/2/1 461/2/1
f 463/2/1 458/2/1 462/2/1
f 465/2/1 463/2/1 462/2/1
f 465/2/1 464/2/1 463/2/1
f 466/2/1 464/2/1 465/2/1
f 467/2/1 464/2/1 466/2/1
f 468/2/1 464/2/1 467/2/1
f 469/2/1 464/2/1 468/2/1
f 470/2/1 464/2/1 469/2/1
f 471/2/1 464/2/1 470/2/1
f 472/2/1 464/2/1 471/2/1
f 475/5/1 474/5/1 473/5/1
f 476/5/1 474/5/1 475/5/1
f 481/5/1 478/5/1 477/5/1
f 482/5/1 478/5/1 481/5/1
f 487/5/1 480/5/1 479/5/1
f 488/5/1 480/5/1 487/5/1
f 489/5/1 484/5/1 483/5/1
f 490/5/1 484/5/1 489/5/1
f 491/5/1 486/5/1 485/5/1
f 492/5/1 486/5/1 491/5/1
f 493/5/1 486/5/1 492/5/1
f 497/5/1 493/5/1 492/5/1
f 497/5/1 494/5/1 493/5/1
f 498/5/1 494/5/1 497/5/1
f 501/5/1 496/5/1 495/5/1
f 502/5/1 496/5/1 501/5/1
f 503/5/1 499/5/1 498/5/1
f 504/5/1 499/5/1 503/5/1
f 505/5/1 501/5/1 500/5/1
f 506/5/1 501/5/1 505/5/1
f 507/5/1 505/5/1 504/5/1
f 508/5/1 505/5/1 507/5/1
f 511/5/1 510/5/1 509/5/1
f 512/5/1 510/5/1 511/5/1
f 515/2/1 514/2/1 513/2/1
f 517/2/1 516/2/1 515/2/1
f 519/2/1 517/2/1 515/2/1
f 519/2/1 518/2/1 517/2/1
f 519/2/1 515/2/1 513/2/1
f 520/2/1 518/2/1 519/2/1
f 521/2/1 519/2/1 513/2/1
f 522/2/1 519/2/1 521/2/1
f 523/2/1 519/2/1 522/2/1
f 524/2/1 519/2/1 523/2/1
f 525/2/1 518/2/1 520/2/1
f 526/2/1 518/2/1 525/2/1
f 528/2/1 523/2/1 522/2/1
f 529/2/1 523/2/1 528/2/1
f 530/2/1 527/2/1 526/2/1
f 531/2/1 527/2/1 530/2/1
f 533/2/1 532/2/1 531/2/1
f 534/2/1 532/2/1 533/2/1
f 538/2/1 537/2/1 536/2/1
f 539/2/1 537/2/1 538/2/1
f 540/2/1 535/2/1 534/2/1
f 541/2/1 540/2/1 539/2/1
f 542/2/1 540/2/1 541/2/1
f 543/2/1 540/2/1 542/2/1
f 544/2/1 535/2/1 540/2/1
f 544/2/1 540/2/1 543/2/1
f 547/4/1 546/4/1 545/4/1
f 548/4/1 546/4/1 547/4/1
f 550/4/1 546/4/1 548/4/1
f 553/4/1 546/4/1 550/4/1
f 553/4/1 550/4/1 549/4/1
f 555/5/1 552/5/1 551/5/1
f 556/5/1 552/5/1 555/5/1
f 559/4/1 554/4/1 553/4/1
f 559/4/1 553/4/1 549/4/1
f 560/4/1 554/4/1 559/4/1
f 561/4/1 554/4/1 560/4/1
f 562/5/1 558/5/1 557/5/1
f 563/5/1 558/5/1 562/5/1
f 564/4/1 554/4/1 561/4/1
f 565/4/1 554/4/1 564/4/1
f 571/5/1 567/5/1 566/5/1
f 572/5/1 567/5/1 571/5/1
f 573/5/1 569/5/1 568/5/1
f 574/5/1 569/5/1 573/5/1
f 575/5/1 569/5/1 574/5/1
f 579/5/1 571/5/1 570/5/1
f 580/5/1 571/5/1 579/5/1
f 581/5/1 575/5/1 574/5/1
f 581/5/1 576/5/1 575/5/1
f 582/5/1 576/5/1 581/5/1
f 583/5/1 576/5/1 582/5/1
f 584/5/1 578/5/1 577/5/1
f 585/5/1 578/5/1 584/5/1
f 587/5/1 583/5/1 582/5/1
f 587/5/1 584/5/1 583/5/1
f 588/5/1 584/5/1 587/5/1
f 591/5/1 587/5/1 586/5/1
f 592/5/1 587/5/1 591/5/1
f 593/5/1 590/5/1 589/5/1
f 594/5/1 590/5/1 593/5/1
f 595/2/1 592/2/1 591/2/1
f 595/2/1 593/2/1 592/2/1
f 596/2/1 593/2/1 595/2/1
f 597/2/1 593/2/1 596/2/1
f 598/2/1 593/2/1 597/2/1
f 603/2/1 600/2/1 599/2/1
f 604/2/1 600/2/1 603/2/1
f 606/2/1 602/2/1 601/2/1
f 607/2/1 602/2/1 606/2/1
f 608/2/1 605/2/1 604/2/1
f 609/2/1 605/2/1 608/2/1
f 612/2/1 611/2/1 610/2/1
f 614/2/1 612/2/1 610/2/1
f 614/2/1 613/2/1 612/2/1
f 615/2/1 613/2/1 614/2/1
f 622/5/1 619/5/1 618/5/1
f 623/5/1 619/5/1 622/5/1
f 624/5/1 617/5/1 616/5/1
f 625/5/1 617/5/1 624/5/1
f 627/5/1 626/5/1 625/5/1
f 628/5/1 626/5/1 627/5/1
f 629/4/1 621/4/1 620/4/1
f 635/4/1 629/4/1 620/4/1
f 635/4/1 630/4/1 629/4/1
f 636/4/1 630/4/1 635/4/1
f 637/5/1 632/5/1 631/5/1
f 638/5/1 632/5/1 637/5/1
f 639/5/1 634/5/1 633/5/1
f 640/5/1 634/5/1 639/5/1
f 641/5/1 636/5/1 635/5/1
f 642/4/1 630/4/1 636/4/1
f 642/5/1 636/5/1 641/5/1
f 647/4/1 630/4/1 642/4/1
f 648/4/1 630/4/1 647/4/1
f 649/5/1 644/5/1 643/5/1
f 650/5/1 644/5/1 649/5/1
f 651/5/1 646/5/1 645/5/1
f 652/5/1 646/5/1 651/5/1
f 658/5/1 654/5/1 653/5/1
f 659/5/1 654/5/1 658/5/1
f 661/5/1 656/5/1 655/5/1
f 662/5/1 656/5/1 661/5/1
f 663/5/1 658/5/1 657/5/1
f 664/5/1 658/5/1 663/5/1
f 665/5/1 661/5/1 660/5/1
f 666/5/1 661/5/1 665/5/1
f 669/2/1 668/2/1 667/2/1
f 670/2/1 668/2/1 669/2/1
f 672/2/1 671/2/1 670/2/1
f 673/2/1 671/2/1 672/2/1
f 675/2/1 674/2/1 673/2/1
f 676/2/1 674/2/1 675/2/1
f 679/2/1 678/2/1 677/2/1
f 680/2/1 678/2/1 679/2/1
f 683/5/1 682/5/1 681/5/1
f 684/5/1 682/5/1 683/5/1
f 689/4/1 686/4/1 685/4/1
f 690/4/1 686/4/1 689/4/1
f 691/5/1 688/5/1 687/5/1
f 692/5/1 688/5/1 691/5/1
f 694/5/1 693/5/1 692/5/1
f 695/5/1 693/5/1 694/5/1
f 700/5/1 697/5/1 696/5/1
f 701/5/1 697/5/1 700/5/1
f 702/4/1 699/4/1 698/4/1
f 703/4/1 699/4/1 702/4/1
f 708/5/1 705/5/1 704/5/1
f 709/5/1 707/5/1 706/5/1
f 710/5/1 707/5/1 709/5/1
f 712/5/1 708/5/1 704/5/1
f 713/5/1 708/5/1 712/5/1
f 714/5/1 711/5/1 710/5/1
f 715/5/1 711/5/1 714/5/1
f 718/2/1 717/2/1 716/2/1
f 719/2/1 717/2/1 718/2/1
f 722/4/1 721/4/1 720/4/1
f 723/4/1 721/4/1 722/4/1
f 725/4/1 721/4/1 723/4/1
f 728/4/1 725/4/1 724/4/1
f 729/4/1 721/4/1 725/4/1
f 729/4/1 725/4/1 728/4/1
f 730/5/1 727/5/1 726/5/1
f 731/5/1 727/5/1 730/5/1
f 734/5/1 733/5/1 732/5/1
f 735/5/1 733/5/1 734/5/1
f 740/5/1 737/5/1 736/5/1
f 741/5/1 737/5/1 740/5/1
f 742/5/1 739/5/1 738/5/1
f 743/5/1 739/5/1 742/5/1
f 747/5/1 745/5/1 744/5/1
f 748/5/1 745/5/1 747/5/1
f 749/5/1 747/5/1 746/5/1
f 750/5/1 747/5/1 749/5/1
f 753/4/1 752/4/1 751/4/1
f 756/4/1 753/4/1 751/4/1
f 757/4/1 753/4/1 756/4/1
f 758/2/1 755/2/1 754/2/1
f 759/2/1 755/2/1 758/2/1
f 761/2/1 760/2/1 759/2/1
f 762/2/1 760/2/1 761/2/1
f 767/2/1 764/2/1 763/2/1
f 768/2/1 764/2/1 767/2/1
f 770/2/1 766/2/1 765/2/1
f 771/2/1 766/2/1 770/2/1
f 772/2/1 770/2/1 769/2/1
f 773/2/1 770/2/1 772/2/1
f 776/5/1 775/5/1 774/5/1
f 777/5/1 775/5/1 776/5/1
f 784/4/1 779/4/1 778/4/1
f 785/4/1 779/4/1 784/4/1
f 786/5/1 781/5/1 780/5/1
f 787/5/1 781/5/1 786/5/1
f 788/5/1 783/5/1 782/5/1
f 789/5/1 783/5/1 788/5/1
f 792/5/1 791/5/1 790/5/1
f 793/5/1 791/5/1 792/5/1
f 795/5/1 794/5/1 793/5/1
f 796/5/1 794/5/1 795/5/1
f 800/5/1 798/5/1 797/5/1
f 801/5/1 798/5/1 800/5/1
f 802/5/1 800/5/1 799/5/1
f 803/5/1 800/5/1 802/5/1
f 808/2/1 805/2/1 804/2/1
f 809/2/1 805/2/1 808/2/1
f 811/2/1 810/2/1 809/2/1
f 812/2/1 810/2/1 811/2/1
f 814/2/1 807/2/1 806/2/1
f 815/2/1 807/2/1 814/2/1
f 816/2/1 813/2/1 812/2/1
f 817/2/1 813/2/1 816/2/1
f 819/2/1 818/2/1 817/2/1
f 820/2/1 818/2/1 819/2/1
f 825/2/1 822/2/1 821/2/1
f 826/2/1 822/2/1 825/2/1
f 827/2/1 824/2/1 823/2/1
f 828/2/1 827/2/1 826/2/1
f 829/2/1 824/2/1 827/2/1
f 829/2/1 827/2/1 828/2/1
f 832/5/1 831/5/1 830/5/1
f 833/5/1 831/5/1 832/5/1
f 838/5/1 835/5/1 834/5/1
f 839/5/1 835/5/1 838/5/1
f 841/5/1 837/5/1 836/5/1
f 842/5/1 837/5/1 841/5/1
f 843/5/1 840/5/1 839/5/1
f 844/5/1 840/5/1 843/5/1
f 848/5/1 845/5/1 844/5/1
f 849/5/1 845/5/1 848/5/1
f 851/5/1 847/5/1 846/5/1
f 852/5/1 847/5/1 851/5/1
f 853/5/1 851/5/1 850/5/1
f 854/5/1 851/5/1 853/5/1
f 859/2/1 856/2/1 855/2/1
f 860/2/1 856/2/1 859/2/1
f 861/2/1 858/2/1 857/2/1
f 862/2/1 858/2/1 861/2/1
f 864/2/1 863/2/1 862/2/1
f 864/2/1 862/2/1 861/2/1
f 866/2/1 864/2/1 861/2/1
f 866/2/1 865/2/1 864/2/1
f 867/2/1 865/2/1 866/2/1
f 868/2/1 865/2/1 867/2/1
f 870/2/1 866/2/1 861/2/1
f 871/2/1 866/2/1 870/2/1
f 872/2/1 868/2/1 867/2/1
f 872/2/1 869/2/1 868/2/1
f 873/2/1 869/2/1 872/2/1
f 874/2/1 869/2/1 873/2/1
f 876/2/1 872/2/1 871/2/1
f 877/2/1 872/2/1 876/2/1
f 878/2/1 874/2/1 873/2/1
f 878/2/1 875/2/1 874/2/1
f 879/2/1 875/2/1 878/2/1
f 880/2/1 878/2/1 877/2/1
f 881/2/1 878/2/1 880/2/1
f 885/2/1 883/2/1 882/2/1
f 886/2/1 885/2/1 884/2/1
f 887/2/1 885/2/1 886/2/1
f 888/2/1 885/2/1 887/2/1
f 889/2/1 885/2/1 888/2/1
f 890/2/1 885/2/1 889/2/1
f 891/2/1 885/2/1 890/2/1
f 892/2/1 885/2/1 891/2/1
f 893/2/1 883/2/1 885/2/1
f 893/2/1 885/2/1 892/2/1
f 896/5/1 895/5/1 894/5/1
f 897/5/1 895/5/1 896/5/1
f 900/5/1 899/5/1 898/5/1
f 901/5/1 899/5/1 900/5/1
f 903/5/1 902/5/1 901/5/1
f 904/5/1 902/5/1 903/5/1
f 905/5/1 902/5/1 904/5/1
f 907/5/1 906/5/1 905/5/1
f 907/5/1 905/5/1 904/5/1
f 908/5/1 906/5/1 907/5/1
f 911/5/1 906/5/1 908/5/1
f 912/5/1 906/5/1 911/5/1
f 914/5/1 910/5/1 909/5/1
f 915/5/1 910/5/1 914/5/1
f 916/5/1 914/5/1 913/5/1
f 917/5/1 914/5/1 916/5/1
f 920/2/1 919/2/1 918/2/1
f 921/2/1 919/2/1 920/2/1
f 923/2/1 922/2/1 921/2/1
f 924/2/1 922/2/1 923/2/1
f 926/2/1 925/2/1 924/2/1
f 927/2/1 925/2/1 926/2/1
f 928/2/1 925/2/1 927/2/1
f 930/2/1 928/2/1 927/2/1
f 930/2/1 929/2/1 928/2/1
f 931/2/1 929/2/1 930/2/1
f 934/5/1 933/5/1 932/5/1
f 936/5/1 934/5/1 932/5/1
f 936/5/1 935/5/1 934/5/1
f 937/5/1 935/5/1 936/5/1
f 938/5/1 935/5/1 937/5/1
f 942/5/1 938/5/1 937/5/1
f 942/5/1 939/5/1 938/5/1
f 943/5/1 939/5/1 942/5/1
f 945/5/1 944/5/1 943/5/1
f 946/5/1 944/5/1 945/5/1
f 948/5/1 941/5/1 940/5/1
f 949/5/1 941/5/1 948/5/1
f 950/5/1 941/5/1 949/5/1
f 952/5/1 948/5/1 947/5/1
f 952/5/1 949/5/1 948/5/1
f 953/5/1 949/5/1 952/5/1
f 954/5/1 949/5/1 953/5/1
f 955/5/1 952/5/1 951/5/1
f 955/5/1 953/5/1 952/5/1
f 956/5/1 953/5/1 955/5/1
f 959/5/1 958/5/1 957/5/1
f 960/5/1 958/5/1 959/5/1
f 961/5/1 958/5/1 960/5/1
f 962/5/1 958/5/1 961/5/1
f 966/5/1 963/5/1 962/5/1
f 967/5/1 963/5/1 966/5/1
f 969/5/1 965/5/1 964/5/1
f 971/5/1 969/5/1 968/5/1
f 972/5/1 965/5/1 969/5/1
f 972/5/1 969/5/1 971/5/1
f 973/5/1 971/5/1 970/5/1
f 974/5/1 971/5/1 973/5/1
f 977/5/1 976/5/1 975/5/1
f 978/5/1 976/5/1 977/5/1
f 982/5/1 980/5/1 979/5/1
f 983/5/1 980/5/1 982/5/1
f 984/5/1 982/5/1 981/5/1
f 985/5/1 982/5/1 984/5/1
f 988/5/1 987/5/1 986/5/1
f 990/5/1 988/5/1 986/5/1
f 990/5/1 989/5/1 988/5/1
f 991/5/1 989/5/1 990/5/1
f 992/2/2 993/2/2 994/2/2
f 994/2/2 993/2/2 995/2/2
f 996/3/2 997/3/2 998/3/2
f 998/3/2 997/3/2 999/3/2
f 996/3/2 998/3/2 1000/3/2
f 1000/3/2 998/3/2 1001/3/2
f 1002/2/2 1003/2/2 1004/2/2
f 1004/2/2 1003/2/2 1005/2/2
f 1006/2/2 1007/2/2 1008/2/2
f 1008/2/2 1007/2/2 1009/2/2
f 1010/2/2 1011/2/2 1012/2/2
f 1012/2/2 1011/2/2 1013/2/2
f 1014/2/2 1015/2/2 1016/2/2
f 1016/2/2 1015/2/2 1017/2/2
f 1020/3/2 1021/3/2 1022/3/2
f 1022/3/2 1021/3/2 1023/3/2
f 1018/3/2 1019/3/2 1024/3/2
f 1024/3/2 1019/3/2 1025/3/2
f 1025/3/2 1026/3/2 1027/3/2
f 1027/3/2 1026/3/2 1028/3/2
f 1029/3/2 1030/3/2 1031/3/2
f 1031/3/2 1030/3/2 1032/3/2
f 1033/4/2 1034/4/2 1035/4/2
f 1035/4/2 1034/4/2 1036/4/2
f 1036/4/2 1034/4/2 1038/4/2
f 1038/4/2 1034/4/2 1039/4/2
f 1037/3/2 1038/3/2 1040/3/2
f 1040/3/2 1038/3/2 1041/3/2
f 1042/3/2 1043/3/2 1044/3/2
f 1044/3/2 1043/3/2 1045/3/2
f 1046/3/2 1047/3/2 1048/3/2
f 1048/3/2 1047/3/2 1049/3/2
f 1050/3/2 1051/3/2 1052/3/2
f 1052/3/2 1051/3/2 1053/3/2
f 1054/3/2 1055/3/2 1056/3/2
f 1056/3/2 1055/3/2 1057/3/2
f 1060/3/2 1061/3/2 1063/3/2
f 1063/3/2 1061/3/2 1064/3/2
f 1058/3/2 1059/3/2 1065/3/2
f 1065/3/2 1059/3/2 1066/3/2
f 1062/3/2 1063/3/2 1067/3/2
f 1067/3/2 1063/3/2 1068/3/2
f 1069/2/2 1070/2/2 1071/2/2
f 1071/2/2 1070/2/2 1072/2/2
f 1073/2/2 1074/2/2 1077/2/2
f 1077/2/2 1074/2/2 1078/2/2
f 1075/2/2 1076/2/2 1079/2/2
f 1079/2/2 1076/2/2 1080/2/2
f 1081/4/2 1082/4/2 1083/4/2
f 1083/4/2 1082/4/2 1084/4/2
f 1084/4/2 1082/4/2 1085/4/2
f 1085/4/2 1082/4/2 1086/4/2
f 1084/4/2 1085/4/2 1087/4/2
f 1087/4/2 1085/4/2 1088/4/2
f 1087/3/2 1088/3/2 1091/3/2
f 1091/3/2 1088/3/2 1092/3/2
f 1089/3/2 1090/3/2 1094/3/2
f 1094/3/2 1090/3/2 1095/3/2
f 1093/3/2 1094/3/2 1098/3/2
f 1098/3/2 1094/3/2 1099/3/2
f 1096/4/2 1097/4/2 1102/4/2
f 1097/3/2 1098/3/2 1103/3/2
f 1102/4/2 1097/4/2 1103/4/2
f 1103/3/2 1098/3/2 1104/3/2
f 1100/2/2 1101/2/2 1107/2/2
f 1107/2/2 1101/2/2 1108/2/2
f 1105/2/2 1106/2/2 1109/2/2
f 1109/2/2 1106/2/2 1110/2/2
f 1110/2/2 1111/2/2 1112/2/2
f 1112/2/2 1111/2/2 1113/2/2
f 1114/2/2 1115/2/2 1119/2/2
f 1119/2/2 1115/2/2 1120/2/2
f 1116/2/2 1117/2/2 1121/2/2
f 1121/2/2 1117/2/2 1122/2/2
f 1118/2/2 1119/2/2 1124/2/2
f 1124/2/2 1119/2/2 1125/2/2
f 1123/2/2 1124/2/2 1128/2/2
f 1128/2/2 1124/2/2 1129/2/2
f 1126/2/2 1127/2/2 1130/2/2
f 1130/2/2 1127/2/2 1131/2/2
f 1132/3/2 1133/3/2 1136/3/2
f 1132/3/2 1136/3/2 1138/3/2
f 1136/3/2 1137/3/2 1138/3/2
f 1138/3/2 1137/3/2 1139/3/2
f 1139/3/2 1137/3/2 1140/3/2
f 1134/3/2 1135/3/2 1141/3/2
f 1139/3/2 1140/3/2 1142/3/2
f 1140/3/2 1141/3/2 1142/3/2
f 1141/3/2 1135/3/2 1142/3/2
f 1142/3/2 1135/3/2 1143/3/2
f 1139/3/2 1142/3/2 1144/3/2
f 1144/3/2 1142/3/2 1145/3/2
f 1146/2/2 1147/2/2 1151/2/2
f 1151/2/2 1147/2/2 1152/2/2
f 1148/2/2 1149/2/2 1153/2/2
f 1153/2/2 1149/2/2 1154/2/2
f 1150/2/2 1151/2/2 1156/2/2
f 1156/2/2 1151/2/2 1157/2/2
f 1154/2/2 1155/2/2 1158/2/2
f 1158/2/2 1155/2/2 1159/2/2
f 1159/2/2 1160/2/2 1164/2/2
f 1164/2/2 1160/2/2 1165/2/2
f 1161/2/2 1162/2/2 1166/2/2
f 1166/2/2 1162/2/2 1167/2/2
f 1163/2/2 1164/2/2 1169/2/2
f 1169/2/2 1164/2/2 1170/2/2
f 1168/2/2 1169/2/2 1173/2/2
f 1173/2/2 1169/2/2 1174/2/2
f 1171/2/2 1172/2/2 1175/2/2
f 1175/2/2 1172/2/2 1176/2/2
f 1177/3/2 1178/3/2 1181/3/2
f 1179/3/2 1180/3/2 1182/3/2
f 1177/3/2 1181/3/2 1183/3/2
f 1182/3/2 1180/3/2 1184/3/2
f 1177/3/2 1183/3/2 1185/3/2
f 1183/3/2 1184/3/2 1185/3/2
f 1185/3/2 1184/3/2 1186/3/2
f 1186/3/2 1184/3/2 1187/3/2
f 1184/3/2 1180/3/2 1188/3/2
f 1187/3/2 1184/3/2 1188/3/2
f 1189/2/2 1190/2/2 1192/2/2
f 1192/2/2 1190/2/2 1193/2/2
f 1193/2/2 1190/2/2 1194/2/2
f 1194/2/2 1190/2/2 1195/2/2
f 1191/2/2 1192/2/2 1198/2/2
f 1192/2/2 1193/2/2 1198/2/2
f 1198/2/2 1193/2/2 1199/2/2
f 1199/2/2 1193/2/2 1200/2/2
f 1194/2/2 1195/2/2 1201/2/2
f 1195/2/2 1196/2/2 1201/2/2
f 1201/2/2 1196/2/2 1202/2/2
f 1202/2/2 1196/2/2 1203/2/2
f 1198/2/2 1199/2/2 1205/2/2
f 1197/2/2 1198/2/2 1205/2/2
f 1205/2/2 1199/2/2 1206/2/2
f 1203/2/2 1204/2/2 1207/2/2
f 1202/2/2 1203/2/2 1207/2/2
f 1207/2/2 1204/2/2 1208/2/2
f 1197/2/2 1205/2/2 1209/2/2
f 1209/2/2 1205/2/2 1210/2/2
f 1208/2/2 1204/2/2 1213/2/2
f 1213/2/2 1204/2/2 1214/2/2
f 1212/2/2 1213/2/2 1215/2/2
f 1215/2/2 1213/2/2 1216/2/2
f 1210/2/2 1211/2/2 1217/2/2
f 1217/2/2 1211/2/2 1218/2/2
f 1218/2/2 1219/2/2 1222/2/2
f 1222/2/2 1219/2/2 1223/2/2
f 1220/2/2 1221/2/2 1224/2/2
f 1224/2/2 1221/2/2 1225/2/2
f 1226/3/2 1227/3/2 1228/3/2
f 1228/3/2 1227/3/2 1229/3/2
f 1230/2/2 1231/2/2 1233/2/2
f 1233/2/2 1231/2/2 1234/2/2
f 1232/2/2 1233/2/2 1237/2/2
f 1234/2/2 1235/2/2 1237/2/2
f 1233/2/2 1234/2/2 1237/2/2
f 1237/2/2 1235/2/2 1238/2/2
f 1236/2/2 1237/2/2 1240/2/2
f 1238/2/2 1239/2/2 1240/2/2
f 1237/2/2 1238/2/2 1240/2/2
f 1240/2/2 1239/2/2 1241/2/2
f 1241/2/2 1239/2/2 1242/2/2
f 1242/2/2 1239/2/2 1243/2/2
f 1241/2/2 1242/2/2 1244/2/2
f 1244/2/2 1242/2/2 1245/2/2
f 1241/2/2 1244/2/2 1246/2/2
f 1246/2/2 1244/2/2 1247/2/2
f 1245/2/2 1242/2/2 1248/2/2
f 1248/2/2 1242/2/2 1249/2/2
f 1250/2/2 1251/2/2 1252/2/2
f 1252/2/2 1251/2/2 1253/2/2
f 1254/2/2 1255/2/2 1256/2/2
f 1256/2/2 1255/2/2 1257/2/2
f 1258/1/2 1259/1/2 1262/1/2
f 1262/1/2 1259/1/2 1263/1/2
f 1260/1/2 1261/1/2 1264/1/2
f 1264/1/2 1261/1/2 1265/1/2
f 1266/1/2 1267/1/2 1270/1/2
f 1270/1/2 1267/1/2 1271/1/2
f 1268/1/2 1269/1/2 1272/1/2
f 1272/1/2 1269/1/2 1273/1/2
f 1274/1/2 1275/1/2 1276/1/2
f 1276/1/2 1275/1/2 1277/1/2
f 1278/5/2 1279/5/2 1280/5/2
f 1278/5/2 1280/5/2 1282/5/2
f 1280/5/2 1281/5/2 1282/5/2
f 1282/5/2 1281/5/2 1283/5/2
f 1284/5/2 1285/5/2 1286/5/2
f 1286/5/2 1285/5/2 1287/5/2
f 1288/5/2 1289/5/2 1291/5/2
f 1291/5/2 1289/5/2 1292/5/2
f 1290/5/2 1291/5/2 1293/5/2
f 1293/5/2 1291/5/2 1294/5/2
f 1295/5/2 1296/5/2 1297/5/2
f 1297/5/2 1296/5/2 1298/5/2
f 1298/5/2 1296/5/2 1299/5/2
f 1299/5/2 1296/5/2 1300/5/2
f 1300/5/2 1301/5/2 1304/5/2
f 1304/5/2 1301/5/2 1305/5/2
f 1302/5/2 1303/5/2 1307/5/2
f 1306/5/2 1307/5/2 1309/5/2
f 1307/5/2 1303/5/2 1310/5/2
f 1309/5/2 1307/5/2 1310/5/2
f 1308/5/2 1309/5/2 1311/5/2
f 1311/5/2 1309/5/2 1312/5/2
f 1313/5/2 1314/5/2 1315/5/2
f 1313/5/2 1315/5/2 1317/5/2
f 1315/5/2 1316/5/2 1317/5/2
f 1317/5/2 1316/5/2 1318/5/2
f 1318/5/2 1316/5/2 1319/5/2
f 1318/5/2 1319/5/2 1323/5/2
f 1319/5/2 1320/5/2 1323/5/2
f 1323/5/2 1320/5/2 1324/5/2
f 1324/5/2 1325/5/2 1326/5/2
f 1326/5/2 1325/5/2 1327/5/2
f 1321/5/2 1322/5/2 1329/5/2
f 1329/5/2 1322/5/2 1330/5/2
f 1330/5/2 1322/5/2 1331/5/2
f 1328/5/2 1329/5/2 1333/5/2
f 1329/5/2 1330/5/2 1333/5/2
f 1333/5/2 1330/5/2 1334/5/2
f 1334/5/2 1330/5/2 1335/5/2
f 1332/5/2 1333/5/2 1336/5/2
f 1333/5/2 1334/5/2 1336/5/2
f 1336/5/2 1334/5/2 1337/5/2
f 1338/5/2 1339/5/2 1340/5/2
f 1340/5/2 1339/5/2 1341/5/2
f 1342/5/2 1343/5/2 1344/5/2
f 1344/5/2 1343/5/2 1345/5/2
f 1345/5/2 1346/5/2 1347/5/2
f 1347/5/2 1346/5/2 1348/5/2
f 1348/5/2 1346/5/2 1349/5/2
f 1349/5/2 1350/5/2 1351/5/2
f 1348/5/2 1349/5/2 1351/5/2
f 1351/5/2 1350/5/2 1352/5/2
f 1352/5/2 1350/5/2 1355/5/2
f 1355/5/2 1350/5/2 1356/5/2
f 1353/5/2 1354/5/2 1358/5/2
f 1358/5/2 1354/5/2 1359/5/2
f 1357/5/2 1358/5/2 1360/5/2
f 1360/5/2 1358/5/2 1361/5/2
f 1362/2/2 1363/2/2 1364/2/2
f 1364/2/2 1363/2/2 1365/2/2
f 1365/2/2 1366/2/2 1367/2/2
f 1367/2/2 1366/2/2 1368/2/2
f 1368/2/2 1369/2/2 1370/2/2
f 1370/2/2 1369/2/2 1371/2/2
f 1371/2/2 1369/2/2 1372/2/2
f 1371/2/2 1372/2/2 1374/2/2
f 1372/2/2 1373/2/2 1374/2/2
f 1374/2/2 1373/2/2 1375/2/2
f 1376/5/2 1377/5/2 1378/5/2
f 1378/5/2 1377/5/2 1379/5/2
f 1380/5/2 1381/5/2 1384/5/2
f 1384/5/2 1381/5/2 1385/5/2
f 1382/5/2 1383/5/2 1387/5/2
f 1387/5/2 1383/5/2 1388/5/2
f 1385/5/2 1386/5/2 1389/5/2
f 1389/5/2 1386/5/2 1390/5/2
f 1390/5/2 1391/5/2 1394/5/2
f 1394/5/2 1391/5/2 1395/5/2
f 1392/5/2 1393/5/2 1397/5/2
f 1397/5/2 1393/5/2 1398/5/2
f 1396/5/2 1397/5/2 1399/5/2
f 1399/5/2 1397/5/2 1400/5/2
f 1401/2/2 1402/2/2 1405/2/2
f 1405/2/2 1402/2/2 1406/2/2
f 1403/2/2 1404/2/2 1407/2/2
f 1407/2/2 1404/2/2 1408/2/2
f 1408/2/2 1409/2/2 1410/2/2
f 1407/2/2 1408/2/2 1410/2/2
f 1407/2/2 1410/2/2 1412/2/2
f 1410/2/2 1411/2/2 1412/2/2
f 1412/2/2 1411/2/2 1413/2/2
f 1413/2/2 1411/2/2 1414/2/2
f 1407/2/2 1412/2/2 1416/2/2
f 1416/2/2 1412/2/2 1417/2/2
f 1413/2/2 1414/2/2 1418/2/2
f 1414/2/2 1415/2/2 1418/2/2
f 1418/2/2 1415/2/2 1419/2/2
f 1419/2/2 1415/2/2 1420/2/2
f 1417/2/2 1418/2/2 1422/2/2
f 1422/2/2 1418/2/2 1423/2/2
f 1419/2/2 1420/2/2 1424/2/2
f 1420/2/2 1421/2/2 1424/2/2
f 1424/2/2 1421/2/2 1425/2/2
f 1423/2/2 1424/2/2 1426/2/2
f 1426/2/2 1424/2/2 1427/2/2
f 1428/2/2 1429/2/2 1431/2/2
f 1430/2/2 1431/2/2 1432/2/2
f 1432/2/2 1431/2/2 1433/2/2
f 1433/2/2 1431/2/2 1434/2/2
f 1434/2/2 1431/2/2 1435/2/2
f 1435/2/2 1431/2/2 1436/2/2
f 1436/2/2 1431/2/2 1437/2/2
f 1437/2/2 1431/2/2 1438/2/2
f 1431/2/2 1429/2/2 1439/2/2
f 1438/2/2 1431/2/2 1439/2/2
f 1440/5/2 1441/5/2 1442/5/2
f 1442/5/2 1441/5/2 1443/5/2
f 1444/4/2 1445/4/2 1450/4/2
f 1450/4/2 1445/4/2 1451/4/2
f 1446/5/2 1447/5/2 1452/5/2
f 1452/5/2 1447/5/2 1453/5/2
f 1448/5/2 1449/5/2 1454/5/2
f 1454/5/2 1449/5/2 1455/5/2
f 1456/5/2 1457/5/2 1458/5/2
f 1458/5/2 1457/5/2 1459/5/2
f 1459/5/2 1460/5/2 1461/5/2
f 1461/5/2 1460/5/2 1462/5/2
f 1463/5/2 1464/5/2 1466/5/2
f 1466/5/2 1464/5/2 1467/5/2
f 1465/5/2 1466/5/2 1468/5/2
f 1468/5/2 1466/5/2 1469/5/2
f 1470/2/2 1471/2/2 1474/2/2
f 1474/2/2 1471/2/2 1475/2/2
f 1475/2/2 1476/2/2 1477/2/2
f 1477/2/2 1476/2/2 1478/2/2
f 1472/2/2 1473/2/2 1480/2/2
f 1480/2/2 1473/2/2 1481/2/2
f 1478/2/2 1479/2/2 1482/2/2
f 1482/2/2 1479/2/2 1483/2/2
f 1483/2/2 1484/2/2 1485/2/2
f 1485/2/2 1484/2/2 1486/2/2
f 1487/2/2 1488/2/2 1491/2/2
f 1491/2/2 1488/2/2 1492/2/2
f 1489/2/2 1490/2/2 1493/2/2
f 1492/2/2 1493/2/2 1494/2/2
f 1493/2/2 1490/2/2 1495/2/2
f 1494/2/2 1493/2/2 1495/2/2
f 1496/4/2 1497/4/2 1498/4/2
f 1498/4/2 1497/4/2 1499/4/2
f 1499/4/2 1497/4/2 1501/4/2
f 1500/4/2 1501/4/2 1504/4/2
f 1501/4/2 1497/4/2 1505/4/2
f 1504/4/2 1501/4/2 1505/4/2
f 1502/5/2 1503/5/2 1506/5/2
f 1506/5/2 1503/5/2 1507/5/2
f 1508/5/2 1509/5/2 1510/5/2
f 1510/5/2 1509/5/2 1511/5/2
f 1512/5/2 1513/5/2 1516/5/2
f 1516/5/2 1513/5/2 1517/5/2
f 1514/5/2 1515/5/2 1518/5/2
f 1518/5/2 1515/5/2 1519/5/2
f 1520/5/2 1521/5/2 1523/5/2
f 1523/5/2 1521/5/2 1524/5/2
f 1522/5/2 1523/5/2 1525/5/2
f 1525/5/2 1523/5/2 1526/5/2
f 1527/4/2 1528/4/2 1529/4/2
f 1527/4/2 1529/4/2 1532/4/2
f 1532/4/2 1529/4/2 1533/4/2
f 1530/2/2 1531/2/2 1534/2/2
f 1534/2/2 1531/2/2 1535/2/2
f 1535/2/2 1536/2/2 1537/2/2
f 1537/2/2 1536/2/2 1538/2/2
f 1539/2/2 1540/2/2 1543/2/2
f 1543/2/2 1540/2/2 1544/2/2
f 1541/2/2 1542/2/2 1546/2/2
f 1546/2/2 1542/2/2 1547/2/2
f 1545/2/2 1546/2/2 1548/2/2
f 1548/2/2 1546/2/2 1549/2/2
f 1550/5/2 1551/5/2 1552/5/2
f 1552/5/2 1551/5/2 1553/5/2
f 1554/4/2 1555/4/2 1558/4/2
f 1558/4/2 1555/4/2 1559/4/2
f 1556/5/2 1557/5/2 1560/5/2
f 1560/5/2 1557/5/2 1561/5/2
f 1561/5/2 1562/5/2 1563/5/2
f 1563/5/2 1562/5/2 1564/5/2
f 1565/5/2 1566/5/2 1569/5/2
f 1569/5/2 1566/5/2 1570/5/2
f 1567/4/2 1568/4/2 1571/4/2
f 1571/4/2 1568/4/2 1572/4/2
f 1573/5/2 1574/5/2 1577/5/2
f 1575/5/2 1576/5/2 1578/5/2
f 1578/5/2 1576/5/2 1579/5/2
f 1573/5/2 1577/5/2 1581/5/2
f 1581/5/2 1577/5/2 1582/5/2
f 1579/5/2 1580/5/2 1583/5/2
f 1583/5/2 1580/5/2 1584/5/2
f 1585/2/2 1586/2/2 1587/2/2
f 1587/2/2 1586/2/2 1588/2/2
f 1591/5/2 1592/5/2 1595/5/2
f 1595/5/2 1592/5/2 1596/5/2
f 1589/5/2 1590/5/2 1597/5/2
f 1597/5/2 1590/5/2 1598/5/2
f 1598/5/2 1599/5/2 1600/5/2
f 1600/5/2 1599/5/2 1601/5/2
f 1593/4/2 1594/4/2 1602/4/2
f 1593/4/2 1602/4/2 1608/4/2
f 1602/4/2 1603/4/2 1608/4/2
f 1608/4/2 1603/4/2 1609/4/2
f 1604/5/2 1605/5/2 1610/5/2
f 1610/5/2 1605/5/2 1611/5/2
f 1606/5/2 1607/5/2 1612/5/2
f 1612/5/2 1607/5/2 1613/5/2
f 1608/5/2 1609/5/2 1614/5/2
f 1609/4/2 1603/4/2 1615/4/2
f 1614/5/2 1609/5/2 1615/5/2
f 1615/4/2 1603/4/2 1620/4/2
f 1620/4/2 1603/4/2 1621/4/2
f 1616/5/2 1617/5/2 1622/5/2
f 1622/5/2 1617/5/2 1623/5/2
f 1618/5/2 1619/5/2 1624/5/2
f 1624/5/2 1619/5/2 1625/5/2
f 1626/5/2 1627/5/2 1631/5/2
f 1631/5/2 1627/5/2 1632/5/2
f 1628/5/2 1629/5/2 1634/5/2
f 1634/5/2 1629/5/2 1635/5/2
f 1630/5/2 1631/5/2 1636/5/2
f 1636/5/2 1631/5/2 1637/5/2
f 1633/5/2 1634/5/2 1638/5/2
f 1638/5/2 1634/5/2 1639/5/2
f 1640/2/2 1641/2/2 1642/2/2
f 1642/2/2 1641/2/2 1643/2/2
f 1643/2/2 1644/2/2 1645/2/2
f 1645/2/2 1644/2/2 1646/2/2
f 1646/2/2 1647/2/2 1648/2/2
f 1648/2/2 1647/2/2 1649/2/2
f 1650/2/2 1651/2/2 1652/2/2
f 1652/2/2 1651/2/2 1653/2/2
f 1654/4/2 1655/4/2 1656/4/2
f 1656/4/2 1655/4/2 1657/4/2
f 1657/4/2 1655/4/2 1659/4/2
f 1659/4/2 1655/4/2 1662/4/2
f 1658/4/2 1659/4/2 1662/4/2
f 1660/5/2 1661/5/2 1664/5/2
f 1664/5/2 1661/5/2 1665/5/2
f 1662/4/2 1663/4/2 1668/4/2
f 1658/4/2 1662/4/2 1668/4/2
f 1668/4/2 1663/4/2 1669/4/2
f 1669/4/2 1663/4/2 1670/4/2
f 1666/5/2 1667/5/2 1671/5/2
f 1671/5/2 1667/5/2 1672/5/2
f 1670/4/2 1663/4/2 1673/4/2
f 1673/4/2 1663/4/2 1674/4/2
f 1675/5/2 1676/5/2 1680/5/2
f 1680/5/2 1676/5/2 1681/5/2
f 1677/5/2 1678/5/2 1682/5/2
f 1682/5/2 1678/5/2 1683/5/2
f 1683/5/2 1678/5/2 1684/5/2
f 1679/5/2 1680/5/2 1688/5/2
f 1688/5/2 1680/5/2 1689/5/2
f 1683/5/2 1684/5/2 1690/5/2
f 1684/5/2 1685/5/2 1690/5/2
f 1690/5/2 1685/5/2 1691/5/2
f 1691/5/2 1685/5/2 1692/5/2
f 1686/5/2 1687/5/2 1693/5/2
f 1693/5/2 1687/5/2 1694/5/2
f 1691/5/2 1692/5/2 1696/5/2
f 1692/5/2 1693/5/2 1696/5/2
f 1696/5/2 1693/5/2 1697/5/2
f 1695/5/2 1696/5/2 1700/5/2
f 1700/5/2 1696/5/2 1701/5/2
f 1698/5/2 1699/5/2 1702/5/2
f 1702/5/2 1699/5/2 1703/5/2
f 1700/2/2 1701/2/2 1704/2/2
f 1701/2/2 1702/2/2 1704/2/2
f 1704/2/2 1702/2/2 1705/2/2
f 1705/2/2 1702/2/2 1706/2/2
f 1706/2/2 1702/2/2 1707/2/2
f 1708/2/2 1709/2/2 1712/2/2
f 1712/2/2 1709/2/2 1713/2/2
f 1710/2/2 1711/2/2 1715/2/2
f 1715/2/2 1711/2/2 1716/2/2
f 1713/2/2 1714/2/2 1717/2/2
f 1717/2/2 1714/2/2 1718/2/2
f 1719/2/2 1720/2/2 1721/2/2
f 1719/2/2 1721/2/2 1723/2/2
f 1721/2/2 1722/2/2 1723/2/2
f 1723/2/2 1722/2/2 1724/2/2
f 1725/5/2 1726/5/2 1727/5/2
f 1727/5/2 1726/5/2 1728/5/2
f 1729/5/2 1730/5/2 1733/5/2
f 1733/5/2 1730/5/2 1734/5/2
f 1731/5/2 1732/5/2 1739/5/2
f 1739/5/2 1732/5/2 1740/5/2
f 1735/5/2 1736/5/2 1741/5/2
f 1741/5/2 1736/5/2 1742/5/2
f 1737/5/2 1738/5/2 1743/5/2
f 1743/5/2 1738/5/2 1744/5/2
f 1744/5/2 1738/5/2 1745/5/2
f 1744/5/2 1745/5/2 1749/5/2
f 1745/5/2 1746/5/2 1749/5/2
f 1749/5/2 1746/5/2 1750/5/2
f 1747/5/2 1748/5/2 1753/5/2
f 1753/5/2 1748/5/2 1754/5/2
f 1750/5/2 1751/5/2 1755/5/2
f 1755/5/2 1751/5/2 1756/5/2
f 1752/5/2 1753/5/2 1757/5/2
f 1757/5/2 1753/5/2 1758/5/2
f 1756/5/2 1757/5/2 1759/5/2
f 1759/5/2 1757/5/2 1760/5/2
f 1761/5/2 1762/5/2 1763/5/2
f 1763/5/2 1762/5/2 1764/5/2
f 1765/2/2 1766/2/2 1767/2/2
f 1767/2/2 1768/2/2 1769/2/2
f 1767/2/2 1769/2/2 1771/2/2
f 1769/2/2 1770/2/2 1771/2/2
f 1765/2/2 1767/2/2 1771/2/2
f 1771/2/2 1770/2/2 1772/2/2
f 1765/2/2 1771/2/2 1773/2/2
f 1773/2/2 1771/2/2 1774/2/2
f 1774/2/2 1771/2/2 1775/2/2
f 1775/2/2 1771/2/2 1776/2/2
f 1772/2/2 1770/2/2 1777/2/2
f 1777/2/2 1770/2/2 1778/2/2
f 1774/2/2 1775/2/2 1780/2/2
f 1780/2/2 1775/2/2 1781/2/2
f 1778/2/2 1779/2/2 1782/2/2
f 1782/2/2 1779/2/2 1783/2/2
f 1783/2/2 1784/2/2 1785/2/2
f 1785/2/2 1784/2/2 1786/2/2
f 1788/2/2 1789/2/2 1790/2/2
f 1790/2/2 1789/2/2 1791/2/2
f 1786/2/2 1787/2/2 1792/2/2
f 1791/2/2 1792/2/2 1793/2/2
f 1793/2/2 1792/2/2 1794/2/2
f 1794/2/2 1792/2/2 1795/2/2
f 1792/2/2 1787/2/2 1796/2/2
f 1795/2/2 1792/2/2 1796/2/2
f 1797/5/2 1798/5/2 1799/5/2
f 1799/5/2 1798/5/2 1800/5/2
f 1801/5/2 1802/5/2 1803/5/2
f 1803/5/2 1802/5/2 1804/5/2
f 1804/5/2 1805/5/2 1808/5/2
f 1806/5/2 1807/5/2 1810/5/2
f 1810/5/2 1807/5/2 1811/5/2
f 1808/5/2 1809/5/2 1812/5/2
f 1804/5/2 1808/5/2 1812/5/2
f 1812/5/2 1809/5/2 1813/5/2
f 1813/5/2 1814/5/2 1817/5/2
f 1817/5/2 1814/5/2 1818/5/2
f 1815/5/2 1816/5/2 1822/5/2
f 1822/5/2 1816/5/2 1823/5/2
f 1818/5/2 1819/5/2 1824/5/2
f 1824/5/2 1819/5/2 1825/5/2
f 1820/5/2 1821/5/2 1826/5/2
f 1826/5/2 1821/5/2 1827/5/2
f 1825/5/2 1826/5/2 1828/5/2
f 1828/5/2 1826/5/2 1829/5/2
f 1830/2/2 1831/2/2 1833/2/2
f 1833/2/2 1831/2/2 1834/2/2
f 1833/2/2 1834/2/2 1836/2/2
f 1834/2/2 1835/2/2 1836/2/2
f 1832/2/2 1833/2/2 1836/2/2
f 1832/2/2 1836/2/2 1838/2/2
f 1836/2/2 1837/2/2 1838/2/2
f 1838/2/2 1837/2/2 1839/2/2
f 1839/2/2 1837/2/2 1840/2/2
f 1840/2/2 1837/2/2 1841/2/2
f 1841/2/2 1837/2/2 1842/2/2
f 1841/2/2 1842/2/2 1844/2/2
f 1842/2/2 1843/2/2 1844/2/2
f 1844/2/2 1843/2/2 1845/2/2
f 1845/2/2 1843/2/2 1846/2/2
f 1846/2/2 1843/2/2 1847/2/2
f 1847/2/2 1843/2/2 1848/2/2
f 1848/2/2 1843/2/2 1849/2/2
f 1849/2/2 1843/2/2 1850/2/2
f 1850/2/2 1843/2/2 1851/2/2
f 1852/5/2 1853/5/2 1854/5/2
f 1854/5/2 1853/5/2 1855/5/2
f 1855/5/2 1856/5/2 1857/5/2
f 1855/5/2 1857/5/2 1861/5/2
f 1857/5/2 1858/5/2 1861/5/2
f 1861/5/2 1858/5/2 1862/5/2
f 1862/5/2 1858/5/2 1863/5/2
f 1863/5/2 1864/5/2 1865/5/2
f 1862/5/2 1863/5/2 1865/5/2
f 1865/5/2 1864/5/2 1866/5/2
f 1859/5/2 1860/5/2 1867/5/2
f 1867/5/2 1860/5/2 1868/5/2
f 1866/5/2 1864/5/2 1869/5/2
f 1869/5/2 1864/5/2 1870/5/2
f 1870/5/2 1871/5/2 1874/5/2
f 1874/5/2 1871/5/2 1875/5/2
f 1872/5/2 1873/5/2 1878/5/2
f 1878/5/2 1873/5/2 1879/5/2
f 1879/5/2 1873/5/2 1880/5/2
f 1875/5/2 1876/5/2 1881/5/2
f 1881/5/2 1876/5/2 1882/5/2
f 1878/5/2 1879/5/2 1883/5/2
f 1877/5/2 1878/5/2 1883/5/2
f 1883/5/2 1879/5/2 1884/5/2
f 1882/5/2 1883/5/2 1885/5/2
f 1885/5/2 1883/5/2 1886/5/2
f 1887/5/2 1888/5/2 1889/5/2
f 1887/5/2 1889/5/2 1890/5/2
f 1890/5/2 1889/5/2 1891/5/2
f 1891/5/2 1889/5/2 1892/5/2
f 1892/5/2 1889/5/2 1893/5/2
f 1893/5/2 1894/5/2 1897/5/2
f 1897/5/2 1894/5/2 1898/5/2
f 1898/5/2 1899/5/2 1900/5/2
f 1900/5/2 1899/5/2 1901/5/2
f 1895/5/2 1896/5/2 1904/5/2
f 1904/5/2 1896/5/2 1905/5/2
f 1901/5/2 1902/5/2 1906/5/2
f 1906/5/2 1902/5/2 1907/5/2
f 1903/5/2 1904/5/2 1908/5/2
f 1908/5/2 1904/5/2 1909/5/2
f 1907/5/2 1908/5/2 1910/5/2
f 1910/5/2 1908/5/2 1911/5/2
f 1912/5/2 1913/5/2 1914/5/2
f 1914/5/2 1913/5/2 1915/5/2
f 1912/5/2 1914/5/2 1916/5/2
f 1916/5/2 1914/5/2 1917/5/2
f 1917/5/2 1918/5/2 1921/5/2
f 1921/5/2 1918/5/2 1922/5/2
f 1923/5/2 1924/5/2 1925/5/2
f 1925/5/2 1924/5/2 1926/5/2
f 1919/5/2 1920/5/2 1928/5/2
f 1928/5/2 1920/5/2 1929/5/2
f 1926/5/2 1927/5/2 1930/5/2
f 1930/5/2 1927/5/2 1931/5/2
f 1932/5/2 1933/5/2 1934/5/2
f 1934/5/2 1933/5/2 1935/5/2
f 1932/5/2 1934/5/2 1936/5/2
f 1936/5/2 1934/5/2 1937/5/2
f 1938/5/2 1939/5/2 1942/5/2
f 1942/5/2 1939/5/2 1943/5/2
f 1940/5/2 1941/5/2 1944/5/2
f 1943/5/2 1944/5/2 1945/5/2
f 1944/5/2 1941/5/2 1946/5/2
f 1945/5/2 1944/5/2 1946/5/2
f 1947/5/2 1948/5/2 1949/5/2
f 1947/5/2 1949/5/2 1951/5/2
f 1949/5/2 1950/5/2 1951/5/2
f 1951/5/2 1950/5/2 1952/5/2
f 1952/5/2 1950/5/2 1953/5/2
f 1953/5/2 1950/5/2 1954/5/2
f 1952/5/2 1953/5/2 1955/5/2
f 1955/5/2 1953/5/2 1956/5/2
f 1957/1/2 1958/1/2 1961/1/2
f 1961/1/2 1958/1/2 1962/1/2
f 1959/1/2 1960/1/2 1963/1/2
f 1963/1/2 1960/1/2 1964/1/2
f 1965/1/2 1966/1/2 1969/1/2
f 1969/1/2 1966/1/2 1970/1/2
f 1967/1/2 1968/1/2 1971/1/2
f 1971/1/2 1968/1/2 1972/1/2
f 1973/1/2 1974/1/2 1975/1/2
f 1975/1/2 1974/1/2 1976/1/2
f 1979/1/3 1978/1/3 1977/1/3
f 1980/1/3 1978/1/3 1979/1/3
f 1983/1/3 1982/1/3 1981/1/3
f 1984/1/3 1982/1/3 1983/1/3
f 1987/1/3 1986/1/3 1985/1/3
f 1988/1/3 1986/1/3 1987/1/3
f 1991/1/3 1990/1/3 1989/1/3
f 1992/1/3 1990/1/3 1991/1/3
f 1995/1/3 1994/1/3 1993/1/3
f 1996/1/3 1994/1/3 1995/1/3
f 1999/1/3 1998/1/3 1997/1/3
f 2000/1/3 1998/1/3 1999/1/3
f 2003/1/3 2002/1/3 2001/1/3
f 2004/1/3 2002/1/3 2003/1/3
f 2007/1/3 2006/1/3 2005/1/3
f 2008/1/3 2006/1/3 2007/1/3
f 2011/1/3 2010/1/3 2009/1/3
f 2012/1/3 2010/1/3 2011/1/3
f 2015/1/3 2014/1/3 2013/1/3
f 2016/1/3 2014/1/3 2015/1/3
f 2019/5/3 2018/5/3 2017/5/3
f 2020/5/3 2018/5/3 2019/5/3
f 2023/5/3 2022/5/3 2021/5/3
f 2025/5/3 2023/5/3 2021/5/3
f 2025/5/3 2024/5/3 2023/5/3
f 2026/5/3 2024/5/3 2025/5/3
f 2027/5/3 2024/5/3 2026/5/3
f 2030/5/3 2028/5/3 2027/5/3
f 2030/5/3 2027/5/3 2026/5/3
f 2031/5/3 2028/5/3 2030/5/3
f 2032/5/3 2028/5/3 2031/5/3
f 2033/5/3 2030/5/3 2029/5/3
f 2033/5/3 2031/5/3 2030/5/3
f 2034/5/3 2031/5/3 2033/5/3
f 2035/5/3 2033/5/3 2029/5/3
f 2036/5/3 2033/5/3 2035/5/3
f 2039/5/3 2038/5/3 2037/5/3
f 2041/5/3 2040/5/3 2039/5/3
f 2043/5/3 2039/5/3 2037/5/3
f 2043/5/3 2042/5/3 2041/5/3
f 2043/5/3 2041/5/3 2039/5/3
f 2044/5/3 2042/5/3 2043/5/3
f 2045/5/3 2042/5/3 2044/5/3
f 2046/5/3 2042/5/3 2045/5/3
f 2048/5/3 2047/5/3 2046/5/3
f 2049/5/3 2047/5/3 2048/5/3
f 2052/5/3 2050/5/3 2049/5/3
f 2053/5/3 2050/5/3 2052/5/3
f 2055/5/3 2052/5/3 2051/5/3
f 2056/5/3 2052/5/3 2055/5/3
f 2058/5/3 2055/5/3 2054/5/3
f 2059/5/3 2055/5/3 2058/5/3
f 2059/5/3 2058/5/3 2057/5/3
f 2060/5/3 2055/5/3 2059/5/3
f 2061/5/3 2059/5/3 2057/5/3
f 2062/5/3 2059/5/3 2061/5/3
f 2063/5/3 2061/5/3 2057/5/3
f 2064/5/3 2061/5/3 2063/5/3
f 2067/5/3 2066/5/3 2065/5/3
f 2068/5/3 2066/5/3 2067/5/3
f 2070/5/3 2069/5/3 2068/5/3
f 2071/5/3 2069/5/3 2070/5/3
f 2072/5/3 2069/5/3 2071/5/3
f 2074/5/3 2073/5/3 2072/5/3
f 2074/5/3 2072/5/3 2071/5/3
f 2075/5/3 2073/5/3 2074/5/3
f 2076/5/3 2073/5/3 2075/5/3
f 2078/5/3 2077/5/3 2076/5/3
f 2078/5/3 2076/5/3 2075/5/3
f 2079/5/3 2077/5/3 2078/5/3
f 2080/5/3 2077/5/3 2079/5/3
f 2082/5/3 2081/5/3 2080/5/3
f 2082/5/3 2080/5/3 2079/5/3
f 2083/5/3 2081/5/3 2082/5/3
f 2084/5/3 2081/5/3 2083/5/3
f 2087/5/3 2085/5/3 2084/5/3
f 2087/5/3 2084/5/3 2083/5/3
f 2088/5/3 2085/5/3 2087/5/3
f 2089/5/3 2085/5/3 2088/5/3
f 2091/5/3 2087/5/3 2086/5/3
f 2091/5/3 2088/5/3 2087/5/3
f 2092/5/3 2088/5/3 2091/5/3
f 2093/5/3 2088/5/3 2092/5/3
f 2095/5/3 2091/5/3 2090/5/3
f 2095/5/3 2092/5/3 2091/5/3
f 2096/5/3 2092/5/3 2095/5/3
f 2097/5/3 2092/5/3 2096/5/3
f 2099/5/3 2095/5/3 2094/5/3
f 2099/5/3 2096/5/3 2095/5/3
f 2100/5/3 2096/5/3 2099/5/3
f 2101/5/3 2096/5/3 2100/5/3
f 2103/5/3 2099/5/3 2098/5/3
f 2103/5/3 2100/5/3 2099/5/3
f 2104/5/3 2100/5/3 2103/5/3
f 2105/5/3 2103/5/3 2102/5/3
f 2106/5/3 2103/5/3 2105/5/3
f 2110/2/3 2108/2/3 2107/2/3
f 2111/2/3 2108/2/3 2110/2/3
f 2112/2/3 2108/2/3 2111/2/3
f 2115/2/3 2110/2/3 2109/2/3
f 2116/2/3 2112/2/3 2111/2/3
f 2116/2/3 2113/2/3 2112/2/3
f 2118/2/3 2115/2/3 2114/2/3
f 2118/2/3 2110/2/3 2115/2/3
f 2119/2/3 2117/2/3 2116/2/3
f 2119/2/3 2116/2/3 2111/2/3
f 2120/2/3 2118/2/3 2114/2/3
f 2120/2/3 2119/2/3 2118/2/3
f 2121/2/3 2117/2/3 2119/2/3
f 2121/2/3 2119/2/3 2120/2/3
f 2122/2/3 2120/2/3 2114/2/3
f 2123/2/3 2120/2/3 2122/2/3
f 2124/2/3 2117/2/3 2121/2/3
f 2125/2/3 2117/2/3 2124/2/3
f 2126/2/3 2120/2/3 2123/2/3
f 2127/2/3 2120/2/3 2126/2/3
f 2128/2/3 2124/2/3 2121/2/3
f 2129/2/3 2124/2/3 2128/2/3
f 2130/2/3 2124/2/3 2129/2/3
f 2131/2/3 2128/2/3 2127/2/3
f 2131/2/3 2129/2/3 2128/2/3
f 2132/2/3 2129/2/3 2131/2/3
f 2135/5/3 2134/5/3 2133/5/3
f 2136/5/3 2134/5/3 2135/5/3
f 2139/5/3 2138/5/3 2137/5/3
f 2140/5/3 2138/5/3 2139/5/3
f 2142/5/3 2141/5/3 2140/5/3
f 2143/5/3 2141/5/3 2142/5/3
f 2144/5/3 2141/5/3 2143/5/3
f 2146/5/3 2145/5/3 2144/5/3
f 2146/5/3 2144/5/3 2143/5/3
f 2147/5/3 2145/5/3 2146/5/3
f 2148/5/3 2145/5/3 2147/5/3
f 2150/5/3 2149/5/3 2148/5/3
f 2150/5/3 2148/5/3 2147/5/3
f 2151/5/3 2149/5/3 2150/5/3
f 2152/5/3 2149/5/3 2151/5/3
f 2155/5/3 2153/5/3 2152/5/3
f 2155/5/3 2152/5/3 2151/5/3
f 2156/5/3 2153/5/3 2155/5/3
f 2157/5/3 2153/5/3 2156/5/3
f 2159/5/3 2155/5/3 2154/5/3
f 2159/5/3 2156/5/3 2155/5/3
f 2160/5/3 2156/5/3 2159/5/3
f 2161/5/3 2156/5/3 2160/5/3
f 2163/5/3 2159/5/3 2158/5/3
f 2163/5/3 2160/5/3 2159/5/3
f 2164/5/3 2160/5/3 2163/5/3
f 2165/5/3 2160/5/3 2164/5/3
f 2167/5/3 2163/5/3 2162/5/3
f 2167/5/3 2164/5/3 2163/5/3
f 2168/5/3 2164/5/3 2167/5/3
f 2171/5/3 2167/5/3 2166/5/3
f 2172/5/3 2167/5/3 2171/5/3
f 2173/5/3 2170/5/3 2169/5/3
f 2174/5/3 2170/5/3 2173/5/3
f 2179/2/3 2176/2/3 2175/2/3
f 2180/2/3 2176/2/3 2179/2/3
f 2185/2/3 2178/2/3 2177/2/3
f 2186/2/3 2178/2/3 2185/2/3
f 2188/2/3 2181/2/3 2180/2/3
f 2189/2/3 2181/2/3 2188/2/3
f 2190/2/3 2181/2/3 2189/2/3
f 2193/3/3 2183/3/3 2182/3/3
f 2194/3/3 2183/3/3 2193/3/3
f 2195/3/3 2183/3/3 2194/3/3
f 2197/2/3 2185/2/3 2184/2/3
f 2198/2/3 2185/2/3 2197/2/3
f 2199/2/3 2190/2/3 2189/2/3
f 2199/2/3 2191/2/3 2190/2/3
f 2200/2/3 2191/2/3 2199/2/3
f 2201/3/3 2196/3/3 2195/3/3
f 2201/4/3 2193/4/3 2192/4/3
f 2201/3/3 2195/3/3 2194/3/3
f 2201/4/3 2194/4/3 2193/4/3
f 2202/3/3 2196/3/3 2201/3/3
f 2203/3/3 2196/3/3 2202/3/3
f 2205/4/3 2187/4/3 2186/4/3
f 2206/4/3 2187/4/3 2205/4/3
f 2207/4/3 2201/4/3 2192/4/3
f 2208/4/3 2201/4/3 2207/4/3
f 2209/3/3 2204/3/3 2203/3/3
f 2209/3/3 2203/3/3 2202/3/3
f 2210/3/3 2204/3/3 2209/3/3
f 2214/3/3 2204/3/3 2210/3/3
f 2215/3/3 2204/3/3 2214/3/3
f 2216/4/3 2212/4/3 2211/4/3
f 2217/3/3 2214/3/3 2213/3/3
f 2218/3/3 2214/3/3 2217/3/3
f 2219/3/3 2204/3/3 2215/3/3
f 2220/3/3 2204/3/3 2219/3/3
f 2223/4/3 2216/4/3 2211/4/3
f 2224/4/3 2216/4/3 2223/4/3
f 2225/3/3 2218/3/3 2217/3/3
f 2225/4/3 2216/4/3 2224/4/3
f 2225/3/3 2217/3/3 2216/3/3
f 2225/3/3 2219/3/3 2218/3/3
f 2229/2/3 2191/2/3 2200/2/3
f 2230/3/3 2225/3/3 2224/3/3
f 2231/3/3 2219/3/3 2225/3/3
f 2231/3/3 2225/3/3 2230/3/3
f 2232/2/3 2227/2/3 2226/2/3
f 2233/2/3 2227/2/3 2232/2/3
f 2234/4/3 2222/4/3 2221/4/3
f 2235/4/3 2222/4/3 2234/4/3
f 2237/2/3 2229/2/3 2228/2/3
f 2238/2/3 2191/2/3 2229/2/3
f 2238/2/3 2229/2/3 2237/2/3
f 2239/2/3 2191/2/3 2238/2/3
f 2240/2/3 2234/2/3 2233/2/3
f 2241/2/3 2234/2/3 2240/2/3
f 2243/2/3 2238/2/3 2237/2/3
f 2243/2/3 2237/2/3 2236/2/3
f 2244/2/3 2238/2/3 2243/2/3
f 2245/2/3 2243/2/3 2242/2/3
f 2246/2/3 2243/2/3 2245/2/3
f 2249/5/3 2248/5/3 2247/5/3
f 2250/5/3 2248/5/3 2249/5/3
f 2252/5/3 2251/5/3 2250/5/3
f 2253/5/3 2251/5/3 2252/5/3
f 2256/5/3 2255/5/3 2254/5/3
f 2257/5/3 2255/5/3 2256/5/3
f 2260/5/3 2259/5/3 2258/5/3
f 2262/5/3 2260/5/3 2258/5/3
f 2262/5/3 2261/5/3 2260/5/3
f 2263/5/3 2261/5/3 2262/5/3
f 2266/5/3 2261/5/3 2263/5/3
f 2267/5/3 2261/5/3 2266/5/3
f 2270/5/3 2268/5/3 2267/5/3
f 2271/5/3 2268/5/3 2270/5/3
f 2273/5/3 2270/5/3 2269/5/3
f 2274/5/3 2265/5/3 2264/5/3
f 2275/5/3 2265/5/3 2274/5/3
f 2276/5/3 2273/5/3 2272/5/3
f 2276/5/3 2270/5/3 2273/5/3
f 2277/5/3 2270/5/3 2276/5/3
f 2278/5/3 2276/5/3 2272/5/3
f 2279/5/3 2276/5/3 2278/5/3
f 2284/5/3 2281/5/3 2280/5/3
f 2285/5/3 2281/5/3 2284/5/3
f 2287/5/3 2283/5/3 2282/5/3
f 2288/5/3 2283/5/3 2287/5/3
f 2289/5/3 2287/5/3 2286/5/3
f 2290/5/3 2287/5/3 2289/5/3
f 2299/2/3 2292/2/3 2291/2/3
f 2300/2/3 2292/2/3 2299/2/3
f 2301/2/3 2294/2/3 2293/2/3
f 2302/2/3 2294/2/3 2301/2/3
f 2304/3/3 2296/3/3 2295/3/3
f 2305/3/3 2296/3/3 2304/3/3
f 2308/2/3 2298/2/3 2297/2/3
f 2309/2/3 2298/2/3 2308/2/3
f 2310/2/3 2303/2/3 2302/2/3
f 2311/2/3 2303/2/3 2310/2/3
f 2312/3/3 2307/3/3 2306/3/3
f 2313/3/3 2307/3/3 2312/3/3
f 2317/3/3 2314/3/3 2313/3/3
f 2318/3/3 2314/3/3 2317/3/3
f 2321/4/3 2316/4/3 2315/4/3
f 2322/4/3 2316/4/3 2321/4/3
f 2325/4/3 2323/4/3 2322/4/3
f 2326/4/3 2323/4/3 2325/4/3
f 2328/4/3 2325/4/3 2324/4/3
f 2329/4/3 2325/4/3 2328/4/3
f 2330/4/3 2327/4/3 2326/4/3
f 2331/4/3 2327/4/3 2330/4/3
f 2333/2/3 2320/2/3 2319/2/3
f 2334/2/3 2320/2/3 2333/2/3
f 2335/4/3 2332/4/3 2331/4/3
f 2336/4/3 2332/4/3 2335/4/3
f 2337/4/3 2332/4/3 2336/4/3
f 2341/3/3 2336/3/3 2335/3/3
f 2342/3/3 2336/3/3 2341/3/3
f 2347/3/3 2340/3/3 2339/3/3
f 2347/3/3 2339/3/3 2338/3/3
f 2348/3/3 2340/3/3 2347/3/3
f 2349/2/3 2344/2/3 2343/2/3
f 2350/2/3 2344/2/3 2349/2/3
f 2354/2/3 2346/2/3 2345/2/3
f 2355/2/3 2346/2/3 2354/2/3
f 2356/2/3 2352/2/3 2351/2/3
f 2357/2/3 2352/2/3 2356/2/3
f 2358/2/3 2354/2/3 2353/2/3
f 2359/2/3 2354/2/3 2358/2/3
f 2362/5/3 2361/5/3 2360/5/3
f 2363/5/3 2361/5/3 2362/5/3
f 2365/5/3 2364/5/3 2363/5/3
f 2366/5/3 2364/5/3 2365/5/3
f 2368/5/3 2367/5/3 2366/5/3
f 2369/5/3 2367/5/3 2368/5/3
f 2371/5/3 2370/5/3 2369/5/3
f 2372/5/3 2370/5/3 2371/5/3
f 2374/5/3 2373/5/3 2372/5/3
f 2375/5/3 2373/5/3 2374/5/3
f 2382/2/3 2377/2/3 2376/2/3
f 2383/2/3 2377/2/3 2382/2/3
f 2384/2/3 2377/2/3 2383/2/3
f 2389/5/3 2379/5/3 2378/5/3
f 2390/5/3 2381/5/3 2380/5/3
f 2391/2/3 2382/2/3 2381/2/3
f 2391/5/3 2381/5/3 2390/5/3
f 2392/5/3 2388/5/3 2387/5/3
f 2392/4/3 2387/4/3 2386/4/3
f 2393/5/3 2388/5/3 2392/5/3
f 2394/5/3 2389/5/3 2378/5/3
f 2394/5/3 2390/5/3 2389/5/3
f 2395/5/3 2390/5/3 2394/5/3
f 2396/2/3 2382/2/3 2391/2/3
f 2397/2/3 2385/2/3 2384/2/3
f 2397/2/3 2384/2/3 2383/2/3
f 2398/4/3 2393/4/3 2392/4/3
f 2398/4/3 2392/4/3 2386/4/3
f 2399/4/3 2393/4/3 2398/4/3
f 2401/5/3 2390/5/3 2395/5/3
f 2402/2/3 2397/2/3 2396/2/3
f 2402/2/3 2396/2/3 2391/2/3
f 2403/2/3 2385/2/3 2397/2/3
f 2403/2/3 2397/2/3 2402/2/3
f 2404/4/3 2398/4/3 2386/4/3
f 2405/5/3 2399/5/3 2398/5/3
f 2405/4/3 2398/4/3 2404/4/3
f 2406/5/3 2399/5/3 2405/5/3
f 2407/5/3 2401/5/3 2400/5/3
f 2407/5/3 2390/5/3 2401/5/3
f 2408/5/3 2390/5/3 2407/5/3
f 2409/2/3 2402/2/3 2391/2/3
f 2410/5/3 2407/5/3 2400/5/3
f 2411/5/3 2407/5/3 2410/5/3
f 2412/5/3 2409/5/3 2408/5/3
f 2413/2/3 2402/2/3 2409/2/3
f 2413/5/3 2409/5/3 2412/5/3
f 2414/2/3 2402/2/3 2413/2/3
f 2415/2/3 2385/2/3 2403/2/3
f 2416/2/3 2385/2/3 2415/2/3
f 2417/2/3 2385/2/3 2416/2/3
f 2420/2/3 2416/2/3 2415/2/3
f 2420/2/3 2415/2/3 2414/2/3
f 2421/2/3 2416/2/3 2420/2/3
f 2423/5/3 2419/5/3 2418/5/3
f 2424/5/3 2419/5/3 2423/5/3
f 2426/5/3 2423/5/3 2422/5/3
f 2427/5/3 2423/5/3 2426/5/3
f 2429/5/3 2426/5/3 2425/5/3
f 2430/5/3 2426/5/3 2429/5/3
f 2432/5/3 2429/5/3 2428/5/3
f 2433/5/3 2429/5/3 2432/5/3
f 2434/5/3 2432/5/3 2431/5/3
f 2435/5/3 2432/5/3 2434/5/3
f 2442/2/3 2437/2/3 2436/2/3
f 2443/2/3 2437/2/3 2442/2/3
f 2444/2/3 2437/2/3 2443/2/3
f 2446/3/3 2439/3/3 2438/3/3
f 2447/3/3 2439/3/3 2446/3/3
f 2450/2/3 2441/2/3 2440/2/3
f 2451/2/3 2441/2/3 2450/2/3
f 2452/2/3 2445/2/3 2444/2/3
f 2452/2/3 2444/2/3 2443/2/3
f 2453/2/3 2445/2/3 2452/2/3
f 2454/2/3 2445/2/3 2453/2/3
f 2455/2/3 2445/2/3 2454/2/3
f 2456/3/3 2449/3/3 2448/3/3
f 2457/3/3 2449/3/3 2456/3/3
f 2460/2/3 2454/2/3 2453/2/3
f 2461/2/3 2454/2/3 2460/2/3
f 2462/2/3 2445/2/3 2455/2/3
f 2463/2/3 2445/2/3 2462/2/3
f 2464/3/3 2459/3/3 2458/3/3
f 2465/3/3 2459/3/3 2464/3/3
f 2468/2/3 2445/2/3 2463/2/3
f 2469/2/3 2445/2/3 2468/2/3
f 2470/2/3 2467/2/3 2466/2/3
f 2471/2/3 2467/2/3 2470/2/3
f 2474/2/3 2473/2/3 2472/2/3
f 2475/2/3 2473/2/3 2474/2/3
f 2483/2/3 2477/2/3 2476/2/3
f 2486/3/3 2479/3/3 2478/3/3
f 2487/3/3 2479/3/3 2486/3/3
f 2491/2/3 2481/2/3 2480/2/3
f 2492/2/3 2481/2/3 2491/2/3
f 2493/2/3 2483/2/3 2482/2/3
f 2494/3/3 2485/3/3 2484/3/3
f 2495/3/3 2485/3/3 2494/3/3
f 2496/2/3 2489/2/3 2488/2/3
f 2497/2/3 2489/2/3 2496/2/3
f 2499/2/3 2493/2/3 2492/2/3
f 2499/2/3 2492/2/3 2491/2/3
f 2499/2/3 2491/2/3 2490/2/3
f 2500/2/3 2477/2/3 2483/2/3
f 2500/2/3 2483/2/3 2493/2/3
f 2500/2/3 2493/2/3 2499/2/3
f 2501/2/3 2477/2/3 2500/2/3
f 2502/2/3 2500/2/3 2499/2/3
f 2502/2/3 2499/2/3 2498/2/3
f 2503/2/3 2500/2/3 2502/2/3
f 2506/5/3 2505/5/3 2504/5/3
f 2507/5/3 2505/5/3 2506/5/3
f 2508/5/3 2505/5/3 2507/5/3
f 2510/5/3 2509/5/3 2508/5/3
f 2510/5/3 2508/5/3 2507/5/3
f 2511/5/3 2509/5/3 2510/5/3
f 2512/5/3 2509/5/3 2511/5/3
f 2514/5/3 2513/5/3 2512/5/3
f 2514/5/3 2512/5/3 2511/5/3
f 2515/5/3 2513/5/3 2514/5/3
f 2517/5/3 2516/5/3 2515/5/3
f 2518/5/3 2516/5/3 2517/5/3
f 2520/5/3 2519/5/3 2518/5/3
f 2521/5/3 2519/5/3 2520/5/3
f 2523/5/3 2522/5/3 2521/5/3
f 2524/5/3 2522/5/3 2523/5/3
f 2534/5/3 2525/5/3 2524/5/3
f 2535/5/3 2525/5/3 2534/5/3
f 2537/5/3 2527/5/3 2526/5/3
f 2538/5/3 2527/5/3 2537/5/3
f 2541/2/3 2529/2/3 2528/2/3
f 2542/2/3 2529/2/3 2541/2/3
f 2543/4/3 2533/4/3 2532/4/3
f 2544/4/3 2533/4/3 2543/4/3
f 2547/5/3 2537/5/3 2536/5/3
f 2548/5/3 2537/5/3 2547/5/3
f 2549/4/3 2531/4/3 2530/4/3
f 2550/4/3 2531/4/3 2549/4/3
f 2551/4/3 2543/4/3 2532/4/3
f 2552/4/3 2543/4/3 2551/4/3
f 2553/4/3 2546/4/3 2545/4/3
f 2554/4/3 2546/4/3 2553/4/3
f 2555/4/3 2540/4/3 2539/4/3
f 2556/4/3 2540/4/3 2555/4/3
f 2560/4/3 2543/4/3 2552/4/3
f 2565/4/3 2543/4/3 2560/4/3
f 2565/4/3 2560/4/3 2559/4/3
f 2567/4/3 2562/4/3 2561/4/3
f 2568/4/3 2562/4/3 2567/4/3
f 2571/4/3 2558/4/3 2557/4/3
f 2572/4/3 2558/4/3 2571/4/3
f 2573/4/3 2566/4/3 2565/4/3
f 2573/4/3 2565/4/3 2559/4/3
f 2574/4/3 2566/4/3 2573/4/3
f 2577/5/3 2570/5/3 2569/5/3
f 2578/5/3 2570/5/3 2577/5/3
f 2580/4/3 2564/4/3 2563/4/3
f 2581/4/3 2564/4/3 2580/4/3
f 2583/2/3 2529/2/3 2542/2/3
f 2585/5/3 2576/5/3 2575/5/3
f 2586/5/3 2576/5/3 2585/5/3
f 2587/5/3 2579/5/3 2578/5/3
f 2588/5/3 2579/5/3 2587/5/3
f 2589/2/3 2583/2/3 2582/2/3
f 2590/2/3 2529/2/3 2583/2/3
f 2590/2/3 2583/2/3 2589/2/3
f 2592/5/3 2585/5/3 2584/5/3
f 2593/5/3 2585/5/3 2592/5/3
f 2595/5/3 2592/5/3 2591/5/3
f 2596/5/3 2592/5/3 2595/5/3
f 2598/5/3 2595/5/3 2594/5/3
f 2599/5/3 2595/5/3 2598/5/3
f 2601/5/3 2598/5/3 2597/5/3
f 2602/5/3 2598/5/3 2601/5/3
f 2603/5/3 2598/5/3 2602/5/3
f 2605/5/3 2601/5/3 2600/5/3
f 2605/5/3 2602/5/3 2601/5/3
f 2606/5/3 2602/5/3 2605/5/3
f 2607/5/3 2602/5/3 2606/5/3
f 2608/5/3 2605/5/3 2604/5/3
f 2608/5/3 2606/5/3 2605/5/3
f 2609/5/3 2606/5/3 2608/5/3
f 2612/3/3 2611/3/3 2610/3/3
f 2613/3/3 2611/3/3 2612/3/3
f 2616/3/3 2615/3/3 2614/3/3
f 2618/3/3 2616/3/3 2614/3/3
f 2618/3/3 2617/3/3 2616/3/3
f 2619/3/3 2617/3/3 2618/3/3
f 2620/3/3 2618/3/3 2614/3/3
f 2621/3/3 2618/3/3 2620/3/3
f 2626/3/3 2623/3/3 2622/3/3
f 2626/3/3 2624/3/3 2623/3/3
f 2627/3/3 2624/3/3 2626/3/3
f 2628/3/3 2626/3/3 2625/3/3
f 2629/3/3 2626/3/3 2628/3/3
f 2632/5/3 2631/5/3 2630/5/3
f 2633/5/3 2631/5/3 2632/5/3
f 2635/5/3 2634/5/3 2633/5/3
f 2636/5/3 2634/5/3 2635/5/3
f 2638/5/3 2637/5/3 2636/5/3
f 2639/5/3 2637/5/3 2638/5/3
f 2641/5/3 2640/5/3 2639/5/3
f 2642/5/3 2640/5/3 2641/5/3
f 2644/5/3 2643/5/3 2642/5/3
f 2645/5/3 2643/5/3 2644/5/3
f 2651/5/3 2646/5/3 2645/5/3
f 2652/5/3 2646/5/3 2651/5/3
f 2654/2/3 2648/2/3 2647/2/3
f 2655/2/3 2648/2/3 2654/2/3
f 2658/5/3 2650/5/3 2649/5/3
f 2659/5/3 2650/5/3 2658/5/3
f 2661/5/3 2653/5/3 2652/5/3
f 2662/5/3 2653/5/3 2661/5/3
f 2663/4/3 2660/4/3 2659/4/3
f 2663/4/3 2659/4/3 2658/4/3
f 2664/4/3 2660/4/3 2663/4/3
f 2665/4/3 2657/4/3 2656/4/3
f 2666/4/3 2657/4/3 2665/4/3
f 2669/2/3 2648/2/3 2655/2/3
f 2670/2/3 2648/2/3 2669/2/3
f 2673/2/3 2668/2/3 2667/2/3
f 2674/2/3 2668/2/3 2673/2/3
f 2679/4/3 2672/4/3 2671/4/3
f 2680/4/3 2672/4/3 2679/4/3
f 2681/4/3 2678/4/3 2677/4/3
f 2682/4/3 2678/4/3 2681/4/3
f 2683/4/3 2678/4/3 2682/4/3
f 2686/5/3 2682/5/3 2681/5/3
f 2687/5/3 2682/5/3 2686/5/3
f 2689/5/3 2685/5/3 2684/5/3
f 2690/5/3 2685/5/3 2689/5/3
f 2692/2/3 2676/2/3 2675/2/3
f 2694/5/3 2689/5/3 2688/5/3
f 2695/5/3 2689/5/3 2694/5/3
f 2696/2/3 2692/2/3 2691/2/3
f 2697/2/3 2676/2/3 2692/2/3
f 2697/2/3 2692/2/3 2696/2/3
f 2699/5/3 2694/5/3 2693/5/3
f 2700/5/3 2694/5/3 2699/5/3
f 2702/5/3 2699/5/3 2698/5/3
f 2703/5/3 2699/5/3 2702/5/3
f 2705/5/3 2702/5/3 2701/5/3
f 2706/5/3 2702/5/3 2705/5/3
f 2708/5/3 2705/5/3 2704/5/3
f 2709/5/3 2705/5/3 2708/5/3
f 2710/5/3 2708/5/3 2707/5/3
f 2711/5/3 2708/5/3 2710/5/3
f 2716/2/3 2713/2/3 2712/2/3
f 2717/2/3 2713/2/3 2716/2/3
f 2722/2/3 2719/2/3 2718/2/3
f 2723/2/3 2719/2/3 2722/2/3
f 2724/2/3 2715/2/3 2714/2/3
f 2725/2/3 2715/2/3 2724/2/3
f 2726/4/3 2721/4/3 2720/4/3
f 2727/4/3 2721/4/3 2726/4/3
f 2732/2/3 2729/2/3 2728/2/3
f 2733/2/3 2729/2/3 2732/2/3
f 2734/4/3 2731/4/3 2730/4/3
f 2735/4/3 2731/4/3 2734/4/3
f 2740/2/3 2737/2/3 2736/2/3
f 2741/2/3 2737/2/3 2740/2/3
f 2744/2/3 2743/2/3 2742/2/3
f 2745/2/3 2743/2/3 2744/2/3
f 2746/2/3 2739/2/3 2738/2/3
f 2747/2/3 2739/2/3 2746/2/3
f 2750/3/3 2749/3/3 2748/3/3
f 2751/3/3 2749/3/3 2750/3/3
f 2754/5/3 2753/5/3 2752/5/3
f 2755/5/3 2753/5/3 2754/5/3
f 2757/5/3 2756/5/3 2755/5/3
f 2758/5/3 2756/5/3 2757/5/3
f 2760/5/3 2759/5/3 2758/5/3
f 2761/5/3 2759/5/3 2760/5/3
f 2768/2/3 2765/2/3 2764/2/3
f 2769/2/3 2765/2/3 2768/2/3
f 2771/2/3 2767/2/3 2766/2/3
f 2772/2/3 2767/2/3 2771/2/3
f 2774/2/3 2763/2/3 2762/2/3
f 2775/2/3 2763/2/3 2774/2/3
f 2776/2/3 2771/2/3 2770/2/3
f 2777/2/3 2771/2/3 2776/2/3
f 2778/2/3 2774/2/3 2773/2/3
f 2779/2/3 2774/2/3 2778/2/3
f 2784/2/3 2781/2/3 2780/2/3
f 2785/2/3 2781/2/3 2784/2/3
f 2787/2/3 2783/2/3 2782/2/3
f 2788/2/3 2783/2/3 2787/2/3
f 2790/2/3 2786/2/3 2785/2/3
f 2791/2/3 2786/2/3 2790/2/3
f 2794/2/3 2793/2/3 2792/2/3
f 2795/2/3 2793/2/3 2794/2/3
f 2798/2/3 2789/2/3 2788/2/3
f 2799/2/3 2789/2/3 2798/2/3
f 2801/5/3 2797/5/3 2796/5/3
f 2802/5/3 2797/5/3 2801/5/3
f 2804/5/3 2801/5/3 2800/5/3
f 2805/5/3 2801/5/3 2804/5/3
f 2806/5/3 2804/5/3 2803/5/3
f 2807/5/3 2804/5/3 2806/5/3
f 2810/5/3 2809/5/3 2808/5/3
f 2811/5/3 2809/5/3 2810/5/3
f 2816/5/3 2813/5/3 2812/5/3
f 2817/5/3 2813/5/3 2816/5/3
f 2821/5/3 2818/5/3 2817/5/3
f 2822/5/3 2818/5/3 2821/5/3
f 2826/2/3 2820/2/3 2819/2/3
f 2827/2/3 2820/2/3 2826/2/3
f 2828/2/3 2815/2/3 2814/2/3
f 2829/2/3 2815/2/3 2828/2/3
f 2830/5/3 2823/5/3 2822/5/3
f 2831/5/3 2823/5/3 2830/5/3
f 2834/2/3 2825/2/3 2824/2/3
f 2835/2/3 2825/2/3 2834/2/3
f 2836/5/3 2832/5/3 2831/5/3
f 2837/5/3 2832/5/3 2836/5/3
f 2839/2/3 2834/2/3 2833/2/3
f 2840/2/3 2834/2/3 2839/2/3
f 2843/2/3 2839/2/3 2838/2/3
f 2844/2/3 2839/2/3 2843/2/3
f 2847/5/3 2842/5/3 2841/5/3
f 2848/5/3 2842/5/3 2847/5/3
f 2849/2/3 2845/2/3 2844/2/3
f 2850/2/3 2845/2/3 2849/2/3
f 2853/5/3 2847/5/3 2846/5/3
f 2854/5/3 2847/5/3 2853/5/3
f 2855/2/3 2851/2/3 2850/2/3
f 2856/2/3 2851/2/3 2855/2/3
f 2862/5/3 2853/5/3 2852/5/3
f 2863/5/3 2853/5/3 2862/5/3
f 2864/2/3 2858/2/3 2857/2/3
f 2865/2/3 2858/2/3 2864/2/3
f 2866/5/3 2862/5/3 2861/5/3
f 2867/5/3 2862/5/3 2866/5/3
f 2868/2/3 2860/2/3 2859/2/3
f 2869/2/3 2860/2/3 2868/2/3
f 2872/5/3 2871/5/3 2870/5/3
f 2873/5/3 2871/5/3 2872/5/3
f 2876/5/3 2875/5/3 2874/5/3
f 2877/5/3 2875/5/3 2876/5/3
f 2880/2/3 2879/2/3 2878/2/3
f 2886/2/3 2880/2/3 2878/2/3
f 2886/2/3 2881/2/3 2880/2/3
f 2887/2/3 2881/2/3 2886/2/3
f 2888/5/3 2883/5/3 2882/5/3
f 2891/2/3 2885/2/3 2884/2/3
f 2892/2/3 2885/2/3 2891/2/3
f 2893/5/3 2889/5/3 2888/5/3
f 2893/5/3 2888/5/3 2882/5/3
f 2894/5/3 2889/5/3 2893/5/3
f 2896/2/3 2891/2/3 2890/2/3
f 2898/5/3 2889/5/3 2894/5/3
f 2899/2/3 2896/2/3 2895/2/3
f 2900/2/3 2891/2/3 2896/2/3
f 2900/2/3 2896/2/3 2899/2/3
f 2901/5/3 2898/5/3 2897/5/3
f 2901/5/3 2889/5/3 2898/5/3
f 2902/5/3 2889/5/3 2901/5/3
f 2903/2/3 2891/2/3 2900/2/3
f 2904/2/3 2891/2/3 2903/2/3
f 2906/5/3 2901/5/3 2897/5/3
f 2907/5/3 2901/5/3 2906/5/3
f 2908/2/3 2905/2/3 2904/2/3
f 2909/2/3 2905/2/3 2908/2/3
f 2912/2/3 2911/2/3 2910/2/3
f 2913/2/3 2911/2/3 2912/2/3
f 2916/2/3 2912/2/3 2910/2/3
f 2917/2/3 2912/2/3 2916/2/3
f 2918/5/3 2915/5/3 2914/5/3
f 2919/5/3 2915/5/3 2918/5/3
f 2924/5/3 2921/5/3 2920/5/3
f 2928/2/3 2923/2/3 2922/2/3
f 2929/2/3 2923/2/3 2928/2/3
f 2931/5/3 2924/5/3 2920/5/3
f 2931/5/3 2925/5/3 2924/5/3
f 2932/5/3 2925/5/3 2931/5/3
f 2934/2/3 2927/2/3 2926/2/3
f 2935/2/3 2927/2/3 2934/2/3
f 2936/2/3 2927/2/3 2935/2/3
f 2937/2/3 2930/2/3 2929/2/3
f 2938/2/3 2930/2/3 2937/2/3
f 2940/2/3 2934/2/3 2933/2/3
f 2940/2/3 2935/2/3 2934/2/3
f 2941/2/3 2935/2/3 2940/2/3
f 2942/2/3 2935/2/3 2941/2/3
f 2943/5/3 2925/5/3 2932/5/3
f 2944/5/3 2925/5/3 2943/5/3
f 2947/5/3 2945/5/3 2944/5/3
f 2948/5/3 2945/5/3 2947/5/3
f 2949/2/3 2940/2/3 2939/2/3
f 2949/2/3 2941/2/3 2940/2/3
f 2950/2/3 2941/2/3 2949/2/3
f 2951/2/3 2941/2/3 2950/2/3
f 2954/5/3 2947/5/3 2946/5/3
f 2955/2/3 2951/2/3 2950/2/3
f 2955/2/3 2952/2/3 2951/2/3
f 2956/2/3 2952/2/3 2955/2/3
f 2957/2/3 2952/2/3 2956/2/3
f 2961/5/3 2954/5/3 2953/5/3
f 2961/5/3 2947/5/3 2954/5/3
f 2962/5/3 2947/5/3 2961/5/3
f 2963/2/3 2957/2/3 2956/2/3
f 2963/2/3 2958/2/3 2957/2/3
f 2964/2/3 2958/2/3 2963/2/3
f 2966/2/3 2960/2/3 2959/2/3
f 2967/2/3 2960/2/3 2966/2/3
f 2968/5/3 2961/5/3 2953/5/3
f 2969/5/3 2961/5/3 2968/5/3
f 2970/2/3 2966/2/3 2965/2/3
f 2971/2/3 2966/2/3 2970/2/3
f 2978/5/3 2973/5/3 2972/5/3
f 2980/2/3 2975/2/3 2974/2/3
f 2981/2/3 2975/2/3 2980/2/3
f 2982/2/3 2977/2/3 2976/2/3
f 2983/2/3 2977/2/3 2982/2/3
f 2984/5/3 2979/5/3 2978/5/3
f 2984/5/3 2978/5/3 2972/5/3
f 2985/5/3 2979/5/3 2984/5/3
f 2986/5/3 2979/5/3 2985/5/3
f 2987/5/3 2979/5/3 2986/5/3
f 2988/5/3 2979/5/3 2987/5/3
f 2991/5/3 2989/5/3 2988/5/3
f 2991/5/3 2988/5/3 2987/5/3
f 2992/5/3 2989/5/3 2991/5/3
f 2993/5/3 2989/5/3 2992/5/3
f 2995/5/3 2991/5/3 2990/5/3
f 2995/5/3 2992/5/3 2991/5/3
f 2996/5/3 2992/5/3 2995/5/3
f 2996/5/3 2995/5/3 2994/5/3
f 2997/5/3 2992/5/3 2996/5/3
f 3002/2/3 2999/2/3 2998/2/3
f 3003/2/3 2999/2/3 3002/2/3
f 3004/2/3 3001/2/3 3000/2/3
f 3005/2/3 3001/2/3 3004/2/3
f 3006/5/3 2996/5/3 2994/5/3
f 3007/5/3 2996/5/3 3006/5/3
f 3011/5/3 3009/5/3 3008/5/3
f 3011/5/3 3010/5/3 3009/5/3
f 3013/5/3 3011/5/3 3008/5/3
f 3013/5/3 3012/5/3 3011/5/3
f 3014/5/3 3012/5/3 3013/5/3
f 3015/5/3 3013/5/3 3008/5/3
f 3016/5/3 3013/5/3 3015/5/3
f 3017/5/3 3013/5/3 3016/5/3
f 3018/5/4 3019/5/4 3020/5/4
f 3020/5/4 3019/5/4 3021/5/4
f 3022/5/4 3023/5/4 3024/5/4
f 3024/5/4 3025/5/4 3026/5/4
f 3022/5/4 3024/5/4 3028/5/4
f 3026/5/4 3027/5/4 3028/5/4
f 3024/5/4 3026/5/4 3028/5/4
f 3028/5/4 3027/5/4 3029/5/4
f 3029/5/4 3027/5/4 3030/5/4
f 3030/5/4 3031/5/4 3033/5/4
f 3029/5/4 3030/5/4 3033/5/4
f 3033/5/4 3031/5/4 3034/5/4
f 3034/5/4 3031/5/4 3035/5/4
f 3032/5/4 3033/5/4 3036/5/4
f 3033/5/4 3034/5/4 3036/5/4
f 3036/5/4 3034/5/4 3037/5/4
f 3032/5/4 3036/5/4 3038/5/4
f 3038/5/4 3036/5/4 3039/5/4
f 3032/5/4 3038/5/4 3040/5/4
f 3040/5/4 3038/5/4 3041/5/4
f 3042/5/4 3043/5/4 3044/5/4
f 3044/5/4 3043/5/4 3045/5/4
f 3045/5/4 3043/5/4 3046/5/4
f 3046/5/4 3047/5/4 3048/5/4
f 3045/5/4 3046/5/4 3048/5/4
f 3048/5/4 3047/5/4 3049/5/4
f 3049/5/4 3047/5/4 3050/5/4
f 3050/5/4 3047/5/4 3051/5/4
f 3051/5/4 3047/5/4 3052/5/4
f 3052/5/4 3053/5/4 3054/5/4
f 3051/5/4 3052/5/4 3054/5/4
f 3054/5/4 3053/5/4 3055/5/4
f 3055/5/4 3053/5/4 3056/5/4
f 3056/5/4 3057/5/4 3059/5/4
f 3055/5/4 3056/5/4 3059/5/4
f 3059/5/4 3057/5/4 3060/5/4
f 3060/5/4 3057/5/4 3061/5/4
f 3058/5/4 3059/5/4 3063/5/4
f 3059/5/4 3060/5/4 3063/5/4
f 3063/5/4 3060/5/4 3064/5/4
f 3064/5/4 3060/5/4 3065/5/4
f 3062/5/4 3063/5/4 3067/5/4
f 3063/5/4 3064/5/4 3067/5/4
f 3066/5/4 3067/5/4 3069/5/4
f 3067/5/4 3064/5/4 3070/5/4
f 3069/5/4 3067/5/4 3070/5/4
f 3070/5/4 3064/5/4 3071/5/4
f 3068/5/4 3069/5/4 3072/5/4
f 3069/5/4 3070/5/4 3072/5/4
f 3072/5/4 3070/5/4 3073/5/4
f 3074/5/4 3075/5/4 3076/5/4
f 3074/5/4 3076/5/4 3078/5/4
f 3076/5/4 3077/5/4 3078/5/4
f 3078/5/4 3077/5/4 3079/5/4
f 3080/5/4 3081/5/4 3082/5/4
f 3082/5/4 3081/5/4 3083/5/4
f 3083/5/4 3084/5/4 3085/5/4
f 3083/5/4 3085/5/4 3087/5/4
f 3085/5/4 3086/5/4 3087/5/4
f 3087/5/4 3086/5/4 3088/5/4
f 3088/5/4 3086/5/4 3089/5/4
f 3089/5/4 3090/5/4 3091/5/4
f 3088/5/4 3089/5/4 3091/5/4
f 3091/5/4 3090/5/4 3092/5/4
f 3092/5/4 3090/5/4 3094/5/4
f 3093/5/4 3094/5/4 3096/5/4
f 3094/5/4 3090/5/4 3097/5/4
f 3096/5/4 3094/5/4 3097/5/4
f 3097/5/4 3090/5/4 3098/5/4
f 3095/5/4 3096/5/4 3099/5/4
f 3096/5/4 3097/5/4 3099/5/4
f 3099/5/4 3097/5/4 3100/5/4
f 3095/5/4 3099/5/4 3102/5/4
f 3102/5/4 3099/5/4 3103/5/4
f 3101/5/4 3102/5/4 3106/5/4
f 3106/5/4 3102/5/4 3107/5/4
f 3104/5/4 3105/5/4 3108/5/4
f 3108/5/4 3105/5/4 3109/5/4
f 3104/5/4 3108/5/4 3110/5/4
f 3110/5/4 3108/5/4 3111/5/4
f 3112/5/4 3113/5/4 3114/5/4
f 3114/5/4 3113/5/4 3115/5/4
f 3116/5/4 3117/5/4 3118/5/4
f 3118/5/4 3117/5/4 3119/5/4
f 3119/5/4 3120/5/4 3121/5/4
f 3121/5/4 3120/5/4 3122/5/4
f 3122/5/4 3123/5/4 3124/5/4
f 3124/5/4 3123/5/4 3125/5/4
f 3126/5/4 3127/5/4 3129/5/4
f 3129/5/4 3127/5/4 3130/5/4
f 3128/5/4 3129/5/4 3132/5/4
f 3132/5/4 3129/5/4 3133/5/4
f 3131/5/4 3132/5/4 3134/5/4
f 3134/5/4 3132/5/4 3135/5/4
f 3136/5/4 3137/5/4 3138/5/4
f 3138/5/4 3137/5/4 3139/5/4
f 3140/3/4 3141/3/4 3142/3/4
f 3142/3/4 3141/3/4 3143/3/4
f 3143/3/4 3141/3/4 3144/3/4
f 3145/3/4 3146/3/4 3147/3/4
f 3147/3/4 3146/3/4 3148/3/4
f 3147/4/4 3148/4/4 3150/4/4
f 3148/4/4 3149/4/4 3150/4/4
f 3150/4/4 3149/4/4 3151/4/4
f 3147/4/4 3150/4/4 3152/4/4
f 3152/4/4 3150/4/4 3153/4/4
f 3154/3/4 3155/3/4 3158/3/4
f 3155/3/4 3156/3/4 3158/3/4
f 3158/3/4 3156/3/4 3159/3/4
f 3157/3/4 3158/3/4 3160/3/4
f 3160/3/4 3158/3/4 3161/3/4
f 3162/5/4 3163/5/4 3164/5/4
f 3162/5/4 3164/5/4 3166/5/4
f 3164/5/4 3165/5/4 3166/5/4
f 3166/5/4 3165/5/4 3167/5/4
f 3167/5/4 3168/5/4 3169/5/4
f 3169/5/4 3168/5/4 3170/5/4
f 3170/5/4 3171/5/4 3172/5/4
f 3172/5/4 3171/5/4 3173/5/4
f 3174/5/4 3175/5/4 3176/5/4
f 3176/5/4 3175/5/4 3177/5/4
f 3177/5/4 3178/5/4 3179/5/4
f 3179/5/4 3178/5/4 3180/5/4
f 3181/2/4 3182/2/4 3184/2/4
f 3183/2/4 3184/2/4 3185/2/4
f 3184/2/4 3182/2/4 3186/2/4
f 3185/2/4 3184/2/4 3186/2/4
f 3186/2/4 3182/2/4 3189/2/4
f 3189/2/4 3182/2/4 3190/2/4
f 3187/5/4 3188/5/4 3192/5/4
f 3192/5/4 3188/5/4 3193/5/4
f 3191/5/4 3192/5/4 3196/5/4
f 3196/5/4 3192/5/4 3197/5/4
f 3194/5/4 3195/5/4 3199/5/4
f 3199/5/4 3195/5/4 3200/5/4
f 3198/5/4 3199/5/4 3202/5/4
f 3202/5/4 3199/5/4 3203/5/4
f 3201/5/4 3202/5/4 3204/5/4
f 3204/5/4 3202/5/4 3205/5/4
f 3201/5/4 3204/5/4 3206/5/4
f 3206/5/4 3204/5/4 3207/5/4
f 3208/3/4 3209/3/4 3210/3/4
f 3210/3/4 3209/3/4 3211/3/4
f 3212/3/4 3213/3/4 3214/3/4
f 3214/3/4 3213/3/4 3215/3/4
f 3216/5/4 3217/5/4 3218/5/4
f 3216/5/4 3218/5/4 3220/5/4
f 3218/5/4 3219/5/4 3220/5/4
f 3220/5/4 3219/5/4 3221/5/4
f 3221/5/4 3219/5/4 3222/5/4
f 3222/5/4 3223/5/4 3224/5/4
f 3221/5/4 3222/5/4 3224/5/4
f 3224/5/4 3223/5/4 3225/5/4
f 3225/5/4 3223/5/4 3226/5/4
f 3226/5/4 3227/5/4 3228/5/4
f 3225/5/4 3226/5/4 3228/5/4
f 3228/5/4 3227/5/4 3229/5/4
f 3229/5/4 3227/5/4 3230/5/4
f 3230/5/4 3231/5/4 3232/5/4
f 3229/5/4 3230/5/4 3232/5/4
f 3232/5/4 3231/5/4 3233/5/4
f 3234/4/4 3235/4/4 3239/4/4
f 3235/2/4 3236/2/4 3239/2/4
f 3239/2/4 3236/2/4 3240/2/4
f 3237/4/4 3238/4/4 3241/4/4
f 3241/4/4 3238/4/4 3242/4/4
f 3234/4/4 3239/4/4 3243/4/4
f 3243/4/4 3239/4/4 3244/4/4
f 3245/4/4 3246/4/4 3249/4/4
f 3249/4/4 3246/4/4 3250/4/4
f 3247/4/4 3248/4/4 3251/4/4
f 3240/2/4 3236/2/4 3252/2/4
f 3247/4/4 3251/4/4 3253/4/4
f 3251/2/4 3252/2/4 3254/2/4
f 3253/4/4 3251/4/4 3254/4/4
f 3252/2/4 3236/2/4 3255/2/4
f 3254/2/4 3252/2/4 3255/2/4
f 3256/5/4 3257/5/4 3259/5/4
f 3259/5/4 3257/5/4 3260/5/4
f 3260/5/4 3257/5/4 3261/5/4
f 3258/5/4 3259/5/4 3263/5/4
f 3259/5/4 3260/5/4 3263/5/4
f 3263/5/4 3260/5/4 3264/5/4
f 3264/5/4 3260/5/4 3265/5/4
f 3262/5/4 3263/5/4 3267/5/4
f 3263/5/4 3264/5/4 3267/5/4
f 3267/5/4 3264/5/4 3268/5/4
f 3268/5/4 3264/5/4 3269/5/4
f 3266/5/4 3267/5/4 3270/5/4
f 3267/5/4 3268/5/4 3270/5/4
f 3270/5/4 3268/5/4 3271/5/4
f 3266/5/4 3270/5/4 3272/5/4
f 3272/5/4 3270/5/4 3273/5/4
f 3274/2/4 3275/2/4 3278/2/4
f 3278/2/4 3275/2/4 3279/2/4
f 3279/2/4 3275/2/4 3280/2/4
f 3276/2/4 3277/2/4 3284/2/4
f 3284/2/4 3277/2/4 3285/2/4
f 3280/2/4 3281/2/4 3286/2/4
f 3279/2/4 3280/2/4 3286/2/4
f 3286/2/4 3281/2/4 3287/2/4
f 3287/2/4 3281/2/4 3288/2/4
f 3288/2/4 3281/2/4 3289/2/4
f 3282/3/4 3283/3/4 3290/3/4
f 3290/3/4 3283/3/4 3291/3/4
f 3291/3/4 3283/3/4 3292/3/4
f 3292/3/4 3283/3/4 3293/3/4
f 3287/2/4 3288/2/4 3296/2/4
f 3296/2/4 3288/2/4 3297/2/4
f 3289/2/4 3281/2/4 3298/2/4
f 3298/2/4 3281/2/4 3299/2/4
f 3291/3/4 3292/3/4 3302/3/4
f 3302/3/4 3292/3/4 3303/3/4
f 3294/3/4 3295/3/4 3304/3/4
f 3304/3/4 3295/3/4 3305/3/4
f 3299/2/4 3281/2/4 3309/2/4
f 3309/2/4 3281/2/4 3310/2/4
f 3300/4/4 3301/4/4 3311/4/4
f 3305/3/4 3306/3/4 3313/3/4
f 3313/3/4 3306/3/4 3314/3/4
f 3307/2/4 3308/2/4 3315/2/4
f 3315/2/4 3308/2/4 3316/2/4
f 3311/4/4 3312/4/4 3317/4/4
f 3300/4/4 3311/4/4 3317/4/4
f 3317/4/4 3312/4/4 3318/4/4
f 3319/4/4 3320/4/4 3321/4/4
f 3321/4/4 3322/4/4 3327/4/4
f 3319/4/4 3321/4/4 3327/4/4
f 3327/4/4 3322/4/4 3328/4/4
f 3328/4/4 3322/4/4 3329/4/4
f 3323/3/4 3324/3/4 3331/3/4
f 3331/3/4 3324/3/4 3332/3/4
f 3325/2/4 3326/2/4 3333/2/4
f 3333/2/4 3326/2/4 3334/2/4
f 3330/3/4 3331/3/4 3340/3/4
f 3340/3/4 3331/3/4 3341/3/4
f 3335/2/4 3336/2/4 3345/2/4
f 3338/3/4 3339/3/4 3346/3/4
f 3337/3/4 3338/3/4 3346/3/4
f 3346/3/4 3339/3/4 3347/3/4
f 3342/2/4 3343/2/4 3351/2/4
f 3351/2/4 3343/2/4 3352/2/4
f 3344/2/4 3345/2/4 3353/2/4
f 3348/2/4 3349/2/4 3354/2/4
f 3354/2/4 3349/2/4 3355/2/4
f 3352/2/4 3353/2/4 3357/2/4
f 3351/2/4 3352/2/4 3357/2/4
f 3350/2/4 3351/2/4 3357/2/4
f 3345/2/4 3336/2/4 3358/2/4
f 3353/2/4 3345/2/4 3358/2/4
f 3357/2/4 3353/2/4 3358/2/4
f 3358/2/4 3336/2/4 3359/2/4
f 3356/2/4 3357/2/4 3360/2/4
f 3357/2/4 3358/2/4 3360/2/4
f 3360/2/4 3358/2/4 3361/2/4
f 3362/5/4 3363/5/4 3364/5/4
f 3364/5/4 3363/5/4 3365/5/4
f 3366/5/4 3367/5/4 3373/5/4
f 3367/5/4 3368/5/4 3373/5/4
f 3373/5/4 3368/5/4 3374/5/4
f 3369/2/4 3370/2/4 3375/2/4
f 3375/2/4 3370/2/4 3376/2/4
f 3371/4/4 3372/4/4 3378/4/4
f 3378/4/4 3372/4/4 3379/4/4
f 3380/4/4 3381/4/4 3382/4/4
f 3382/4/4 3381/4/4 3383/4/4
f 3376/2/4 3377/2/4 3387/2/4
f 3387/2/4 3377/2/4 3388/2/4
f 3384/5/4 3385/5/4 3389/5/4
f 3389/5/4 3385/5/4 3390/5/4
f 3390/5/4 3385/5/4 3391/5/4
f 3386/2/4 3387/2/4 3392/2/4
f 3392/2/4 3387/2/4 3393/2/4
f 3394/5/4 3395/5/4 3396/5/4
f 3396/5/4 3395/5/4 3397/5/4
f 3398/2/4 3399/2/4 3404/2/4
f 3404/2/4 3399/2/4 3405/2/4
f 3400/2/4 3401/2/4 3406/2/4
f 3406/2/4 3401/2/4 3407/2/4
f 3407/2/4 3401/2/4 3408/2/4
f 3402/2/4 3403/2/4 3412/2/4
f 3412/2/4 3403/2/4 3413/2/4
f 3408/2/4 3409/2/4 3414/2/4
f 3407/2/4 3408/2/4 3414/2/4
f 3414/2/4 3409/2/4 3415/2/4
f 3410/3/4 3411/3/4 3417/3/4
f 3417/3/4 3411/3/4 3418/3/4
f 3415/2/4 3409/2/4 3420/2/4
f 3420/2/4 3409/2/4 3421/2/4
f 3416/3/4 3417/3/4 3422/3/4
f 3422/3/4 3417/3/4 3423/3/4
f 3418/3/4 3419/3/4 3425/3/4
f 3425/3/4 3419/3/4 3426/3/4
f 3423/3/4 3424/3/4 3430/3/4
f 3430/3/4 3424/3/4 3431/3/4
f 3432/3/4 3433/3/4 3434/3/4
f 3434/3/4 3433/3/4 3435/3/4
f 3426/3/4 3427/3/4 3437/3/4
f 3437/3/4 3427/3/4 3438/3/4
f 3428/2/4 3429/2/4 3439/2/4
f 3439/2/4 3429/2/4 3440/2/4
f 3435/3/4 3433/3/4 3442/3/4
f 3442/3/4 3433/3/4 3443/3/4
f 3436/3/4 3437/3/4 3444/3/4
f 3444/3/4 3437/3/4 3445/3/4
f 3442/3/4 3443/3/4 3448/3/4
f 3441/3/4 3442/3/4 3448/3/4
f 3443/3/4 3444/3/4 3448/3/4
f 3448/3/4 3444/3/4 3449/3/4
f 3446/2/4 3447/2/4 3453/2/4
f 3450/2/4 3451/2/4 3454/2/4
f 3454/2/4 3451/2/4 3455/2/4
f 3452/2/4 3453/2/4 3459/2/4
f 3453/2/4 3447/2/4 3460/2/4
f 3459/2/4 3453/2/4 3460/2/4
f 3460/2/4 3447/2/4 3461/2/4
f 3456/2/4 3457/2/4 3462/2/4
f 3462/2/4 3457/2/4 3463/2/4
f 3458/2/4 3459/2/4 3464/2/4
f 3459/2/4 3460/2/4 3464/2/4
f 3464/2/4 3460/2/4 3465/2/4
f 3466/5/4 3467/5/4 3468/5/4
f 3468/5/4 3467/5/4 3469/5/4
f 3470/5/4 3471/5/4 3472/5/4
f 3472/5/4 3471/5/4 3473/5/4
f 3473/5/4 3474/5/4 3475/5/4
f 3475/5/4 3474/5/4 3476/5/4
f 3476/5/4 3477/5/4 3478/5/4
f 3478/5/4 3477/5/4 3479/5/4
f 3479/5/4 3480/5/4 3481/5/4
f 3481/5/4 3480/5/4 3482/5/4
f 3482/5/4 3483/5/4 3491/5/4
f 3491/5/4 3483/5/4 3492/5/4
f 3484/2/4 3485/2/4 3494/2/4
f 3494/2/4 3485/2/4 3495/2/4
f 3486/2/4 3487/2/4 3496/2/4
f 3496/2/4 3487/2/4 3497/2/4
f 3489/5/4 3490/5/4 3499/5/4
f 3492/5/4 3493/5/4 3501/5/4
f 3501/5/4 3493/5/4 3502/5/4
f 3497/2/4 3498/2/4 3503/2/4
f 3503/2/4 3498/2/4 3504/2/4
f 3499/5/4 3500/5/4 3505/5/4
f 3488/4/4 3489/4/4 3505/4/4
f 3489/5/4 3499/5/4 3505/5/4
f 3505/5/4 3500/5/4 3506/5/4
f 3488/4/4 3505/4/4 3507/4/4
f 3507/5/4 3508/5/4 3509/5/4
f 3509/5/4 3508/5/4 3510/5/4
f 3488/4/4 3507/4/4 3515/4/4
f 3507/5/4 3509/5/4 3516/5/4
f 3515/4/4 3507/4/4 3516/4/4
f 3516/5/4 3509/5/4 3517/5/4
f 3511/5/4 3512/5/4 3519/5/4
f 3519/5/4 3512/5/4 3520/5/4
f 3513/2/4 3514/2/4 3524/2/4
f 3524/2/4 3514/2/4 3525/2/4
f 3518/5/4 3519/5/4 3527/5/4
f 3527/5/4 3519/5/4 3528/5/4
f 3521/2/4 3522/2/4 3529/2/4
f 3529/2/4 3522/2/4 3530/2/4
f 3523/2/4 3524/2/4 3531/2/4
f 3531/2/4 3524/2/4 3532/2/4
f 3526/5/4 3527/5/4 3534/5/4
f 3534/5/4 3527/5/4 3535/5/4
f 3533/5/4 3534/5/4 3537/5/4
f 3537/5/4 3534/5/4 3538/5/4
f 3536/5/4 3537/5/4 3540/5/4
f 3540/5/4 3537/5/4 3541/5/4
f 3539/5/4 3540/5/4 3542/5/4
f 3542/5/4 3540/5/4 3543/5/4
f 3544/5/4 3545/5/4 3546/5/4
f 3546/5/4 3545/5/4 3547/5/4
f 3548/2/4 3549/2/4 3552/2/4
f 3552/2/4 3549/2/4 3553/2/4
f 3550/2/4 3551/2/4 3556/2/4
f 3556/2/4 3551/2/4 3557/2/4
f 3553/2/4 3554/2/4 3558/2/4
f 3558/2/4 3554/2/4 3559/2/4
f 3555/2/4 3556/2/4 3563/2/4
f 3563/2/4 3556/2/4 3564/2/4
f 3559/2/4 3560/2/4 3565/2/4
f 3565/2/4 3560/2/4 3566/2/4
f 3561/3/4 3562/3/4 3568/3/4
f 3568/3/4 3562/3/4 3569/3/4
f 3569/3/4 3562/3/4 3570/3/4
f 3570/3/4 3571/3/4 3573/3/4
f 3569/3/4 3570/3/4 3573/3/4
f 3572/3/4 3573/3/4 3574/3/4
f 3574/3/4 3573/3/4 3575/3/4
f 3573/3/4 3571/3/4 3576/3/4
f 3575/3/4 3573/3/4 3576/3/4
f 3576/3/4 3571/3/4 3577/3/4
f 3575/3/4 3576/3/4 3578/3/4
f 3578/3/4 3576/3/4 3579/3/4
f 3566/2/4 3567/2/4 3583/2/4
f 3583/2/4 3567/2/4 3584/2/4
f 3580/2/4 3581/2/4 3585/2/4
f 3585/2/4 3581/2/4 3586/2/4
f 3582/2/4 3583/2/4 3589/2/4
f 3589/2/4 3583/2/4 3590/2/4
f 3586/2/4 3587/2/4 3591/2/4
f 3591/2/4 3587/2/4 3592/2/4
f 3588/2/4 3589/2/4 3594/2/4
f 3594/2/4 3589/2/4 3595/2/4
f 3593/2/4 3594/2/4 3596/2/4
f 3596/2/4 3594/2/4 3597/2/4
f 3598/5/4 3599/5/4 3600/5/4
f 3598/5/4 3600/5/4 3602/5/4
f 3600/5/4 3601/5/4 3602/5/4
f 3602/5/4 3601/5/4 3603/5/4
f 3604/5/4 3605/5/4 3610/5/4
f 3610/5/4 3605/5/4 3611/5/4
f 3606/2/4 3607/2/4 3613/2/4
f 3613/2/4 3607/2/4 3614/2/4
f 3608/5/4 3609/5/4 3615/5/4
f 3615/5/4 3609/5/4 3616/5/4
f 3611/2/4 3612/2/4 3618/2/4
f 3618/2/4 3612/2/4 3619/2/4
f 3620/5/4 3621/5/4 3622/5/4
f 3622/5/4 3621/5/4 3623/5/4
f 3616/5/4 3617/5/4 3625/5/4
f 3625/5/4 3617/5/4 3626/5/4
f 3611/2/4 3618/2/4 3627/2/4
f 3624/5/4 3625/5/4 3629/5/4
f 3629/5/4 3625/5/4 3630/5/4
f 3627/2/4 3628/2/4 3632/2/4
f 3611/2/4 3627/2/4 3632/2/4
f 3632/2/4 3628/2/4 3633/2/4
f 3631/5/4 3632/5/4 3636/5/4
f 3636/5/4 3632/5/4 3637/5/4
f 3634/2/4 3635/2/4 3638/2/4
f 3638/2/4 3635/2/4 3639/2/4
f 3640/5/4 3641/5/4 3642/5/4
f 3642/5/4 3641/5/4 3643/5/4
f 3640/5/4 3642/5/4 3644/5/4
f 3644/5/4 3642/5/4 3645/5/4
f 3646/2/4 3647/2/4 3649/2/4
f 3649/2/4 3647/2/4 3650/2/4
f 3648/2/4 3649/2/4 3653/2/4
f 3653/2/4 3649/2/4 3654/2/4
f 3650/2/4 3651/2/4 3655/2/4
f 3655/2/4 3651/2/4 3656/2/4
f 3652/2/4 3653/2/4 3658/2/4
f 3658/2/4 3653/2/4 3659/2/4
f 3656/2/4 3657/2/4 3662/2/4
f 3662/2/4 3657/2/4 3663/2/4
f 3659/2/4 3660/2/4 3664/2/4
f 3664/2/4 3660/2/4 3665/2/4
f 3661/2/4 3662/2/4 3666/2/4
f 3666/2/4 3662/2/4 3667/2/4
f 3665/2/4 3666/2/4 3668/2/4
f 3668/2/4 3666/2/4 3669/2/4
f 3670/5/4 3671/5/4 3672/5/4
f 3672/5/4 3671/5/4 3673/5/4
f 3673/5/4 3674/5/4 3675/5/4
f 3675/5/4 3674/5/4 3676/5/4
f 3677/5/4 3678/5/4 3681/5/4
f 3681/5/4 3678/5/4 3682/5/4
f 3679/2/4 3680/2/4 3686/2/4
f 3686/2/4 3680/2/4 3687/2/4
f 3682/5/4 3683/5/4 3690/5/4
f 3690/5/4 3683/5/4 3691/5/4
f 3688/2/4 3689/2/4 3694/2/4
f 3694/2/4 3689/2/4 3695/2/4
f 3684/2/4 3685/2/4 3699/2/4
f 3699/2/4 3685/2/4 3700/2/4
f 3696/5/4 3697/5/4 3701/5/4
f 3701/5/4 3697/5/4 3702/5/4
f 3698/2/4 3699/2/4 3703/2/4
f 3703/2/4 3699/2/4 3704/2/4
f 3692/5/4 3693/5/4 3708/5/4
f 3708/5/4 3693/5/4 3709/5/4
f 3706/5/4 3707/5/4 3713/5/4
f 3713/5/4 3707/5/4 3714/5/4
f 3704/2/4 3705/2/4 3715/2/4
f 3715/2/4 3705/2/4 3716/2/4
f 3710/2/4 3711/2/4 3719/2/4
f 3719/2/4 3711/2/4 3720/2/4
f 3712/5/4 3713/5/4 3721/5/4
f 3721/5/4 3713/5/4 3722/5/4
f 3717/2/4 3718/2/4 3723/2/4
f 3723/2/4 3718/2/4 3724/2/4
f 3725/5/4 3726/5/4 3728/5/4
f 3728/5/4 3726/5/4 3729/5/4
f 3727/5/4 3728/5/4 3730/5/4
f 3730/5/4 3728/5/4 3731/5/4
f 3732/2/4 3733/2/4 3735/2/4
f 3735/2/4 3733/2/4 3736/2/4
f 3734/2/4 3735/2/4 3738/2/4
f 3736/2/4 3737/2/4 3738/2/4
f 3735/2/4 3736/2/4 3738/2/4
f 3738/2/4 3737/2/4 3739/2/4
f 3739/2/4 3737/2/4 3740/2/4
f 3740/2/4 3737/2/4 3741/2/4
f 3739/2/4 3740/2/4 3742/2/4
f 3742/2/4 3740/2/4 3743/2/4
f 3744/5/4 3745/5/4 3746/5/4
f 3746/5/4 3745/5/4 3747/5/4
f 3748/2/4 3749/2/4 3753/2/4
f 3753/2/4 3749/2/4 3754/2/4
f 3750/5/4 3751/5/4 3755/5/4
f 3755/5/4 3751/5/4 3756/5/4
f 3752/2/4 3753/2/4 3758/2/4
f 3758/2/4 3753/2/4 3759/2/4
f 3752/2/4 3758/2/4 3761/2/4
f 3761/2/4 3758/2/4 3762/2/4
f 3760/2/4 3761/2/4 3763/2/4
f 3763/2/4 3761/2/4 3764/2/4
f 3756/5/4 3757/5/4 3767/5/4
f 3767/5/4 3757/5/4 3768/5/4
f 3764/2/4 3765/2/4 3769/2/4
f 3766/5/4 3767/5/4 3771/5/4
f 3771/5/4 3767/5/4 3772/5/4
f 3769/2/4 3770/2/4 3773/2/4
f 3764/2/4 3769/2/4 3773/2/4
f 3773/2/4 3770/2/4 3774/2/4
f 3774/2/4 3775/2/4 3778/2/4
f 3778/2/4 3775/2/4 3779/2/4
f 3776/5/4 3777/5/4 3780/5/4
f 3780/5/4 3777/5/4 3781/5/4
f 3782/5/4 3783/5/4 3784/5/4
f 3784/5/4 3783/5/4 3785/5/4
f 3785/5/4 3783/5/4 3786/5/4
f 3786/5/4 3787/5/4 3788/5/4
f 3785/5/4 3786/5/4 3788/5/4
f 3788/5/4 3787/5/4 3789/5/4
f 3789/5/4 3787/5/4 3790/5/4
f 3789/5/4 3790/5/4 3794/5/4
f 3790/5/4 3791/5/4 3794/5/4
f 3794/5/4 3791/5/4 3795/5/4
f 3792/2/4 3793/2/4 3797/2/4
f 3797/2/4 3793/2/4 3798/2/4
f 3795/5/4 3791/5/4 3799/5/4
f 3796/2/4 3797/2/4 3802/2/4
f 3802/2/4 3797/2/4 3803/2/4
f 3799/5/4 3800/5/4 3804/5/4
f 3795/5/4 3799/5/4 3804/5/4
f 3804/5/4 3800/5/4 3805/5/4
f 3801/2/4 3802/2/4 3807/2/4
f 3808/2/4 3809/2/4 3811/2/4
f 3811/2/4 3809/2/4 3812/2/4
f 3810/2/4 3811/2/4 3813/2/4
f 3813/2/4 3811/2/4 3814/2/4
f 3805/5/4 3800/5/4 3817/5/4
f 3806/2/4 3807/2/4 3818/2/4
f 3807/2/4 3802/2/4 3819/2/4
f 3818/2/4 3807/2/4 3819/2/4
f 3814/2/4 3815/2/4 3820/2/4
f 3820/2/4 3815/2/4 3821/2/4
f 3816/5/4 3817/5/4 3822/5/4
f 3817/5/4 3800/5/4 3822/5/4
f 3822/5/4 3800/5/4 3823/5/4
f 3819/2/4 3802/2/4 3824/2/4
f 3824/2/4 3802/2/4 3825/2/4
f 3816/5/4 3822/5/4 3828/5/4
f 3825/2/4 3826/2/4 3829/2/4
f 3829/2/4 3826/2/4 3830/2/4
f 3827/5/4 3828/5/4 3833/5/4
f 3828/5/4 3822/5/4 3834/5/4
f 3833/5/4 3828/5/4 3834/5/4
f 3834/5/4 3822/5/4 3835/5/4
f 3830/2/4 3831/2/4 3836/2/4
f 3836/2/4 3831/2/4 3837/2/4
f 3832/5/4 3833/5/4 3839/5/4
f 3833/5/4 3834/5/4 3839/5/4
f 3839/5/4 3834/5/4 3840/5/4
f 3840/5/4 3834/5/4 3841/5/4
f 3838/5/4 3839/5/4 3842/5/4
f 3839/5/4 3840/5/4 3842/5/4
f 3842/5/4 3840/5/4 3843/5/4
f 3844/5/4 3845/5/4 3846/5/4
f 3846/5/4 3847/5/4 3850/5/4
f 3848/2/4 3849/2/4 3853/2/4
f 3853/2/4 3849/2/4 3854/2/4
f 3844/5/4 3846/5/4 3855/5/4
f 3850/5/4 3851/5/4 3855/5/4
f 3846/5/4 3850/5/4 3855/5/4
f 3855/5/4 3851/5/4 3856/5/4
f 3852/2/4 3853/2/4 3858/2/4
f 3858/2/4 3853/2/4 3859/2/4
f 3856/5/4 3851/5/4 3861/5/4
f 3861/5/4 3851/5/4 3862/5/4
f 3862/5/4 3851/5/4 3863/5/4
f 3859/2/4 3860/2/4 3865/2/4
f 3858/2/4 3859/2/4 3865/2/4
f 3857/2/4 3858/2/4 3865/2/4
f 3865/2/4 3860/2/4 3866/2/4
f 3857/2/4 3865/2/4 3867/2/4
f 3867/2/4 3865/2/4 3868/2/4
f 3857/2/4 3867/2/4 3869/2/4
f 3863/5/4 3864/5/4 3872/5/4
f 3862/5/4 3863/5/4 3872/5/4
f 3872/5/4 3864/5/4 3873/5/4
f 3873/5/4 3864/5/4 3874/5/4
f 3869/2/4 3870/2/4 3875/2/4
f 3871/5/4 3872/5/4 3878/5/4
f 3872/5/4 3873/5/4 3878/5/4
f 3875/2/4 3876/2/4 3879/2/4
f 3857/2/4 3869/2/4 3879/2/4
f 3869/2/4 3875/2/4 3879/2/4
f 3879/2/4 3876/2/4 3880/2/4
f 3880/2/4 3876/2/4 3881/2/4
f 3881/2/4 3876/2/4 3882/2/4
f 3877/5/4 3878/5/4 3883/5/4
f 3878/5/4 3873/5/4 3883/5/4
f 3883/5/4 3873/5/4 3884/5/4
f 3880/2/4 3881/2/4 3885/2/4
f 3885/2/4 3881/2/4 3886/2/4
f 3877/5/4 3883/5/4 3888/5/4
f 3888/5/4 3883/5/4 3889/5/4
f 3886/2/4 3887/2/4 3890/2/4
f 3890/2/4 3887/2/4 3891/2/4
f 3877/5/4 3888/5/4 3892/5/4
f 3892/5/4 3888/5/4 3893/5/4
f 3894/2/4 3895/2/4 3898/2/4
f 3898/2/4 3895/2/4 3899/2/4
f 3896/5/4 3897/5/4 3901/5/4
f 3901/5/4 3897/5/4 3902/5/4
f 3900/5/4 3901/5/4 3904/5/4
f 3902/5/4 3903/5/4 3904/5/4
f 3901/5/4 3902/5/4 3904/5/4
f 3904/5/4 3903/5/4 3905/5/4
f 3905/5/4 3903/5/4 3906/5/4
f 3906/5/4 3903/5/4 3907/5/4
f 3905/5/4 3906/5/4 3908/5/4
f 3908/5/4 3906/5/4 3909/5/4
f 3910/2/4 3911/2/4 3912/2/4
f 3912/2/4 3911/2/4 3913/2/4
f 3914/1/4 3915/1/4 3916/1/4
f 3916/1/4 3915/1/4 3917/1/4
f 3918/1/4 3919/1/4 3920/1/4
f 3920/1/4 3919/1/4 3921/1/4
f 3922/1/4 3923/1/4 3924/1/4
f 3924/1/4 3923/1/4 3925/1/4
f 3926/1/4 3927/1/4 3928/1/4
f 3928/1/4 3927/1/4 3929/1/4
f 3930/1/4 3931/1/4 3932/1/4
f 3932/1/4 3931/1/4 3933/1/4
f 3934/1/4 3935/1/4 3936/1/4
f 3936/1/4 3935/1/4 3937/1/4
f 3938/1/4 3939/1/4 3940/1/4
f 3940/1/4 3939/1/4 3941/1/4
f 3942/1/4 3943/1/4 3944/1/4
f 3944/1/4 3943/1/4 3945/1/4
f 3946/1/4 3947/1/4 3948/1/4
f 3948/1/4 3947/1/4 3949/1/4
f 3950/1/4 3951/1/4 3952/1/4
f 3952/1/4 3951/1/4 3953/1/4
f 3959/1/5 3955/1/5 3954/1/5
f 3960/1/5 3955/1/5 3959/1/5
f 3963/1/5 3957/1/5 3956/1/5
f 3964/1/5 3957/1/5 3963/1/5
f 3967/1/5 3961/1/5 3960/1/5
f 3967/1/5 3959/1/5 3958/1/5
f 3967/1/5 3960/1/5 3959/1/5
f 3968/1/5 3961/1/5 3967/1/5
f 3971/1/5 3965/1/5 3964/1/5
f 3971/1/5 3964/1/5 3963/1/5
f 3971/1/5 3963/1/5 3962/1/5
f 3972/1/5 3965/1/5 3971/1/5
f 3974/1/5 3969/1/5 3968/1/5
f 3974/1/5 3968/1/5 3967/1/5
f 3974/1/5 3967/1/5 3966/1/5
f 3975/1/5 3969/1/5 3974/1/5
f 3976/1/5 3969/1/5 3975/1/5
f 3977/1/5 3969/1/5 3976/1/5
f 3978/1/5 3973/1/5 3972/1/5
f 3978/1/5 3972/1/5 3971/1/5
f 3978/1/5 3971/1/5 3970/1/5
f 3979/1/5 3973/1/5 3978/1/5
f 3980/1/5 3973/1/5 3979/1/5
f 3981/1/5 3973/1/5 3980/1/5
f 3982/1/5 3976/1/5 3975/1/5
f 3983/1/5 3976/1/5 3982/1/5
f 3984/1/5 3976/1/5 3983/1/5
f 3985/1/5 3976/1/5 3984/1/5
f 3986/1/5 3980/1/5 3979/1/5
f 3987/1/5 3980/1/5 3986/1/5
f 3988/1/5 3980/1/5 3987/1/5
f 3989/1/5 3980/1/5 3988/1/5
f 3990/1/5 3984/1/5 3983/1/5
f 3991/1/5 3984/1/5 3990/1/5
f 3992/1/5 3988/1/5 3987/1/5
f 3993/1/5 3988/1/5 3992/1/5
f 3999/3/5 3995/3/5 3994/3/5
f 4000/3/5 3997/3/5 3996/3/5
f 4001/3/5 3999/3/5 3998/3/5
f 4001/3/5 3995/3/5 3999/3/5
f 4002/3/5 3995/3/5 4001/3/5
f 4003/3/5 4000/3/5 3996/3/5
f 4004/3/5 4000/3/5 4003/3/5
f 4008/3/5 4006/3/5 4005/3/5
f 4008/3/5 4005/3/5 4004/3/5
f 4009/3/5 4006/3/5 4008/3/5
f 4010/3/5 4006/3/5 4009/3/5
f 4011/3/5 4001/3/5 3998/3/5
f 4012/3/5 4001/3/5 4011/3/5
f 4017/3/5 4008/3/5 4007/3/5
f 4018/3/5 4008/3/5 4017/3/5
f 4019/3/5 4014/3/5 4013/3/5
f 4020/3/5 4014/3/5 4019/3/5
f 4022/3/5 4016/3/5 4015/3/5
f 4023/3/5 4016/3/5 4022/3/5
f 4024/3/5 4018/3/5 4017/3/5
f 4025/3/5 4018/3/5 4024/3/5
f 4026/3/5 4022/3/5 4021/3/5
f 4027/3/5 4022/3/5 4026/3/5
f 4030/3/5 4029/3/5 4028/3/5
f 4031/3/5 4029/3/5 4030/3/5
f 4034/3/5 4033/3/5 4032/3/5
f 4035/3/5 4033/3/5 4034/3/5
f 4038/3/5 4037/3/5 4036/3/5
f 4039/3/5 4037/3/5 4038/3/5
f 4044/3/5 4041/3/5 4040/3/5
f 4045/3/5 4041/3/5 4044/3/5
f 4046/3/5 4043/3/5 4042/3/5
f 4047/3/5 4043/3/5 4046/3/5
f 4051/4/5 4046/4/5 4045/4/5
f 4052/4/5 4046/4/5 4051/4/5
f 4053/3/5 4049/3/5 4048/3/5
f 4054/3/5 4049/3/5 4053/3/5
f 4055/3/5 4051/3/5 4050/3/5
f 4056/4/5 4052/4/5 4051/4/5
f 4056/3/5 4051/3/5 4055/3/5
f 4057/4/5 4052/4/5 4056/4/5
f 4059/3/5 4055/3/5 4054/3/5
f 4060/3/5 4055/3/5 4059/3/5
f 4061/3/5 4058/3/5 4057/3/5
f 4062/3/5 4058/3/5 4061/3/5
f 4067/3/5 4064/3/5 4063/3/5
f 4068/3/5 4064/3/5 4067/3/5
f 4069/3/5 4066/3/5 4065/3/5
f 4070/3/5 4066/3/5 4069/3/5
f 4073/3/5 4072/3/5 4071/3/5
f 4074/3/5 4072/3/5 4073/3/5
f 4077/3/5 4076/3/5 4075/3/5
f 4078/3/5 4076/3/5 4077/3/5
f 4083/4/5 4080/4/5 4079/4/5
f 4084/4/5 4080/4/5 4083/4/5
f 4085/4/5 4082/4/5 4081/4/5
f 4086/4/5 4082/4/5 4085/4/5
f 4090/5/5 4088/5/5 4087/5/5
f 4091/5/5 4088/5/5 4090/5/5
f 4094/5/5 4090/5/5 4089/5/5
f 4094/5/5 4092/5/5 4091/5/5
f 4094/5/5 4091/5/5 4090/5/5
f 4095/5/5 4092/5/5 4094/5/5
f 4096/5/5 4092/5/5 4095/5/5
f 4097/5/5 4092/5/5 4096/5/5
f 4100/5/5 4094/5/5 4093/5/5
f 4100/5/5 4095/5/5 4094/5/5
f 4101/5/5 4095/5/5 4100/5/5
f 4102/5/5 4095/5/5 4101/5/5
f 4103/5/5 4097/5/5 4096/5/5
f 4103/5/5 4098/5/5 4097/5/5
f 4104/5/5 4098/5/5 4103/5/5
f 4105/5/5 4098/5/5 4104/5/5
f 4107/5/5 4101/5/5 4100/5/5
f 4107/5/5 4100/5/5 4099/5/5
f 4108/5/5 4101/5/5 4107/5/5
f 4109/5/5 4106/5/5 4105/5/5
f 4109/5/5 4105/5/5 4104/5/5
f 4110/5/5 4106/5/5 4109/5/5
f 4111/5/5 4107/5/5 4099/5/5
f 4112/5/5 4107/5/5 4111/5/5
f 4113/5/5 4106/5/5 4110/5/5
f 4114/5/5 4106/5/5 4113/5/5
f 4118/4/5 4116/4/5 4115/4/5
f 4119/4/5 4116/4/5 4118/4/5
f 4121/4/5 4118/4/5 4117/4/5
f 4121/4/5 4120/4/5 4119/4/5
f 4121/4/5 4119/4/5 4118/4/5
f 4122/4/5 4120/4/5 4121/4/5
f 4129/5/5 4124/5/5 4123/5/5
f 4129/5/5 4125/5/5 4124/5/5
f 4130/5/5 4125/5/5 4129/5/5
f 4131/5/5 4128/5/5 4127/5/5
f 4131/5/5 4127/5/5 4126/5/5
f 4132/5/5 4128/5/5 4131/5/5
f 4137/5/5 4134/5/5 4133/5/5
f 4138/5/5 4134/5/5 4137/5/5
f 4139/5/5 4136/5/5 4135/5/5
f 4140/5/5 4136/5/5 4139/5/5
f 4143/3/5 4142/3/5 4141/3/5
f 4144/3/5 4142/3/5 4143/3/5
f 4153/5/5 4146/5/5 4145/5/5
f 4156/5/5 4148/5/5 4147/5/5
f 4157/3/5 4150/3/5 4149/3/5
f 4158/3/5 4150/3/5 4157/3/5
f 4159/3/5 4152/3/5 4151/3/5
f 4160/3/5 4152/3/5 4159/3/5
f 4161/5/5 4154/5/5 4153/5/5
f 4161/5/5 4153/5/5 4145/5/5
f 4162/5/5 4154/5/5 4161/5/5
f 4163/5/5 4156/5/5 4155/5/5
f 4164/5/5 4148/5/5 4156/5/5
f 4164/5/5 4156/5/5 4163/5/5
f 4169/5/5 4166/5/5 4165/5/5
f 4170/5/5 4166/5/5 4169/5/5
f 4173/5/5 4168/5/5 4167/5/5
f 4174/5/5 4168/5/5 4173/5/5
f 4175/5/5 4172/5/5 4171/5/5
f 4176/5/5 4172/5/5 4175/5/5
f 4181/5/5 4178/5/5 4177/5/5
f 4182/5/5 4178/5/5 4181/5/5
f 4183/5/5 4180/5/5 4179/5/5
f 4184/5/5 4180/5/5 4183/5/5
f 4189/5/5 4186/5/5 4185/5/5
f 4192/5/5 4188/5/5 4187/5/5
f 4193/5/5 4190/5/5 4189/5/5
f 4193/5/5 4189/5/5 4185/5/5
f 4194/5/5 4190/5/5 4193/5/5
f 4195/5/5 4192/5/5 4191/5/5
f 4196/5/5 4188/5/5 4192/5/5
f 4196/5/5 4192/5/5 4195/5/5
f 4199/5/5 4198/5/5 4197/5/5
f 4200/5/5 4198/5/5 4199/5/5
f 4207/5/5 4202/5/5 4201/5/5
f 4208/5/5 4202/5/5 4207/5/5
f 4209/5/5 4204/5/5 4203/5/5
f 4210/5/5 4204/5/5 4209/5/5
f 4213/5/5 4206/5/5 4205/5/5
f 4214/5/5 4206/5/5 4213/5/5
f 4215/5/5 4212/5/5 4211/5/5
f 4216/5/5 4212/5/5 4215/5/5
f 4224/5/5 4218/5/5 4217/5/5
f 4225/5/5 4218/5/5 4224/5/5
f 4226/4/5 4220/4/5 4219/4/5
f 4227/4/5 4220/4/5 4226/4/5
f 4228/5/5 4222/5/5 4221/5/5
f 4229/5/5 4222/5/5 4228/5/5
f 4231/5/5 4224/5/5 4223/5/5
f 4232/5/5 4224/5/5 4231/5/5
f 4233/5/5 4230/5/5 4229/5/5
f 4234/5/5 4230/5/5 4233/5/5
f 4239/5/5 4236/5/5 4235/5/5
f 4242/5/5 4238/5/5 4237/5/5
f 4243/5/5 4240/5/5 4239/5/5
f 4243/5/5 4239/5/5 4235/5/5
f 4244/5/5 4240/5/5 4243/5/5
f 4245/5/5 4240/5/5 4244/5/5
f 4248/5/5 4242/5/5 4241/5/5
f 4249/5/5 4238/5/5 4242/5/5
f 4249/5/5 4242/5/5 4248/5/5
f 4250/5/5 4238/5/5 4249/5/5
f 4251/5/5 4246/5/5 4245/5/5
f 4251/5/5 4245/5/5 4244/5/5
f 4252/5/5 4246/5/5 4251/5/5
f 4253/5/5 4246/5/5 4252/5/5
f 4256/5/5 4248/5/5 4247/5/5
f 4256/5/5 4249/5/5 4248/5/5
f 4257/5/5 4249/5/5 4256/5/5
f 4258/5/5 4249/5/5 4257/5/5
f 4259/5/5 4254/5/5 4253/5/5
f 4259/5/5 4253/5/5 4252/5/5
f 4260/5/5 4254/5/5 4259/5/5
f 4261/5/5 4254/5/5 4260/5/5
f 4264/5/5 4257/5/5 4256/5/5
f 4264/5/5 4256/5/5 4255/5/5
f 4265/5/5 4257/5/5 4264/5/5
f 4266/5/5 4257/5/5 4265/5/5
f 4267/5/5 4262/5/5 4261/5/5
f 4267/5/5 4261/5/5 4260/5/5
f 4268/5/5 4262/5/5 4267/5/5
f 4269/5/5 4262/5/5 4268/5/5
f 4270/5/5 4265/5/5 4264/5/5
f 4270/5/5 4264/5/5 4263/5/5
f 4271/5/5 4265/5/5 4270/5/5
f 4272/5/5 4265/5/5 4271/5/5
f 4273/5/5 4269/5/5 4268/5/5
f 4274/5/5 4269/5/5 4273/5/5
f 4275/5/5 4271/5/5 4270/5/5
f 4276/5/5 4271/5/5 4275/5/5
f 4283/5/5 4278/5/5 4277/5/5
f 4284/5/5 4278/5/5 4283/5/5
f 4288/2/5 4280/2/5 4279/2/5
f 4289/2/5 4280/2/5 4288/2/5
f 4290/2/5 4280/2/5 4289/2/5
f 4291/2/5 4280/2/5 4290/2/5
f 4294/5/5 4282/5/5 4281/5/5
f 4295/5/5 4282/5/5 4294/5/5
f 4296/5/5 4286/5/5 4285/5/5
f 4297/5/5 4286/5/5 4296/5/5
f 4300/2/5 4288/2/5 4287/2/5
f 4300/2/5 4289/2/5 4288/2/5
f 4301/2/5 4289/2/5 4300/2/5
f 4302/2/5 4289/2/5 4301/2/5
f 4303/2/5 4292/2/5 4291/2/5
f 4303/2/5 4291/2/5 4290/2/5
f 4304/2/5 4292/2/5 4303/2/5
f 4305/2/5 4292/2/5 4304/2/5
f 4309/2/5 4306/2/5 4305/2/5
f 4309/2/5 4305/2/5 4304/2/5
f 4311/5/5 4294/5/5 4293/5/5
f 4312/5/5 4294/5/5 4311/5/5
f 4313/5/5 4298/5/5 4297/5/5
f 4314/5/5 4298/5/5 4313/5/5
f 4316/2/5 4308/2/5 4307/2/5
f 4317/2/5 4308/2/5 4316/2/5
f 4320/5/5 4311/5/5 4310/5/5
f 4321/5/5 4311/5/5 4320/5/5
f 4326/5/5 4315/5/5 4314/5/5
f 4327/5/5 4315/5/5 4326/5/5
f 4330/2/5 4301/2/5 4300/2/5
f 4330/2/5 4300/2/5 4299/2/5
f 4333/2/5 4306/2/5 4309/2/5
f 4334/4/5 4323/4/5 4322/4/5
f 4335/4/5 4323/4/5 4334/4/5
f 4336/4/5 4325/4/5 4324/4/5
f 4337/4/5 4325/4/5 4336/4/5
f 4338/2/5 4331/2/5 4330/2/5
f 4338/2/5 4330/2/5 4299/2/5
f 4339/2/5 4331/2/5 4338/2/5
f 4340/2/5 4331/2/5 4339/2/5
f 4341/2/5 4333/2/5 4332/2/5
f 4342/2/5 4306/2/5 4333/2/5
f 4342/2/5 4333/2/5 4341/2/5
f 4343/2/5 4306/2/5 4342/2/5
f 4344/5/5 4319/5/5 4318/5/5
f 4345/5/5 4319/5/5 4344/5/5
f 4348/5/5 4329/5/5 4328/5/5
f 4349/5/5 4329/5/5 4348/5/5
f 4350/2/5 4340/2/5 4339/2/5
f 4350/2/5 4341/2/5 4340/2/5
f 4350/2/5 4342/2/5 4341/2/5
f 4351/2/5 4342/2/5 4350/2/5
f 4352/2/5 4342/2/5 4351/2/5
f 4353/2/5 4342/2/5 4352/2/5
f 4354/5/5 4346/5/5 4345/5/5
f 4355/5/5 4346/5/5 4354/5/5
f 4356/5/5 4348/5/5 4347/5/5
f 4357/5/5 4348/5/5 4356/5/5
f 4358/2/5 4352/2/5 4351/2/5
f 4359/2/5 4352/2/5 4358/2/5
f 4364/5/5 4361/5/5 4360/5/5
f 4365/5/5 4361/5/5 4364/5/5
f 4366/5/5 4363/5/5 4362/5/5
f 4367/5/5 4363/5/5 4366/5/5
f 4377/2/5 4369/2/5 4368/2/5
f 4378/2/5 4369/2/5 4377/2/5
f 4379/2/5 4371/2/5 4370/2/5
f 4380/2/5 4371/2/5 4379/2/5
f 4384/5/5 4373/5/5 4372/5/5
f 4385/5/5 4373/5/5 4384/5/5
f 4386/5/5 4375/5/5 4374/5/5
f 4387/5/5 4375/5/5 4386/5/5
f 4390/2/5 4377/2/5 4376/2/5
f 4391/2/5 4377/2/5 4390/2/5
f 4392/2/5 4381/2/5 4380/2/5
f 4393/2/5 4381/2/5 4392/2/5
f 4394/5/5 4383/5/5 4382/5/5
f 4395/5/5 4383/5/5 4394/5/5
f 4396/5/5 4389/5/5 4388/5/5
f 4397/5/5 4389/5/5 4396/5/5
f 4408/5/5 4403/5/5 4402/5/5
f 4409/5/5 4403/5/5 4408/5/5
f 4412/5/5 4405/5/5 4404/5/5
f 4413/5/5 4405/5/5 4412/5/5
f 4416/2/5 4399/2/5 4398/2/5
f 4417/2/5 4399/2/5 4416/2/5
f 4418/2/5 4401/2/5 4400/2/5
f 4419/2/5 4401/2/5 4418/2/5
f 4420/5/5 4410/5/5 4409/5/5
f 4421/5/5 4410/5/5 4420/5/5
f 4422/5/5 4412/5/5 4411/5/5
f 4423/5/5 4412/5/5 4422/5/5
f 4428/5/5 4407/5/5 4406/5/5
f 4429/5/5 4407/5/5 4428/5/5
f 4432/5/5 4415/5/5 4414/5/5
f 4433/5/5 4415/5/5 4432/5/5
f 4434/2/5 4425/2/5 4424/2/5
f 4435/2/5 4425/2/5 4434/2/5
f 4438/2/5 4427/2/5 4426/2/5
f 4439/2/5 4427/2/5 4438/2/5
f 4440/2/5 4436/2/5 4435/2/5
f 4441/2/5 4436/2/5 4440/2/5
f 4442/2/5 4438/2/5 4437/2/5
f 4443/2/5 4438/2/5 4442/2/5
f 4444/5/5 4430/5/5 4429/5/5
f 4445/5/5 4430/5/5 4444/5/5
f 4446/5/5 4432/5/5 4431/5/5
f 4447/5/5 4432/5/5 4446/5/5
f 4448/2/5 4442/2/5 4441/2/5
f 4449/2/5 4442/2/5 4448/2/5
f 4454/5/5 4451/5/5 4450/5/5
f 4455/5/5 4451/5/5 4454/5/5
f 4458/5/5 4453/5/5 4452/5/5
f 4459/5/5 4453/5/5 4458/5/5
f 4460/5/5 4457/5/5 4456/5/5
f 4461/5/5 4457/5/5 4460/5/5
f 4468/2/5 4463/2/5 4462/2/5
f 4469/2/5 4463/2/5 4468/2/5
f 4470/2/5 4465/2/5 4464/2/5
f 4471/2/5 4465/2/5 4470/2/5
f 4474/5/5 4467/5/5 4466/5/5
f 4475/5/5 4467/5/5 4474/5/5
f 4483/5/5 4473/5/5 4472/5/5
f 4484/5/5 4473/5/5 4483/5/5
f 4485/5/5 4477/5/5 4476/5/5
f 4486/5/5 4477/5/5 4485/5/5
f 4488/2/5 4479/2/5 4478/2/5
f 4489/2/5 4479/2/5 4488/2/5
f 4490/2/5 4481/2/5 4480/2/5
f 4491/2/5 4481/2/5 4490/2/5
f 4492/5/5 4483/5/5 4482/5/5
f 4493/5/5 4483/5/5 4492/5/5
f 4494/5/5 4487/5/5 4486/5/5
f 4495/5/5 4487/5/5 4494/5/5
f 4504/2/5 4501/2/5 4500/2/5
f 4505/2/5 4501/2/5 4504/2/5
f 4506/2/5 4503/2/5 4502/2/5
f 4507/2/5 4503/2/5 4506/2/5
f 4508/5/5 4497/5/5 4496/5/5
f 4509/5/5 4497/5/5 4508/5/5
f 4510/5/5 4499/5/5 4498/5/5
f 4511/5/5 4499/5/5 4510/5/5
f 4520/2/5 4513/2/5 4512/2/5
f 4521/2/5 4513/2/5 4520/2/5
f 4524/2/5 4515/2/5 4514/2/5
f 4525/2/5 4515/2/5 4524/2/5
f 4526/2/5 4522/2/5 4521/2/5
f 4527/2/5 4522/2/5 4526/2/5
f 4528/2/5 4524/2/5 4523/2/5
f 4529/2/5 4524/2/5 4528/2/5
f 4530/5/5 4517/5/5 4516/5/5
f 4531/5/5 4517/5/5 4530/5/5
f 4536/5/5 4519/5/5 4518/5/5
f 4537/5/5 4519/5/5 4536/5/5
f 4538/5/5 4533/5/5 4532/5/5
f 4539/5/5 4533/5/5 4538/5/5
f 4540/5/5 4535/5/5 4534/5/5
f 4541/5/5 4535/5/5 4540/5/5
f 4548/2/5 4543/2/5 4542/2/5
f 4549/2/5 4543/2/5 4548/2/5
f 4550/2/5 4545/2/5 4544/2/5
f 4551/2/5 4545/2/5 4550/2/5
f 4553/5/5 4547/5/5 4546/5/5
f 4554/5/5 4547/5/5 4553/5/5
f 4555/5/5 4547/5/5 4554/5/5
f 4556/5/5 4547/5/5 4555/5/5
f 4559/5/5 4553/5/5 4552/5/5
f 4560/5/5 4553/5/5 4559/5/5
f 4561/5/5 4557/5/5 4556/5/5
f 4562/5/5 4557/5/5 4561/5/5
f 4565/5/5 4559/5/5 4558/5/5
f 4566/5/5 4559/5/5 4565/5/5
f 4567/5/5 4563/5/5 4562/5/5
f 4568/5/5 4563/5/5 4567/5/5
f 4570/5/5 4565/5/5 4564/5/5
f 4571/5/5 4569/5/5 4568/5/5
f 4576/2/5 4573/2/5 4572/2/5
f 4577/2/5 4573/2/5 4576/2/5
f 4578/2/5 4575/2/5 4574/2/5
f 4579/2/5 4575/2/5 4578/2/5
f 4580/5/5 4570/5/5 4564/5/5
f 4581/5/5 4570/5/5 4580/5/5
f 4584/5/5 4569/5/5 4571/5/5
f 4585/5/5 4569/5/5 4584/5/5
f 4586/5/5 4582/5/5 4581/5/5
f 4589/5/5 4584/5/5 4583/5/5
f 4590/5/5 4587/5/5 4586/5/5
f 4590/5/5 4586/5/5 4581/5/5
f 4591/5/5 4587/5/5 4590/5/5
f 4592/5/5 4589/5/5 4588/5/5
f 4593/5/5 4584/5/5 4589/5/5
f 4593/5/5 4589/5/5 4592/5/5
f 4594/5/5 4592/5/5 4591/5/5
f 4595/5/5 4592/5/5 4594/5/5
f 4601/5/5 4597/5/5 4596/5/5
f 4602/5/5 4597/5/5 4601/5/5
f 4603/5/5 4599/5/5 4598/5/5
f 4604/5/5 4599/5/5 4603/5/5
f 4606/4/5 4601/4/5 4600/4/5
f 4607/4/5 4601/4/5 4606/4/5
f 4608/4/5 4605/4/5 4604/4/5
f 4609/4/5 4605/4/5 4608/4/5
f 4614/5/5 4611/5/5 4610/5/5
f 4617/5/5 4613/5/5 4612/5/5
f 4618/5/5 4614/5/5 4610/5/5
f 4619/5/5 4614/5/5 4618/5/5
f 4621/5/5 4616/5/5 4615/5/5
f 4622/5/5 4616/5/5 4621/5/5
f 4624/5/5 4613/5/5 4617/5/5
f 4625/5/5 4613/5/5 4624/5/5
f 4626/5/5 4620/5/5 4619/5/5
f 4627/5/5 4620/5/5 4626/5/5
f 4630/5/5 4624/5/5 4623/5/5
f 4631/5/5 4624/5/5 4630/5/5
f 4632/5/5 4629/5/5 4628/5/5
f 4633/5/5 4629/5/5 4632/5/5
f 4638/5/5 4635/5/5 4634/5/5
f 4639/5/5 4635/5/5 4638/5/5
f 4642/5/5 4637/5/5 4636/5/5
f 4643/5/5 4637/5/5 4642/5/5
f 4644/5/5 4641/5/5 4640/5/5
f 4644/5/5 4642/5/5 4641/5/5
f 4644/5/5 4640/5/5 4639/5/5
f 4645/5/5 4642/5/5 4644/5/5
f 4650/2/5 4647/2/5 4646/2/5
f 4651/2/5 4647/2/5 4650/2/5
f 4652/2/5 4649/2/5 4648/2/5
f 4653/2/5 4649/2/5 4652/2/5
f 4658/5/5 4655/5/5 4654/5/5
f 4659/5/5 4655/5/5 4658/5/5
f 4660/5/5 4657/5/5 4656/5/5
f 4661/5/5 4657/5/5 4660/5/5
f 4665/5/5 4663/5/5 4662/5/5
f 4666/5/5 4663/5/5 4665/5/5
f 4669/5/5 4665/5/5 4664/5/5
f 4670/5/5 4665/5/5 4669/5/5
f 4671/5/5 4667/5/5 4666/5/5
f 4672/5/5 4667/5/5 4671/5/5
f 4674/5/5 4669/5/5 4668/5/5
f 4677/5/5 4673/5/5 4672/5/5
f 4678/5/5 4675/5/5 4674/5/5
f 4678/5/5 4674/5/5 4668/5/5
f 4679/5/5 4675/5/5 4678/5/5
f 4680/5/5 4675/5/5 4679/5/5
f 4681/5/5 4677/5/5 4676/5/5
f 4682/5/5 4673/5/5 4677/5/5
f 4682/5/5 4677/5/5 4681/5/5
f 4683/5/5 4673/5/5 4682/5/5
f 4684/5/5 4680/5/5 4679/5/5
f 4684/5/5 4681/5/5 4680/5/5
f 4684/5/5 4682/5/5 4681/5/5
f 4685/5/5 4682/5/5 4684/5/5
f 4690/2/5 4687/2/5 4686/2/5
f 4691/2/5 4687/2/5 4690/2/5
f 4692/2/5 4689/2/5 4688/2/5
f 4693/2/5 4689/2/5 4692/2/5
f 4698/2/5 4695/2/5 4694/2/5
f 4699/2/5 4695/2/5 4698/2/5
f 4700/2/5 4697/2/5 4696/2/5
f 4701/2/5 4697/2/5 4700/2/5
f 4704/2/5 4703/2/5 4702/2/5
f 4705/2/5 4703/2/5 4704/2/5
f 4710/2/5 4707/2/5 4706/2/5
f 4713/2/5 4709/2/5 4708/2/5
f 4714/2/5 4711/2/5 4710/2/5
f 4714/2/5 4710/2/5 4706/2/5
f 4715/2/5 4711/2/5 4714/2/5
f 4716/2/5 4713/2/5 4712/2/5
f 4717/2/5 4709/2/5 4713/2/5
f 4717/2/5 4713/2/5 4716/2/5
f 4718/2/5 4716/2/5 4715/2/5
f 4719/2/5 4716/2/5 4718/2/5
f 4724/2/5 4721/2/5 4720/2/5
f 4725/2/5 4721/2/5 4724/2/5
f 4726/2/5 4723/2/5 4722/2/5
f 4727/2/5 4723/2/5 4726/2/5
f 4732/2/5 4729/2/5 4728/2/5
f 4733/2/5 4729/2/5 4732/2/5
f 4734/2/5 4731/2/5 4730/2/5
f 4735/2/5 4731/2/5 4734/2/5
f 4736/2/5 4734/2/5 4733/2/5
f 4737/2/5 4734/2/5 4736/2/5
f 4742/2/5 4739/2/5 4738/2/5
f 4743/2/5 4739/2/5 4742/2/5
f 4744/2/5 4741/2/5 4740/2/5
f 4745/2/5 4741/2/5 4744/2/5
f 4750/2/5 4747/2/5 4746/2/5
f 4751/2/5 4747/2/5 4750/2/5
f 4752/2/5 4749/2/5 4748/2/5
f 4753/2/5 4749/2/5 4752/2/5
f 4762/2/5 4759/2/5 4758/2/5
f 4763/2/5 4759/2/5 4762/2/5
f 4766/2/5 4755/2/5 4754/2/5
f 4767/2/5 4755/2/5 4766/2/5
f 4768/2/5 4757/2/5 4756/2/5
f 4769/2/5 4757/2/5 4768/2/5
f 4770/2/5 4761/2/5 4760/2/5
f 4771/2/5 4761/2/5 4770/2/5
f 4772/2/5 4765/2/5 4764/2/5
f 4773/2/5 4765/2/5 4772/2/5
f 4778/2/5 4775/2/5 4774/2/5
f 4779/2/5 4775/2/5 4778/2/5
f 4782/2/5 4777/2/5 4776/2/5
f 4783/2/5 4777/2/5 4782/2/5
f 4784/2/5 4780/2/5 4779/2/5
f 4785/2/5 4780/2/5 4784/2/5
f 4786/2/5 4782/2/5 4781/2/5
f 4787/2/5 4782/2/5 4786/2/5
f 4788/2/5 4786/2/5 4785/2/5
f 4789/2/5 4786/2/5 4788/2/5
f 4796/2/5 4791/2/5 4790/2/5
f 4797/2/5 4791/2/5 4796/2/5
f 4798/2/5 4793/2/5 4792/2/5
f 4799/2/5 4793/2/5 4798/2/5
f 4801/2/5 4795/2/5 4794/2/5
f 4802/2/5 4795/2/5 4801/2/5
f 4804/2/5 4801/2/5 4800/2/5
f 4805/2/5 4801/2/5 4804/2/5
f 4806/2/5 4803/2/5 4802/2/5
f 4807/2/5 4803/2/5 4806/2/5
f 4811/2/5 4809/2/5 4808/2/5
f 4812/2/5 4809/2/5 4811/2/5
f 4813/2/5 4809/2/5 4812/2/5
f 4814/2/5 4809/2/5 4813/2/5
f 4816/2/5 4811/2/5 4810/2/5
f 4817/2/5 4811/2/5 4816/2/5
f 4818/2/5 4815/2/5 4814/2/5
f 4819/2/5 4815/2/5 4818/2/5
f 4822/2/5 4813/2/5 4812/2/5
f 4823/2/5 4813/2/5 4822/2/5
f 4826/2/5 4821/2/5 4820/2/5
f 4827/2/5 4821/2/5 4826/2/5
f 4830/2/5 4825/2/5 4824/2/5
f 4831/2/5 4825/2/5 4830/2/5
f 4832/2/5 4828/2/5 4827/2/5
f 4833/2/5 4828/2/5 4832/2/5
f 4834/2/5 4830/2/5 4829/2/5
f 4835/2/5 4830/2/5 4834/2/5
f 4841/2/5 4837/2/5 4836/2/5
f 4842/2/5 4839/2/5 4838/2/5
f 4844/2/5 4841/2/5 4840/2/5
f 4845/2/5 4837/2/5 4841/2/5
f 4845/2/5 4841/2/5 4844/2/5
f 4846/2/5 4843/2/5 4842/2/5
f 4846/2/5 4842/2/5 4838/2/5
f 4847/2/5 4843/2/5 4846/2/5
f 4848/2/5 4837/2/5 4845/2/5
f 4849/2/5 4837/2/5 4848/2/5
f 4850/2/5 4846/2/5 4838/2/5
f 4851/2/5 4846/2/5 4850/2/5
f 4856/2/5 4853/2/5 4852/2/5
f 4857/2/5 4853/2/5 4856/2/5
f 4860/2/5 4855/2/5 4854/2/5
f 4861/2/5 4855/2/5 4860/2/5
f 4862/2/5 4858/2/5 4857/2/5
f 4863/2/5 4858/2/5 4862/2/5
f 4864/2/5 4860/2/5 4859/2/5
f 4865/2/5 4860/2/5 4864/2/5
f 4870/2/5 4867/2/5 4866/2/5
f 4871/2/5 4867/2/5 4870/2/5
f 4872/2/5 4869/2/5 4868/2/5
f 4873/2/5 4869/2/5 4872/2/5
f 4874/1/6 4875/1/6 4879/1/6
f 4879/1/6 4875/1/6 4880/1/6
f 4876/1/6 4877/1/6 4883/1/6
f 4883/1/6 4877/1/6 4884/1/6
f 4880/1/6 4881/1/6 4887/1/6
f 4878/1/6 4879/1/6 4887/1/6
f 4879/1/6 4880/1/6 4887/1/6
f 4887/1/6 4881/1/6 4888/1/6
f 4888/1/6 4881/1/6 4889/1/6
f 4889/1/6 4881/1/6 4890/1/6
f 4890/1/6 4881/1/6 4891/1/6
f 4891/1/6 4881/1/6 4892/1/6
f 4884/1/6 4885/1/6 4895/1/6
f 4883/1/6 4884/1/6 4895/1/6
f 4882/1/6 4883/1/6 4895/1/6
f 4895/1/6 4885/1/6 4896/1/6
f 4896/1/6 4885/1/6 4897/1/6
f 4897/1/6 4885/1/6 4898/1/6
f 4898/1/6 4885/1/6 4899/1/6
f 4899/1/6 4885/1/6 4900/1/6
f 4886/1/6 4887/1/6 4902/1/6
f 4887/1/6 4888/1/6 4902/1/6
f 4888/6/6 4889/6/6 4902/6/6
f 4889/1/6 4890/1/6 4903/1/6
f 4902/6/6 4889/6/6 4903/6/6
f 4903/1/6 4890/1/6 4904/1/6
f 4904/1/6 4890/1/6 4905/1/6
f 4890/6/6 4891/6/6 4906/6/6
f 4905/1/6 4890/1/6 4906/1/6
f 4892/1/6 4893/1/6 4907/1/6
f 4906/6/6 4891/6/6 4907/6/6
f 4891/1/6 4892/1/6 4907/1/6
f 4894/1/6 4895/1/6 4908/1/6
f 4895/1/6 4896/1/6 4908/1/6
f 4896/6/6 4897/6/6 4908/6/6
f 4897/1/6 4898/1/6 4909/1/6
f 4908/6/6 4897/6/6 4909/6/6
f 4909/1/6 4898/1/6 4910/1/6
f 4910/1/6 4898/1/6 4911/1/6
f 4898/6/6 4899/6/6 4912/6/6
f 4911/1/6 4898/1/6 4912/1/6
f 4900/1/6 4901/1/6 4913/1/6
f 4912/6/6 4899/6/6 4913/6/6
f 4899/1/6 4900/1/6 4913/1/6
f 4903/1/6 4904/1/6 4914/1/6
f 4902/1/6 4903/1/6 4914/1/6
f 4904/7/6 4905/7/6 4915/7/6
f 4914/1/6 4904/1/6 4915/1/6
f 4915/7/6 4905/7/6 4916/7/6
f 4916/7/6 4905/7/6 4917/7/6
f 4905/1/6 4906/1/6 4918/1/6
f 4917/7/6 4905/7/6 4918/7/6
f 4906/1/6 4907/1/6 4918/1/6
f 4918/1/6 4907/1/6 4919/1/6
f 4909/1/6 4910/1/6 4920/1/6
f 4908/1/6 4909/1/6 4920/1/6
f 4910/7/6 4911/7/6 4921/7/6
f 4920/1/6 4910/1/6 4921/1/6
f 4921/7/6 4911/7/6 4922/7/6
f 4922/7/6 4911/7/6 4923/7/6
f 4911/1/6 4912/1/6 4924/1/6
f 4923/7/6 4911/7/6 4924/7/6
f 4912/1/6 4913/1/6 4924/1/6
f 4924/1/6 4913/1/6 4925/1/6
f 4915/7/6 4916/7/6 4926/7/6
f 4914/7/6 4915/7/6 4926/7/6
f 4916/1/6 4917/1/6 4927/1/6
f 4926/7/6 4916/7/6 4927/7/6
f 4927/1/6 4917/1/6 4928/1/6
f 4928/1/6 4917/1/6 4929/1/6
f 4918/7/6 4919/7/6 4930/7/6
f 4929/1/6 4917/1/6 4930/1/6
f 4917/7/6 4918/7/6 4930/7/6
f 4930/7/6 4919/7/6 4931/7/6
f 4921/7/6 4922/7/6 4932/7/6
f 4920/7/6 4921/7/6 4932/7/6
f 4922/1/6 4923/1/6 4933/1/6
f 4932/7/6 4922/7/6 4933/7/6
f 4933/1/6 4923/1/6 4934/1/6
f 4934/1/6 4923/1/6 4935/1/6
f 4924/7/6 4925/7/6 4936/7/6
f 4935/1/6 4923/1/6 4936/1/6
f 4923/7/6 4924/7/6 4936/7/6
f 4936/7/6 4925/7/6 4937/7/6
f 4927/1/6 4928/1/6 4938/1/6
f 4926/1/6 4927/1/6 4938/1/6
f 4928/7/6 4929/7/6 4939/7/6
f 4938/1/6 4928/1/6 4939/1/6
f 4939/7/6 4929/7/6 4940/7/6
f 4940/7/6 4929/7/6 4941/7/6
f 4930/1/6 4931/1/6 4942/1/6
f 4941/7/6 4929/7/6 4942/7/6
f 4929/1/6 4930/1/6 4942/1/6
f 4942/1/6 4931/1/6 4943/1/6
f 4933/1/6 4934/1/6 4944/1/6
f 4932/1/6 4933/1/6 4944/1/6
f 4934/7/6 4935/7/6 4945/7/6
f 4944/1/6 4934/1/6 4945/1/6
f 4945/7/6 4935/7/6 4946/7/6
f 4946/7/6 4935/7/6 4947/7/6
f 4936/1/6 4937/1/6 4948/1/6
f 4947/7/6 4935/7/6 4948/7/6
f 4935/1/6 4936/1/6 4948/1/6
f 4948/1/6 4937/1/6 4949/1/6
f 4939/7/6 4940/7/6 4950/7/6
f 4938/7/6 4939/7/6 4950/7/6
f 4940/1/6 4941/1/6 4951/1/6
f 4950/7/6 4940/7/6 4951/7/6
f 4942/7/6 4943/7/6 4952/7/6
f 4951/1/6 4941/1/6 4952/1/6
f 4941/7/6 4942/7/6 4952/7/6
f 4952/7/6 4943/7/6 4953/7/6
f 4945/7/6 4946/7/6 4954/7/6
f 4944/7/6 4945/7/6 4954/7/6
f 4946/1/6 4947/1/6 4955/1/6
f 4954/7/6 4946/7/6 4955/7/6
f 4948/7/6 4949/7/6 4956/7/6
f 4955/1/6 4947/1/6 4956/1/6
f 4947/7/6 4948/7/6 4956/7/6
f 4956/7/6 4949/7/6 4957/7/6
f 4950/1/6 4951/1/6 4958/1/6
f 4951/1/6 4952/1/6 4958/1/6
f 4952/1/6 4953/1/6 4958/1/6
f 4958/1/6 4953/1/6 4959/1/6
f 4959/1/6 4953/1/6 4960/1/6
f 4960/1/6 4953/1/6 4961/1/6
f 4961/1/6 4953/1/6 4962/1/6
f 4962/1/6 4953/1/6 4963/1/6
f 4961/1/6 4962/1/6 4964/1/6
f 4963/1/6 4953/1/6 4965/1/6
f 4954/1/6 4955/1/6 4966/1/6
f 4956/1/6 4957/1/6 4966/1/6
f 4955/1/6 4956/1/6 4966/1/6
f 4966/1/6 4957/1/6 4967/1/6
f 4967/1/6 4957/1/6 4968/1/6
f 4968/1/6 4957/1/6 4969/1/6
f 4964/1/6 4965/1/6 4970/1/6
f 4961/1/6 4964/1/6 4970/1/6
f 4965/1/6 4953/1/6 4971/1/6
f 4970/1/6 4965/1/6 4971/1/6
f 4950/1/6 4958/1/6 4972/1/6
f 4959/1/6 4960/1/6 4973/1/6
f 4973/1/6 4960/1/6 4974/1/6
f 4961/1/6 4970/1/6 4975/1/6
f 4975/1/6 4970/1/6 4976/1/6
f 4971/1/6 4953/1/6 4977/1/6
f 4954/1/6 4966/1/6 4978/1/6
f 4967/1/6 4968/1/6 4979/1/6
f 4979/1/6 4968/1/6 4980/1/6
f 4969/1/6 4957/1/6 4981/1/6
f 4938/7/6 4950/7/6 4982/7/6
f 4973/1/6 4974/1/6 4982/1/6
f 4975/1/6 4976/1/6 4982/1/6
f 4950/1/6 4972/1/6 4982/1/6
f 4976/1/6 4977/1/6 4982/1/6
f 4972/1/6 4973/1/6 4982/1/6
f 4974/1/6 4975/1/6 4982/1/6
f 4982/1/6 4977/1/6 4983/1/6
f 4977/1/6 4953/1/6 4984/1/6
f 4983/1/6 4977/1/6 4984/1/6
f 4953/7/6 4943/7/6 4985/7/6
f 4984/1/6 4953/1/6 4985/1/6
f 4980/1/6 4981/1/6 4986/1/6
f 4944/7/6 4954/7/6 4986/7/6
f 4979/1/6 4980/1/6 4986/1/6
f 4978/1/6 4979/1/6 4986/1/6
f 4954/1/6 4978/1/6 4986/1/6
f 4986/1/6 4981/1/6 4987/1/6
f 4981/1/6 4957/1/6 4988/1/6
f 4987/1/6 4981/1/6 4988/1/6
f 4957/7/6 4949/7/6 4989/7/6
f 4988/1/6 4957/1/6 4989/1/6
f 4926/1/6 4938/1/6 4990/1/6
f 4938/7/6 4982/7/6 4990/7/6
f 4982/7/6 4983/7/6 4990/7/6
f 4990/7/6 4983/7/6 4991/7/6
f 4983/1/6 4984/1/6 4992/1/6
f 4991/7/6 4983/7/6 4992/7/6
f 4984/7/6 4985/7/6 4993/7/6
f 4992/1/6 4984/1/6 4993/1/6
f 4985/7/6 4943/7/6 4994/7/6
f 4993/7/6 4985/7/6 4994/7/6
f 4943/1/6 4931/1/6 4995/1/6
f 4994/7/6 4943/7/6 4995/7/6
f 4932/1/6 4944/1/6 4996/1/6
f 4986/7/6 4987/7/6 4996/7/6
f 4944/7/6 4986/7/6 4996/7/6
f 4996/7/6 4987/7/6 4997/7/6
f 4987/1/6 4988/1/6 4998/1/6
f 4997/7/6 4987/7/6 4998/7/6
f 4988/7/6 4989/7/6 4999/7/6
f 4998/1/6 4988/1/6 4999/1/6
f 4989/7/6 4949/7/6 5000/7/6
f 4999/7/6 4989/7/6 5000/7/6
f 4949/1/6 4937/1/6 5001/1/6
f 5000/7/6 4949/7/6 5001/7/6
f 4914/7/6 4926/7/6 5002/7/6
f 4990/1/6 4991/1/6 5002/1/6
f 4926/1/6 4990/1/6 5002/1/6
f 5002/1/6 4991/1/6 5003/1/6
f 4992/7/6 4993/7/6 5004/7/6
f 5003/1/6 4991/1/6 5004/1/6
f 4993/7/6 4994/7/6 5004/7/6
f 4991/7/6 4992/7/6 5004/7/6
f 4994/1/6 4995/1/6 5005/1/6
f 5004/7/6 4994/7/6 5005/7/6
f 4995/1/6 4931/1/6 5006/1/6
f 5005/1/6 4995/1/6 5006/1/6
f 4931/7/6 4919/7/6 5007/7/6
f 5006/1/6 4931/1/6 5007/1/6
f 4920/7/6 4932/7/6 5008/7/6
f 4932/1/6 4996/1/6 5008/1/6
f 4996/1/6 4997/1/6 5008/1/6
f 5008/1/6 4997/1/6 5009/1/6
f 4998/7/6 4999/7/6 5010/7/6
f 5009/1/6 4997/1/6 5010/1/6
f 4999/7/6 5000/7/6 5010/7/6
f 4997/7/6 4998/7/6 5010/7/6
f 5000/1/6 5001/1/6 5011/1/6
f 5010/7/6 5000/7/6 5011/7/6
f 5001/1/6 4937/1/6 5012/1/6
f 5011/1/6 5001/1/6 5012/1/6
f 4937/7/6 4925/7/6 5013/7/6
f 5012/1/6 4937/1/6 5013/1/6
f 4902/1/6 4914/1/6 5014/1/6
f 5002/7/6 5003/7/6 5014/7/6
f 4914/7/6 5002/7/6 5014/7/6
f 5014/7/6 5003/7/6 5015/7/6
f 5005/1/6 5006/1/6 5016/1/6
f 5015/7/6 5003/7/6 5016/7/6
f 5004/1/6 5005/1/6 5016/1/6
f 5003/1/6 5004/1/6 5016/1/6
f 5006/7/6 5007/7/6 5017/7/6
f 5016/1/6 5006/1/6 5017/1/6
f 5007/7/6 4919/7/6 5018/7/6
f 5017/7/6 5007/7/6 5018/7/6
f 4919/1/6 4907/1/6 5019/1/6
f 5018/7/6 4919/7/6 5019/7/6
f 4908/1/6 4920/1/6 5020/1/6
f 5008/7/6 5009/7/6 5020/7/6
f 4920/7/6 5008/7/6 5020/7/6
f 5020/7/6 5009/7/6 5021/7/6
f 5010/1/6 5011/1/6 5022/1/6
f 5021/7/6 5009/7/6 5022/7/6
f 5011/1/6 5012/1/6 5022/1/6
f 5009/1/6 5010/1/6 5022/1/6
f 5012/7/6 5013/7/6 5023/7/6
f 5022/1/6 5012/1/6 5023/1/6
f 5013/7/6 4925/7/6 5024/7/6
f 5023/7/6 5013/7/6 5024/7/6
f 4925/1/6 4913/1/6 5025/1/6
f 5024/7/6 4925/7/6 5025/7/6
f 4886/1/6 4902/1/6 5026/1/6
f 5014/1/6 5015/1/6 5026/1/6
f 4902/1/6 5014/1/6 5026/1/6
f 5026/1/6 5015/1/6 5027/1/6
f 5016/7/6 5017/7/6 5028/7/6
f 5027/1/6 5015/1/6 5028/1/6
f 5017/7/6 5018/7/6 5028/7/6
f 5015/7/6 5016/7/6 5028/7/6
f 5018/1/6 5019/1/6 5029/1/6
f 5028/7/6 5018/7/6 5029/7/6
f 5019/1/6 4907/1/6 5030/1/6
f 5029/1/6 5019/1/6 5030/1/6
f 4907/1/6 4893/1/6 5031/1/6
f 5030/1/6 4907/1/6 5031/1/6
f 5020/1/6 5021/1/6 5032/1/6
f 4894/1/6 4908/1/6 5032/1/6
f 4908/1/6 5020/1/6 5032/1/6
f 5032/1/6 5021/1/6 5033/1/6
f 5022/7/6 5023/7/6 5034/7/6
f 5033/1/6 5021/1/6 5034/1/6
f 5023/7/6 5024/7/6 5034/7/6
f 5021/7/6 5022/7/6 5034/7/6
f 5024/1/6 5025/1/6 5035/1/6
f 5034/7/6 5024/7/6 5035/7/6
f 5025/1/6 4913/1/6 5036/1/6
f 5035/1/6 5025/1/6 5036/1/6
f 4913/1/6 4901/1/6 5037/1/6
f 5036/1/6 4913/1/6 5037/1/6
f 4886/1/6 5026/1/6 5038/1/6
f 5038/1/6 5026/1/6 5039/1/6
f 5026/6/6 5027/6/6 5040/6/6
f 5039/1/6 5026/1/6 5040/1/6
f 5028/1/6 5029/1/6 5041/1/6
f 5040/6/6 5027/6/6 5041/6/6
f 5029/1/6 5030/1/6 5041/1/6
f 5027/1/6 5028/1/6 5041/1/6
f 5030/6/6 5031/6/6 5042/6/6
f 5041/1/6 5030/1/6 5042/1/6
f 5031/1/6 4893/1/6 5043/1/6
f 5042/6/6 5031/6/6 5043/6/6
f 5043/1/6 4893/1/6 5044/1/6
f 5044/1/6 4893/1/6 5045/1/6
f 4894/1/6 5032/1/6 5046/1/6
f 5046/1/6 5032/1/6 5047/1/6
f 5032/6/6 5033/6/6 5048/6/6
f 5047/1/6 5032/1/6 5048/1/6
f 5035/1/6 5036/1/6 5049/1/6
f 5048/6/6 5033/6/6 5049/6/6
f 5034/1/6 5035/1/6 5049/1/6
f 5033/1/6 5034/1/6 5049/1/6
f 5036/6/6 5037/6/6 5050/6/6
f 5049/1/6 5036/1/6 5050/1/6
f 5037/1/6 4901/1/6 5051/1/6
f 5050/6/6 5037/6/6 5051/6/6
f 5051/1/6 4901/1/6 5052/1/6
f 5052/1/6 4901/1/6 5053/1/6
f 5041/1/6 5042/1/6 5054/1/6
f 5039/1/6 5040/1/6 5054/1/6
f 5042/1/6 5043/1/6 5054/1/6
f 5043/1/6 5044/1/6 5054/1/6
f 5040/1/6 5041/1/6 5054/1/6
f 5054/1/6 5044/1/6 5055/1/6
f 5055/1/6 5044/1/6 5056/1/6
f 5056/1/6 5044/1/6 5057/1/6
f 5047/1/6 5048/1/6 5058/1/6
f 5051/1/6 5052/1/6 5058/1/6
f 5050/1/6 5051/1/6 5058/1/6
f 5049/1/6 5050/1/6 5058/1/6
f 5048/1/6 5049/1/6 5058/1/6
f 5058/1/6 5052/1/6 5059/1/6
f 5059/1/6 5052/1/6 5060/1/6
f 5060/1/6 5052/1/6 5061/1/6
f 5055/1/6 5056/1/6 5062/1/6
f 5062/1/6 5056/1/6 5063/1/6
f 5059/1/6 5060/1/6 5064/1/6
f 5064/1/6 5060/1/6 5065/1/6
f 5066/4/6 5067/4/6 5070/4/6
f 5070/4/6 5067/4/6 5071/4/6
f 5068/4/6 5069/4/6 5072/4/6
f 5072/4/6 5069/4/6 5073/4/6
f 5074/4/6 5075/4/6 5078/4/6
f 5078/4/6 5075/4/6 5079/4/6
f 5076/4/6 5077/4/6 5080/4/6
f 5080/4/6 5077/4/6 5081/4/6
f 5082/3/6 5083/3/6 5085/3/6
f 5083/3/6 5084/3/6 5085/3/6
f 5085/3/6 5084/3/6 5086/3/6
f 5087/3/6 5088/3/6 5089/3/6
f 5089/3/6 5088/3/6 5090/3/6
f 5091/3/6 5092/3/6 5095/3/6
f 5095/3/6 5092/3/6 5096/3/6
f 5093/3/6 5094/3/6 5097/3/6
f 5097/3/6 5094/3/6 5098/3/6
f 5099/3/6 5100/3/6 5103/3/6
f 5103/3/6 5100/3/6 5104/3/6
f 5101/3/6 5102/3/6 5105/3/6
f 5105/3/6 5102/3/6 5106/3/6
f 5107/3/6 5108/3/6 5111/3/6
f 5111/3/6 5108/3/6 5112/3/6
f 5109/3/6 5110/3/6 5113/3/6
f 5113/3/6 5110/3/6 5114/3/6
f 5114/3/6 5110/3/6 5115/3/6
f 5116/3/6 5117/3/6 5120/3/6
f 5120/3/6 5117/3/6 5121/3/6
f 5118/3/6 5119/3/6 5122/3/6
f 5122/3/6 5119/3/6 5123/3/6
f 5124/5/6 5125/5/6 5128/5/6
f 5128/5/6 5125/5/6 5129/5/6
f 5126/5/6 5127/5/6 5134/5/6
f 5134/5/6 5127/5/6 5135/5/6
f 5130/5/6 5131/5/6 5136/5/6
f 5136/5/6 5131/5/6 5137/5/6
f 5132/5/6 5133/5/6 5141/5/6
f 5141/5/6 5133/5/6 5142/5/6
f 5138/5/6 5139/5/6 5143/5/6
f 5143/5/6 5139/5/6 5144/5/6
f 5140/5/6 5141/5/6 5146/5/6
f 5146/5/6 5141/5/6 5147/5/6
f 5144/5/6 5145/5/6 5148/5/6
f 5148/5/6 5145/5/6 5149/5/6
f 5150/3/6 5151/3/6 5153/3/6
f 5153/3/6 5151/3/6 5154/3/6
f 5152/3/6 5153/3/6 5155/3/6
f 5155/3/6 5153/3/6 5156/3/6
f 5157/3/6 5158/3/6 5161/3/6
f 5161/3/6 5158/3/6 5162/3/6
f 5159/3/6 5160/3/6 5165/3/6
f 5165/3/6 5160/3/6 5166/3/6
f 5162/3/6 5163/3/6 5167/3/6
f 5167/3/6 5163/3/6 5168/3/6
f 5164/3/6 5165/3/6 5169/3/6
f 5169/3/6 5165/3/6 5170/3/6
f 5171/5/6 5172/5/6 5175/5/6
f 5175/5/6 5172/5/6 5176/5/6
f 5173/5/6 5174/5/6 5177/5/6
f 5177/5/6 5174/5/6 5178/5/6
f 5179/5/6 5180/5/6 5184/5/6
f 5184/5/6 5180/5/6 5185/5/6
f 5181/5/6 5182/5/6 5186/5/6
f 5186/5/6 5182/5/6 5187/5/6
f 5183/5/6 5184/5/6 5192/5/6
f 5192/5/6 5184/5/6 5193/5/6
f 5187/5/6 5188/5/6 5194/5/6
f 5194/5/6 5188/5/6 5195/5/6
f 5189/3/6 5190/3/6 5199/3/6
f 5191/5/6 5192/5/6 5200/5/6
f 5200/5/6 5192/5/6 5201/5/6
f 5195/5/6 5196/5/6 5202/5/6
f 5202/5/6 5196/5/6 5203/5/6
f 5197/3/6 5198/3/6 5208/3/6
f 5208/3/6 5198/3/6 5209/3/6
f 5199/3/6 5190/3/6 5212/3/6
f 5212/3/6 5190/3/6 5213/3/6
f 5204/4/6 5205/4/6 5214/4/6
f 5214/4/6 5205/4/6 5215/4/6
f 5206/4/6 5207/4/6 5216/4/6
f 5216/4/6 5207/4/6 5217/4/6
f 5209/3/6 5210/3/6 5218/3/6
f 5218/3/6 5210/3/6 5219/3/6
f 5211/3/6 5212/3/6 5220/3/6
f 5220/3/6 5212/3/6 5221/3/6
f 5219/3/6 5220/3/6 5222/3/6
f 5222/3/6 5220/3/6 5223/3/6
f 5224/5/6 5225/5/6 5229/5/6
f 5229/5/6 5225/5/6 5230/5/6
f 5226/5/6 5227/5/6 5231/5/6
f 5231/5/6 5227/5/6 5232/5/6
f 5228/5/6 5229/5/6 5236/5/6
f 5236/5/6 5229/5/6 5237/5/6
f 5232/5/6 5233/5/6 5238/5/6
f 5238/5/6 5233/5/6 5239/5/6
f 5234/5/6 5235/5/6 5242/5/6
f 5242/5/6 5235/5/6 5243/5/6
f 5240/5/6 5241/5/6 5244/5/6
f 5244/5/6 5241/5/6 5245/5/6
f 5246/5/6 5247/5/6 5251/5/6
f 5251/5/6 5247/5/6 5252/5/6
f 5248/5/6 5249/5/6 5253/5/6
f 5253/5/6 5249/5/6 5254/5/6
f 5250/5/6 5251/5/6 5258/5/6
f 5258/5/6 5251/5/6 5259/5/6
f 5254/5/6 5255/5/6 5260/5/6
f 5260/5/6 5255/5/6 5261/5/6
f 5256/5/6 5257/5/6 5264/5/6
f 5264/5/6 5257/5/6 5265/5/6
f 5262/5/6 5263/5/6 5266/5/6
f 5266/5/6 5263/5/6 5267/5/6
f 5268/5/6 5269/5/6 5272/5/6
f 5272/5/6 5269/5/6 5273/5/6
f 5270/5/6 5271/5/6 5274/5/6
f 5274/5/6 5271/5/6 5275/5/6
f 5276/5/6 5277/5/6 5279/5/6
f 5279/5/6 5277/5/6 5280/5/6
f 5278/5/6 5279/5/6 5284/5/6
f 5284/5/6 5279/5/6 5285/5/6
f 5280/5/6 5281/5/6 5286/5/6
f 5286/5/6 5281/5/6 5287/5/6
f 5282/5/6 5283/5/6 5291/5/6
f 5291/5/6 5283/5/6 5292/5/6
f 5288/5/6 5289/5/6 5293/5/6
f 5293/5/6 5289/5/6 5294/5/6
f 5290/5/6 5291/5/6 5296/5/6
f 5296/5/6 5291/5/6 5297/5/6
f 5294/5/6 5295/5/6 5298/5/6
f 5298/5/6 5295/5/6 5299/5/6
f 5300/5/6 5301/5/6 5309/5/6
f 5309/5/6 5301/5/6 5310/5/6
f 5302/4/6 5303/4/6 5311/4/6
f 5311/4/6 5303/4/6 5312/4/6
f 5304/4/6 5305/4/6 5313/4/6
f 5313/4/6 5305/4/6 5314/4/6
f 5306/5/6 5307/5/6 5315/5/6
f 5315/5/6 5307/5/6 5316/5/6
f 5308/5/6 5309/5/6 5318/5/6
f 5318/5/6 5309/5/6 5319/5/6
f 5316/5/6 5317/5/6 5320/5/6
f 5320/5/6 5317/5/6 5321/5/6
f 5322/5/6 5323/5/6 5326/5/6
f 5326/5/6 5323/5/6 5327/5/6
f 5324/5/6 5325/5/6 5332/5/6
f 5332/5/6 5325/5/6 5333/5/6
f 5328/5/6 5329/5/6 5334/5/6
f 5334/5/6 5329/5/6 5335/5/6
f 5330/5/6 5331/5/6 5336/5/6
f 5336/5/6 5331/5/6 5337/5/6
f 5338/5/6 5339/5/6 5342/5/6
f 5342/5/6 5339/5/6 5343/5/6
f 5340/5/6 5341/5/6 5350/5/6
f 5350/5/6 5341/5/6 5351/5/6
f 5344/5/6 5345/5/6 5352/5/6
f 5352/5/6 5345/5/6 5353/5/6
f 5346/2/6 5347/2/6 5354/2/6
f 5354/2/6 5347/2/6 5355/2/6
f 5348/2/6 5349/2/6 5356/2/6
f 5356/2/6 5349/2/6 5357/2/6
f 5358/5/6 5359/5/6 5363/5/6
f 5363/5/6 5359/5/6 5364/5/6
f 5360/5/6 5361/5/6 5365/5/6
f 5365/5/6 5361/5/6 5366/5/6
f 5362/5/6 5363/5/6 5369/5/6
f 5369/5/6 5363/5/6 5370/5/6
f 5366/5/6 5367/5/6 5371/5/6
f 5371/5/6 5367/5/6 5372/5/6
f 5368/5/6 5369/5/6 5375/5/6
f 5375/5/6 5369/5/6 5376/5/6
f 5372/5/6 5373/5/6 5377/5/6
f 5377/5/6 5373/5/6 5378/5/6
f 5374/5/6 5375/5/6 5380/5/6
f 5378/5/6 5379/5/6 5383/5/6
f 5380/5/6 5381/5/6 5384/5/6
f 5374/5/6 5380/5/6 5384/5/6
f 5384/5/6 5381/5/6 5385/5/6
f 5382/5/6 5383/5/6 5386/5/6
f 5383/5/6 5379/5/6 5386/5/6
f 5386/5/6 5379/5/6 5387/5/6
f 5385/5/6 5381/5/6 5388/5/6
f 5388/5/6 5381/5/6 5389/5/6
f 5382/5/6 5386/5/6 5392/5/6
f 5392/5/6 5386/5/6 5393/5/6
f 5389/5/6 5390/5/6 5394/5/6
f 5394/5/6 5390/5/6 5395/5/6
f 5391/5/6 5392/5/6 5400/5/6
f 5400/5/6 5392/5/6 5401/5/6
f 5396/5/6 5397/5/6 5402/5/6
f 5402/5/6 5397/5/6 5403/5/6
f 5398/5/6 5399/5/6 5406/5/6
f 5406/5/6 5399/5/6 5407/5/6
f 5404/5/6 5405/5/6 5408/5/6
f 5408/5/6 5405/5/6 5409/5/6
f 5410/5/6 5411/5/6 5416/5/6
f 5416/5/6 5411/5/6 5417/5/6
f 5412/5/6 5413/5/6 5418/5/6
f 5418/5/6 5413/5/6 5419/5/6
f 5414/5/6 5415/5/6 5423/5/6
f 5423/5/6 5415/5/6 5424/5/6
f 5420/5/6 5421/5/6 5429/5/6
f 5429/5/6 5421/5/6 5430/5/6
f 5422/5/6 5423/5/6 5433/5/6
f 5433/5/6 5423/5/6 5434/5/6
f 5425/5/6 5426/5/6 5435/5/6
f 5435/5/6 5426/5/6 5436/5/6
f 5427/5/6 5428/5/6 5437/5/6
f 5437/5/6 5428/5/6 5438/5/6
f 5430/5/6 5431/5/6 5439/5/6
f 5439/5/6 5431/5/6 5440/5/6
f 5432/5/6 5433/5/6 5443/5/6
f 5443/5/6 5433/5/6 5444/5/6
f 5440/5/6 5441/5/6 5445/5/6
f 5445/5/6 5441/5/6 5446/5/6
f 5442/5/6 5443/5/6 5448/5/6
f 5448/5/6 5443/5/6 5449/5/6
f 5446/5/6 5447/5/6 5452/5/6
f 5452/5/6 5447/5/6 5453/5/6
f 5449/5/6 5450/5/6 5454/5/6
f 5454/5/6 5450/5/6 5455/5/6
f 5451/5/6 5452/5/6 5456/5/6
f 5456/5/6 5452/5/6 5457/5/6
f 5458/5/6 5459/5/6 5462/5/6
f 5462/5/6 5459/5/6 5463/5/6
f 5460/5/6 5461/5/6 5468/5/6
f 5468/5/6 5461/5/6 5469/5/6
f 5464/5/6 5465/5/6 5470/5/6
f 5470/5/6 5465/5/6 5471/5/6
f 5466/5/6 5467/5/6 5472/5/6
f 5472/5/6 5467/5/6 5473/5/6
f 5474/5/6 5475/5/6 5478/5/6
f 5478/5/6 5475/5/6 5479/5/6
f 5476/5/6 5477/5/6 5482/5/6
f 5482/5/6 5477/5/6 5483/5/6
f 5480/5/6 5481/5/6 5484/5/6
f 5484/5/6 5481/5/6 5485/5/6
f 5486/5/6 5487/5/6 5491/5/6
f 5491/5/6 5487/5/6 5492/5/6
f 5488/5/6 5489/5/6 5493/5/6
f 5493/5/6 5489/5/6 5494/5/6
f 5490/5/6 5491/5/6 5497/5/6
f 5497/5/6 5491/5/6 5498/5/6
f 5494/5/6 5495/5/6 5499/5/6
f 5499/5/6 5495/5/6 5500/5/6
f 5496/5/6 5497/5/6 5502/5/6
f 5502/5/6 5497/5/6 5503/5/6
f 5500/5/6 5501/5/6 5506/5/6
f 5506/5/6 5501/5/6 5507/5/6
f 5503/5/6 5504/5/6 5508/5/6
f 5505/5/6 5506/5/6 5511/5/6
f 5508/5/6 5509/5/6 5512/5/6
f 5503/5/6 5508/5/6 5512/5/6
f 5512/5/6 5509/5/6 5513/5/6
f 5513/5/6 5509/5/6 5514/5/6
f 5510/5/6 5511/5/6 5517/5/6
f 5511/5/6 5506/5/6 5518/5/6
f 5517/5/6 5511/5/6 5518/5/6
f 5518/5/6 5506/5/6 5519/5/6
f 5514/5/6 5515/5/6 5520/5/6
f 5513/5/6 5514/5/6 5520/5/6
f 5520/5/6 5515/5/6 5521/5/6
f 5516/5/6 5517/5/6 5524/5/6
f 5517/5/6 5518/5/6 5524/5/6
f 5524/5/6 5518/5/6 5525/5/6
f 5522/5/6 5523/5/6 5526/5/6
f 5526/5/6 5523/5/6 5527/5/6
f 5528/5/6 5529/5/6 5534/5/6
f 5534/5/6 5529/5/6 5535/5/6
f 5530/5/6 5531/5/6 5536/5/6
f 5536/5/6 5531/5/6 5537/5/6
f 5532/5/6 5533/5/6 5541/5/6
f 5541/5/6 5533/5/6 5542/5/6
f 5538/5/6 5539/5/6 5543/5/6
f 5543/5/6 5539/5/6 5544/5/6
f 5540/5/6 5541/5/6 5547/5/6
f 5547/5/6 5541/5/6 5548/5/6
f 5544/5/6 5545/5/6 5549/5/6
f 5549/5/6 5545/5/6 5550/5/6
f 5546/5/6 5547/5/6 5552/5/6
f 5552/5/6 5547/5/6 5553/5/6
f 5550/5/6 5551/5/6 5556/5/6
f 5556/5/6 5551/5/6 5557/5/6
f 5553/5/6 5554/5/6 5558/5/6
f 5558/5/6 5554/5/6 5559/5/6
f 5555/5/6 5556/5/6 5562/5/6
f 5562/5/6 5556/5/6 5563/5/6
f 5559/5/6 5560/5/6 5564/5/6
f 5564/5/6 5560/5/6 5565/5/6
f 5561/5/6 5562/5/6 5566/5/6
f 5566/5/6 5562/5/6 5567/5/6
f 5565/5/6 5566/5/6 5568/5/6
f 5568/5/6 5566/5/6 5569/5/6
f 5570/5/6 5571/5/6 5573/5/6
f 5573/5/6 5571/5/6 5574/5/6
f 5572/5/6 5573/5/6 5576/5/6
f 5576/5/6 5573/5/6 5577/5/6
f 5574/5/6 5575/5/6 5578/5/6
f 5578/5/6 5575/5/6 5579/5/6
f 5580/5/6 5581/5/6 5585/5/6
f 5585/5/6 5581/5/6 5586/5/6
f 5582/5/6 5583/5/6 5587/5/6
f 5587/5/6 5583/5/6 5588/5/6
f 5584/5/6 5585/5/6 5590/5/6
f 5590/5/6 5585/5/6 5591/5/6
f 5588/5/6 5589/5/6 5594/5/6
f 5594/5/6 5589/5/6 5595/5/6
f 5591/5/6 5592/5/6 5596/5/6
f 5593/5/6 5594/5/6 5599/5/6
f 5596/5/6 5597/5/6 5600/5/6
f 5591/5/6 5596/5/6 5600/5/6
f 5600/5/6 5597/5/6 5601/5/6
f 5601/5/6 5597/5/6 5602/5/6
f 5598/5/6 5599/5/6 5603/5/6
f 5599/5/6 5594/5/6 5604/5/6
f 5603/5/6 5599/5/6 5604/5/6
f 5604/5/6 5594/5/6 5605/5/6
f 5601/5/6 5602/5/6 5606/5/6
f 5602/5/6 5603/5/6 5606/5/6
f 5603/5/6 5604/5/6 5606/5/6
f 5606/5/6 5604/5/6 5607/5/6
f 5608/5/6 5609/5/6 5612/5/6
f 5612/5/6 5609/5/6 5613/5/6
f 5610/5/6 5611/5/6 5616/5/6
f 5616/5/6 5611/5/6 5617/5/6
f 5614/5/6 5615/5/6 5618/5/6
f 5618/5/6 5615/5/6 5619/5/6
f 5620/5/6 5621/5/6 5624/5/6
f 5624/5/6 5621/5/6 5625/5/6
f 5622/5/6 5623/5/6 5628/5/6
f 5628/5/6 5623/5/6 5629/5/6
f 5625/5/6 5626/5/6 5630/5/6
f 5630/5/6 5626/5/6 5631/5/6
f 5627/5/6 5628/5/6 5632/5/6
f 5632/5/6 5628/5/6 5633/5/6
f 5631/5/6 5632/5/6 5634/5/6
f 5634/5/6 5632/5/6 5635/5/6
f 5636/2/6 5637/2/6 5641/2/6
f 5641/2/6 5637/2/6 5642/2/6
f 5638/2/6 5639/2/6 5643/2/6
f 5643/2/6 5639/2/6 5644/2/6
f 5640/2/6 5641/2/6 5646/2/6
f 5646/2/6 5641/2/6 5647/2/6
f 5644/2/6 5645/2/6 5648/2/6
f 5648/2/6 5645/2/6 5649/2/6
f 5650/2/6 5651/2/6 5654/2/6
f 5654/2/6 5651/2/6 5655/2/6
f 5652/2/6 5653/2/6 5658/2/6
f 5658/2/6 5653/2/6 5659/2/6
f 5655/2/6 5656/2/6 5660/2/6
f 5660/2/6 5656/2/6 5661/2/6
f 5657/2/6 5658/2/6 5664/2/6
f 5664/2/6 5658/2/6 5665/2/6
f 5661/2/6 5662/2/6 5666/2/6
f 5666/2/6 5662/2/6 5667/2/6
f 5663/2/6 5664/2/6 5668/2/6
f 5668/2/6 5664/2/6 5669/2/6
f 5670/2/6 5671/2/6 5674/2/6
f 5674/2/6 5671/2/6 5675/2/6
f 5672/2/6 5673/2/6 5676/2/6
f 5676/2/6 5673/2/6 5677/2/6
f 5678/5/6 5679/5/6 5680/5/6
f 5680/5/6 5679/5/6 5681/5/6
f 5686/2/6 5687/2/6 5690/2/6
f 5690/2/6 5687/2/6 5691/2/6
f 5688/2/6 5689/2/6 5694/2/6
f 5694/2/6 5689/2/6 5695/2/6
f 5682/5/6 5683/5/6 5696/5/6
f 5696/5/6 5683/5/6 5697/5/6
f 5684/5/6 5685/5/6 5698/5/6
f 5698/5/6 5685/5/6 5699/5/6
f 5691/2/6 5692/2/6 5700/2/6
f 5700/2/6 5692/2/6 5701/2/6
f 5693/2/6 5694/2/6 5702/2/6
f 5702/2/6 5694/2/6 5703/2/6
f 5697/5/6 5698/5/6 5704/5/6
f 5704/5/6 5698/5/6 5705/5/6
f 5701/2/6 5702/2/6 5706/2/6
f 5706/2/6 5702/2/6 5707/2/6
f 5708/2/6 5709/2/6 5712/2/6
f 5712/2/6 5709/2/6 5713/2/6
f 5710/2/6 5711/2/6 5717/2/6
f 5717/2/6 5711/2/6 5718/2/6
f 5714/2/6 5715/2/6 5719/2/6
f 5719/2/6 5715/2/6 5720/2/6
f 5716/2/6 5717/2/6 5726/2/6
f 5726/2/6 5717/2/6 5727/2/6
f 5720/2/6 5721/2/6 5728/2/6
f 5728/2/6 5721/2/6 5729/2/6
f 5722/2/6 5723/2/6 5730/2/6
f 5730/2/6 5723/2/6 5731/2/6
f 5724/2/6 5725/2/6 5732/2/6
f 5732/2/6 5725/2/6 5733/2/6
f 5734/2/6 5735/2/6 5738/2/6
f 5738/2/6 5735/2/6 5739/2/6
f 5736/2/6 5737/2/6 5744/2/6
f 5744/2/6 5737/2/6 5745/2/6
f 5740/2/6 5741/2/6 5746/2/6
f 5746/2/6 5741/2/6 5747/2/6
f 5742/2/6 5743/2/6 5748/2/6
f 5748/2/6 5743/2/6 5749/2/6
f 5747/2/6 5748/2/6 5750/2/6
f 5750/2/6 5748/2/6 5751/2/6
f 5752/2/6 5753/2/6 5755/2/6
f 5755/2/6 5753/2/6 5756/2/6
f 5756/2/6 5753/2/6 5757/2/6
f 5757/2/6 5753/2/6 5758/2/6
f 5754/2/6 5755/2/6 5760/2/6
f 5755/2/6 5756/2/6 5760/2/6
f 5760/2/6 5756/2/6 5761/2/6
f 5761/2/6 5756/2/6 5762/2/6
f 5762/2/6 5756/2/6 5763/2/6
f 5758/2/6 5759/2/6 5764/2/6
f 5757/2/6 5758/2/6 5764/2/6
f 5764/2/6 5759/2/6 5765/2/6
f 5765/2/6 5759/2/6 5766/2/6
f 5766/2/6 5759/2/6 5767/2/6
f 5768/4/6 5769/4/6 5770/4/6
f 5770/4/6 5769/4/6 5771/4/6
f 5761/2/6 5762/2/6 5773/2/6
f 5773/2/6 5762/2/6 5774/2/6
f 5765/2/6 5766/2/6 5777/2/6
f 5777/2/6 5766/2/6 5778/2/6
f 5774/2/6 5775/2/6 5780/2/6
f 5772/2/6 5773/2/6 5780/2/6
f 5773/2/6 5774/2/6 5780/2/6
f 5780/2/6 5775/2/6 5781/2/6
f 5781/2/6 5775/2/6 5782/2/6
f 5778/2/6 5779/2/6 5783/2/6
f 5777/2/6 5778/2/6 5783/2/6
f 5776/2/6 5777/2/6 5783/2/6
f 5783/2/6 5779/2/6 5784/2/6
f 5784/2/6 5779/2/6 5785/2/6
f 5781/2/6 5782/2/6 5786/2/6
f 5783/2/6 5784/2/6 5786/2/6
f 5782/2/6 5783/2/6 5786/2/6
f 5786/2/6 5784/2/6 5787/2/6
f 5788/2/6 5789/2/6 5793/2/6
f 5793/2/6 5789/2/6 5794/2/6
f 5790/2/6 5791/2/6 5802/2/6
f 5802/2/6 5791/2/6 5803/2/6
f 5792/2/6 5793/2/6 5804/2/6
f 5793/2/6 5794/2/6 5804/2/6
f 5794/2/6 5795/2/6 5804/2/6
f 5804/2/6 5795/2/6 5805/2/6
f 5805/2/6 5795/2/6 5806/2/6
f 5806/2/6 5795/2/6 5807/2/6
f 5796/2/6 5797/2/6 5808/2/6
f 5808/2/6 5797/2/6 5809/2/6
f 5800/2/6 5801/2/6 5810/2/6
f 5799/2/6 5800/2/6 5810/2/6
f 5798/2/6 5799/2/6 5810/2/6
f 5810/2/6 5801/2/6 5811/2/6
f 5811/2/6 5801/2/6 5812/2/6
f 5812/2/6 5801/2/6 5813/2/6
f 5805/2/6 5806/2/6 5814/2/6
f 5814/2/6 5806/2/6 5815/2/6
f 5811/2/6 5812/2/6 5816/2/6
f 5816/2/6 5812/2/6 5817/2/6
f 5817/2/6 5812/2/6 5818/2/6
f 5818/2/6 5812/2/6 5819/2/6
f 5817/2/6 5818/2/6 5820/2/6
f 5820/2/6 5818/2/6 5821/2/6
f 5822/4/6 5823/4/6 5826/4/6
f 5826/4/6 5823/4/6 5827/4/6
f 5824/4/6 5825/4/6 5828/4/6
f 5828/4/6 5825/4/6 5829/4/6
f 5830/2/6 5831/2/6 5834/2/6
f 5834/2/6 5831/2/6 5835/2/6
f 5832/2/6 5833/2/6 5838/2/6
f 5838/2/6 5833/2/6 5839/2/6
f 5835/2/6 5836/2/6 5840/2/6
f 5840/2/6 5836/2/6 5841/2/6
f 5837/2/6 5838/2/6 5842/2/6
f 5842/2/6 5838/2/6 5843/2/6
f 5841/2/6 5842/2/6 5844/2/6
f 5844/2/6 5842/2/6 5845/2/6
f 5846/2/6 5847/2/6 5850/2/6
f 5850/2/6 5847/2/6 5851/2/6
f 5848/2/6 5849/2/6 5854/2/6
f 5854/2/6 5849/2/6 5855/2/6
f 5851/2/6 5852/2/6 5856/2/6
f 5856/2/6 5852/2/6 5857/2/6
f 5853/2/6 5854/2/6 5858/2/6
f 5858/2/6 5854/2/6 5859/2/6
f 5860/2/6 5861/2/6 5864/2/6
f 5864/2/6 5861/2/6 5865/2/6
f 5862/2/6 5863/2/6 5866/2/6
f 5866/2/6 5863/2/6 5867/2/6
f 5868/2/6 5869/2/6 5872/2/6
f 5872/2/6 5869/2/6 5873/2/6
f 5870/2/6 5871/2/6 5874/2/6
f 5874/2/6 5871/2/6 5875/2/6
f 5876/2/6 5877/2/6 5880/2/6
f 5880/2/6 5877/2/6 5881/2/6
f 5878/2/6 5879/2/6 5882/2/6
f 5882/2/6 5879/2/6 5883/2/6
f 5881/2/6 5882/2/6 5884/2/6
f 5884/2/6 5882/2/6 5885/2/6
f 5886/2/6 5887/2/6 5888/2/6
f 5888/2/6 5887/2/6 5889/2/6
f 5890/2/6 5891/2/6 5894/2/6
f 5894/2/6 5891/2/6 5895/2/6
f 5892/2/6 5893/2/6 5896/2/6
f 5896/2/6 5893/2/6 5897/2/6
f 5898/2/6 5899/2/6 5902/2/6
f 5902/2/6 5899/2/6 5903/2/6
f 5900/2/6 5901/2/6 5904/2/6
f 5904/2/6 5901/2/6 5905/2/6
f 5910/2/6 5911/2/6 5912/2/6
f 5912/2/6 5911/2/6 5913/2/6
f 5913/2/6 5911/2/6 5914/2/6
f 5914/2/6 5911/2/6 5915/2/6
f 5906/2/6 5907/2/6 5916/2/6
f 5916/2/6 5907/2/6 5917/2/6
f 5908/2/6 5909/2/6 5918/2/6
f 5918/2/6 5909/2/6 5919/2/6
f 5913/2/6 5914/2/6 5920/2/6
f 5920/2/6 5914/2/6 5921/2/6
f 5922/2/6 5923/2/6 5926/2/6
f 5926/2/6 5923/2/6 5927/2/6
f 5924/2/6 5925/2/6 5928/2/6
f 5928/2/6 5925/2/6 5929/2/6
f 5930/2/6 5931/2/6 5932/2/6
f 5932/2/6 5931/2/6 5933/2/6
f 5934/2/6 5935/2/6 5942/2/6
f 5942/2/6 5935/2/6 5943/2/6
f 5936/2/6 5937/2/6 5944/2/6
f 5944/2/6 5937/2/6 5945/2/6
f 5938/2/6 5939/2/6 5946/2/6
f 5946/2/6 5939/2/6 5947/2/6
f 5947/2/6 5939/2/6 5948/2/6
f 5940/2/6 5941/2/6 5949/2/6
f 5949/2/6 5941/2/6 5950/2/6
f 5950/2/6 5941/2/6 5951/2/6
f 5947/2/6 5948/2/6 5952/2/6
f 5949/2/6 5950/2/6 5952/2/6
f 5948/2/6 5949/2/6 5952/2/6
f 5952/2/6 5950/2/6 5953/2/6
f 5953/2/6 5950/2/6 5954/2/6
f 5954/2/6 5950/2/6 5955/2/6
f 5953/2/6 5954/2/6 5957/2/6
f 5957/2/6 5954/2/6 5958/2/6
f 5956/2/6 5957/2/6 5960/2/6
f 5960/2/6 5957/2/6 5961/2/6
f 5958/2/6 5959/2/6 5962/2/6
f 5962/2/6 5959/2/6 5963/2/6
f 5964/2/6 5965/2/6 5968/2/6
f 5968/2/6 5965/2/6 5969/2/6
f 5966/2/6 5967/2/6 5972/2/6
f 5972/2/6 5967/2/6 5973/2/6
f 5974/2/6 5975/2/6 5978/2/6
f 5978/2/6 5975/2/6 5979/2/6
f 5969/2/6 5970/2/6 5980/2/6
f 5980/2/6 5970/2/6 5981/2/6
f 5971/2/6 5972/2/6 5982/2/6
f 5982/2/6 5972/2/6 5983/2/6
f 5976/2/6 5977/2/6 5984/2/6
f 5984/2/6 5977/2/6 5985/2/6
f 5986/2/6 5987/2/6 5990/2/6
f 5990/2/6 5987/2/6 5991/2/6
f 5988/2/6 5989/2/6 5992/2/6
f 5992/2/6 5989/2/6 5993/2/6
f 5991/2/6 5987/2/6 5994/2/6
f 5994/2/6 5987/2/6 5995/2/6
f 5988/2/6 5992/2/6 5996/2/6
f 5996/2/6 5992/2/6 5997/2/6
f 5998/2/6 5999/2/6 6002/2/6
f 6002/2/6 5999/2/6 6003/2/6
f 6000/2/6 6001/2/6 6004/2/6
f 6004/2/6 6001/2/6 6005/2/6
f 6006/2/6 6007/2/6 6010/2/6
f 6010/2/6 6007/2/6 6011/2/6
f 6008/2/6 6009/2/6 6012/2/6
f 6012/2/6 6009/2/6 6013/2/6
f 6014/2/6 6015/2/6 6019/2/6
f 6019/2/6 6015/2/6 6020/2/6
f 6016/2/6 6017/2/6 6021/2/6
f 6021/2/6 6017/2/6 6022/2/6
f 6018/2/6 6019/2/6 6024/2/6
f 6024/2/6 6019/2/6 6025/2/6
f 6022/2/6 6023/2/6 6026/2/6
f 6026/2/6 6023/2/6 6027/2/6
f 6028/2/6 6029/2/6 6032/2/6
f 6032/2/6 6029/2/6 6033/2/6
f 6030/2/6 6031/2/6 6034/2/6
f 6034/2/6 6031/2/6 6035/2/6
f 6036/2/6 6037/2/6 6040/2/6
f 6040/2/6 6037/2/6 6041/2/6
f 6038/2/6 6039/2/6 6042/2/6
f 6042/2/6 6039/2/6 6043/2/6
